record_id,source,doi,title,year,status,matched_rule,matched_record_id,matched_source
S_1,Scopus,10.1016/j.jep.2025.119319,Glycyrrhiza uralensis Fisch. Attenuates Dioscorea bulbifera L.-induced liver injury by regulating the FXR/Nrf2-BAs-related proteins and intestinal microbiota,2025,removed as duplicate,exact DOI match,W_529,WoS
S_2,Scopus,10.1186/s12935-025-03673-6,"Inflammation, microbiota, and pancreatic cancer",2025,removed as duplicate,exact DOI match,W_296,WoS
S_3,Scopus,10.3389/fonc.2025.1630726,From dysbiosis to precision therapy: decoding the gut-bladder axis in bladder carcinogenesis,2025,removed as duplicate,exact DOI match,W_117,WoS
S_4,Scopus,10.1186/s10020-025-01166-w,"Role of the oral-gut microbiota axis in pancreatic cancer: a new perspective on tumor pathophysiology, diagnosis, and treatment",2025,removed as duplicate,exact DOI match,W_343,WoS
S_6,Scopus,10.1002/bab.2738,Genetically Engineered Bacteria as a Promising Therapeutic Strategy Against Cancer: A Comprehensive Review,2025,removed as duplicate,exact DOI match,W_649,WoS
S_8,Scopus,10.1152/ajpcell.00201.2024,Targeting the gut and tumor microbiome in cancer treatment resistance,2024,removed as duplicate,exact DOI match,W_216,WoS
S_10,Scopus,10.1186/s12935-025-03641-0,Application prospects of ferroptosis in colorectal cancer,2025,removed as duplicate,exact DOI match,W_630,WoS
S_12,Scopus,10.1002/jev2.70070,Fusobacterium nucleatum-Derived Outer Membrane Vesicles Promote Immunotherapy Resistance via Changes in Tryptophan Metabolism in Tumour-Associated Macrophages,2025,removed as duplicate,exact DOI match,W_762,WoS
S_13,Scopus,10.1093/ibd/izad195,Management of Perianal Fistulizing Crohn’s Disease,2024,removed as duplicate,exact DOI match,W_775,WoS
S_14,Scopus,10.1016/j.nutres.2025.07.007,Harnessing dietary polyunsaturated fatty acids through gut microbiota to enhance ferroptosis in breast cancer therapy,2025,removed as duplicate,exact DOI match,W_137,WoS
S_16,Scopus,10.1016/j.actbio.2025.06.008,Sonosensitizer-doped framework theranostic nanoprobe for enhanced spatiotemporal eradication of helicobacter pylori with photoacoustic imaging guidance,2025,removed as duplicate,exact DOI match,W_547,WoS
S_19,Scopus,10.1136/bmjopen-2024-097802,"Protocol: Faecal microbiota transfer in liver cancer to overcome resistance to atezolizumab/bevacizumab – a multicentre, randomised, placebo-controlled, double-blind phase II trial (the FLORA trial)",2025,removed as duplicate,exact DOI match,W_355,WoS
S_20,Scopus,10.3389/fcimb.2025.1528578,Saussurea costus alleviates ulcerative colitis by regulating the gut microbiota and improving intestinal barrier integrity,2025,removed as duplicate,exact DOI match,W_599,WoS
S_27,Scopus,10.3390/nu17223591,Precision Delivery of Active Compounds from Edible and Medicinal Plants via Gut Microbiota Targeting: A New Paradigm for Cancer Immunotherapy,2025,removed as duplicate,exact DOI match,W_145,WoS
S_28,Scopus,10.1016/j.mtbio.2025.102493,Microbiota-directed lactic acid depleting nanoenzyme reactivates antitumor immunity and chemosensitivity in hypoxic tumor,2025,removed as duplicate,exact DOI match,W_823,WoS
S_29,Scopus,10.1002/mnfr.70152,Sodium Butyrate Enhances 5-Fluorouracil Sensitivity Through Thymidylate Synthase Regulation and Cell-Cycle Modulation in Gastric Cancer,2025,removed as duplicate,exact DOI match,W_889,WoS
S_30,Scopus,10.1097/dcr.0000000000003207,Evidence-Based Approach to Chronic Antibiotic Refractory Pouchitis: A Review,2024,removed as duplicate,exact DOI match,W_597,WoS
S_31,Scopus,10.3389/fimmu.2025.1620895,Molecular pathology of lymphoma and its treatment strategies: from mechanistic elucidation to precision medicine,2025,removed as duplicate,exact DOI match,W_442,WoS
S_33,Scopus,10.1007/s12016-025-09105-7,PD-1/PD-L1 Cancer Immunotherapeutics Reshape Tumor Microenvironment – Clinical Evidence and Molecular Mechanisms for AI-based Precision Medicine,2025,removed as duplicate,exact DOI match,W_98,WoS
S_35,Scopus,10.3892/mmr.2025.13456,Potential of lactylation as a therapeutic target in cancer treatment (Review),2025,removed as duplicate,exact DOI match,W_698,WoS
S_38,Scopus,10.32604/or.2025.067824,"Immune Checkpoint Inhibitors Combined with Oncolytic Virotherapy: Synergy, Heterogeneity, and Safety in Cancer Treatment",2025,removed as duplicate,exact DOI match,W_93,WoS
S_39,Scopus,10.3390/cancers16244132,Metabolites in the Dance: Deciphering Gut-Microbiota-Mediated Metabolic Reprogramming of the Breast Tumor Microenvironment,2024,removed as duplicate,exact DOI match,W_245,WoS
S_43,Scopus,10.1016/j.ijpharm.2024.123810,Oral probiotics microgel plus Galunisertib reduced TGF-β blockade resistance and enhanced anti-tumor immune responses in colorectal cancer,2024,removed as duplicate,exact DOI match,W_416,WoS
S_45,Scopus,10.1007/s12602-024-10405-1,"Probiotic Mixture Attenuates Colorectal Tumorigenesis in Murine AOM/DSS Model by Suppressing STAT3, Inducing Apoptotic p53 and Modulating Gut Microbiota",2025,removed as duplicate,exact DOI match,W_665,WoS
S_46,Scopus,10.3389/fimmu.2025.1604216,Trends and hotspots in research related to tumor immune escape: bibliometric analysis and future perspectives,2025,removed as duplicate,exact DOI match,W_128,WoS
S_47,Scopus,10.1007/s12032-025-03042-3,"Next-generation oncology: integrative therapeutic frontiers at the crossroads of precision genomics, immuno-engineering, and tumor microenvironment modulation",2025,removed as duplicate,exact DOI match,W_747,WoS
S_48,Scopus,10.3390/cancers17132238,Role of Human Microbiome in Development and Management of Head and Neck Squamous Cell Carcinoma,2025,removed as duplicate,exact DOI match,W_154,WoS
S_50,Scopus,10.3390/cancers16213707,The Influence of the Microbiome on the Complications of Radiotherapy and Its Effectiveness in Patients with Laryngeal Cancer,2024,removed as duplicate,exact DOI match,W_492,WoS
S_51,Scopus,10.1097/cco.0000000000001188,Predictors of response to CD19 chimeric antigen receptor T-cell therapy in large B-cell lymphoma: a consolidated review,2025,removed as duplicate,exact DOI match,W_921,WoS
S_53,Scopus,10.3390/cancers17172794,Targeting the Tumor Immune Microenvironment in Triple-Negative Breast Cancer: The Promise of Polyphenols,2025,removed as duplicate,exact DOI match,W_777,WoS
S_54,Scopus,10.3389/fnut.2025.1696289,Bioactive components and delivery strategies of food-medicine homologous substances in lung cancer therapy: current advances and clinical translation,2025,removed as duplicate,exact DOI match,W_772,WoS
S_55,Scopus,10.2174/0109298673409273251103055503,Ferroptosis Targeting by β-Sitosterol in Cervical Cancer Radiotherapy,2025,removed as duplicate,exact DOI match,W_847,WoS
S_57,Scopus,10.1016/j.drudis.2025.104528,Strategic modulation of the gastrointestinal microbiome to enhance pancreatic cancer immunotherapy,2025,removed as duplicate,exact DOI match,W_276,WoS
S_58,Scopus,10.3389/fcimb.2025.1586442,The activity of cell-free supernatant of Lactobacillus crispatus M247: a promising treatment against vaginal infections,2025,removed as duplicate,exact DOI match,W_878,WoS
S_59,Scopus,10.1097/md.0000000000038991,Immunotherapy for renal cell carcinoma: New therapeutic combinations and adverse event management strategies A review,2024,removed as duplicate,exact DOI match,W_125,WoS
S_60,Scopus,10.3390/ijms26125521,"Oleocanthal as a Multifunctional Anti-Cancer Agent: Mechanistic Insights, Advanced Delivery Strategies, and Synergies for Precision Oncology",2025,removed as duplicate,exact DOI match,W_381,WoS
S_62,Scopus,10.1152/ajpcell.00412.2025,Strategies for overcoming ABC transporter-mediated multidrug resistance in colorectal cancer,2025,removed as duplicate,exact DOI match,W_287,WoS
S_65,Scopus,10.1016/j.xcrm.2023.101355,Multi-omics of the gut microbial ecosystem in patients with microsatellite-instability-high gastrointestinal cancer resistant to immunotherapy,2024,removed as duplicate,exact DOI match,W_331,WoS
S_70,Scopus,10.1186/s13020-024-01032-7,Potential of natural products and gut microbiome in tumor immunotherapy,2024,removed as duplicate,exact DOI match,W_419,WoS
S_72,Scopus,10.1186/s12964-025-02275-z,Combination strategies of gut microbiota in cancer therapy through metabolic reprogramming and immune remodeling,2025,removed as duplicate,exact DOI match,W_311,WoS
S_73,Scopus,10.1016/j.xcrm.2024.101487,Microbiome bacterial influencers of host immunity and response to immunotherapy,2024,removed as duplicate,exact DOI match,W_88,WoS
S_74,Scopus,10.1002/advs.202413128,The Gut Microbiota Affects Anti-TNF Responsiveness by Activating the NAD+ Salvage Pathway in Ulcerative Colitis,2025,removed as duplicate,exact DOI match,W_396,WoS
S_75,Scopus,10.1080/19490976.2025.2473504,The gut microbiota: an emerging modulator of drug resistance in hepatocellular carcinoma,2025,removed as duplicate,exact DOI match,W_272,WoS
S_78,Scopus,10.1016/j.apsb.2023.11.018,The emerging tumor microbe microenvironment: From delineation to multidisciplinary approach-based interventions,2024,removed as duplicate,exact DOI match,W_568,WoS
S_79,Scopus,10.1016/j.phrs.2023.107033,Baicalin circumvents anti-PD-1 resistance by regulating the gut microbiota metabolite short-chain fatty acids,2024,removed as duplicate,exact DOI match,W_353,WoS
S_80,Scopus,10.3390/biom15081165,Effect of Nematodes-Bacteria Complex Metabolites on Cancer and Tumor Progression,2025,removed as duplicate,exact DOI match,W_518,WoS
S_81,Scopus,10.1007/s11864-025-01343-3,"Revolutionizing Breast Cancer Therapeutics: Intersecting Frontiers of Precision Medicine, Nanotechnology, and Drug Delivery Innovations",2025,removed as duplicate,exact DOI match,W_793,WoS
S_84,Scopus,10.1186/s13099-025-00757-6,Fusobacterium nucleatum and non-coding RNAs: orchestrating oncogenic pathways in colorectal cancer,2025,removed as duplicate,exact DOI match,W_292,WoS
S_85,Scopus,10.1186/s12935-025-03787-x,The human microbiome: redefining cancer pathogenesis and therapy,2025,removed as duplicate,exact DOI match,W_358,WoS
S_86,Scopus,10.1002/med.21989,"The triangular relationship between traditional Chinese medicines, intestinal flora, and colorectal cancer",2024,removed as duplicate,exact DOI match,W_312,WoS
S_87,Scopus,10.1007/s11033-025-10626-9,"Investigating postbiotics as innovative adjuvants: deciphering the gut-breast connection in breast Cancer therapy, from gut microbiome to personalized medicine",2025,removed as duplicate,exact DOI match,W_427,WoS
S_90,Scopus,10.1177/15347354241269870,Targeting the Gut Microbiome to Improve Immunotherapy Outcomes: A Review,2024,removed as duplicate,exact DOI match,W_257,WoS
S_91,Scopus,10.3390/ijms26146954,Analyzing the Blueprint: Exploring the Molecular Profile of Metastasis and Therapeutic Resistance,2025,removed as duplicate,exact DOI match,W_590,WoS
S_94,Scopus,10.1016/j.ebiom.2024.105041,Desulfovibrio desulfuricans and its derived metabolites confer resistance to FOLFOX through METTL3,2024,removed as duplicate,exact DOI match,W_647,WoS
S_96,Scopus,10.3390/medicina61091595,Clinical Evidence for Microbiome-Based Strategies in Cancer Immunotherapy: A State-of-the-Art Review,2025,removed as duplicate,exact DOI match,W_123,WoS
S_97,Scopus,10.3389/fonc.2025.1511560,Expanding horizons of cancer immunotherapy: hopes and hurdles,2025,removed as duplicate,exact DOI match,W_73,WoS
S_98,Scopus,10.1016/j.cmet.2023.11.019,Targeting gut microbial nitrogen recycling and cellular uptake of ammonium to improve bortezomib resistance in multiple myeloma,2024,removed as duplicate,exact DOI match,W_574,WoS
S_99,Scopus,10.1002/jbm.a.37732,Bioengineered carbohydrate polymers for colon-specific drug release: Current trends and future prospects,2024,removed as duplicate,exact DOI match,W_948,WoS
S_100,Scopus,10.21037/tlcr-2025-973,Fecal microbiota transplantation plus immune checkpoint inhibitor rechallenges in patients with advanced non-small cell lung cancer: a single-arm exploratory study,2025,removed as duplicate,exact DOI match,W_165,WoS
S_103,Scopus,10.1039/d4tb02409e,Strategic use of nanomaterials as double-edged therapeutics to control carcinogenesis via regulation of dysbiosis and bacterial infection: current status and future prospects,2025,removed as duplicate,exact DOI match,W_576,WoS
S_104,Scopus,10.1080/14787210.2025.2569831,"Updates on Candida albicans infections: pathogenesis, resistance, and emerging nanopharmaceutical strategies",2025,removed as duplicate,exact DOI match,W_540,WoS
S_109,Scopus,10.1016/j.bpg.2024.101944,The role of the gut microbiome in regulating the response to immune checkpoint inhibitor therapy,2024,removed as duplicate,exact DOI match,W_7,WoS
S_110,Scopus,10.1016/j.ajpath.2024.11.004,"Gut Microbiome and Bile Acid Interactions: Mechanistic Implications for Cholangiocarcinoma Development, Immune Resistance, and Therapy",2025,removed as duplicate,exact DOI match,W_367,WoS
S_111,Scopus,10.1111/febs.17123,"Exploring the human archaeome: its relevance for health and disease, and its complex interplay with the human immune system",2025,removed as duplicate,exact DOI match,W_933,WoS
S_113,Scopus,10.1186/s12896-024-00835-8,Derivation of a novel antimicrobial peptide from the Red Sea Brine Pools modified to enhance its anticancer activity against U2OS cells,2024,removed as duplicate,exact DOI match,W_926,WoS
S_114,Scopus,10.1186/s12943-025-02402-x,Chronic stress: a fourth etiology in tumorigenesis?,2025,removed as duplicate,exact DOI match,W_902,WoS
S_115,Scopus,10.3390/foods13071133,Weissella cibaria Relieves Gut Inflammation Caused by Escherichia coli through Inflammation Modulation and Gut Microbiota Regulation,2024,removed as duplicate,exact DOI match,W_214,WoS
S_117,Scopus,10.1016/j.actbio.2024.06.042,Antibacterial tellurium-containing polycarbonate drug carriers to eliminate intratumor bacteria for synergetic chemotherapy against colorectal cancer,2024,removed as duplicate,exact DOI match,W_945,WoS
S_118,Scopus,10.1158/2326-6066.cir-23-0498,Immune-Related Colitis Is Associated with Fecal Microbial Dysbiosis and Can Be Mitigated by Fecal Microbiota Transplantation,2024,removed as duplicate,exact DOI match,W_172,WoS
S_120,Scopus,10.3390/microorganisms13091980,Microbial Landscapes of the Gut–Biliary Axis: Implications for Benign and Malignant Biliary Tract Diseases,2025,removed as duplicate,exact DOI match,W_279,WoS
S_121,Scopus,10.1186/s13099-024-00660-6,Washed microbiota transplantation stopped recurrent sepsis in a patient with myelofibrosis: a case report,2024,removed as duplicate,exact DOI match,W_607,WoS
S_124,Scopus,10.1016/j.addr.2025.115671,Classic versus innovative strategies for immuno-therapy in pancreatic cancer,2025,removed as duplicate,exact DOI match,W_86,WoS
S_125,Scopus,10.3390/biomedicines13040964,Molecular Alterations in Gastric Intestinal Metaplasia Shed Light on Alteration of Methionine Metabolism: Insight into New Diagnostic and Treatment Approaches,2025,removed as duplicate,exact DOI match,W_616,WoS
S_126,Scopus,10.3389/fmed.2025.1673880,The microbiome as a therapeutic co-driver in melanoma immuno-oncology,2025,removed as duplicate,exact DOI match,W_75,WoS
S_128,Scopus,10.3390/biom15111546,Gut Microbiota and Ferroptosis in Colorectal Cancer: A Comprehensive Review of Mechanisms and Therapeutic Strategies to Overcome Immune Checkpoint Resistance,2025,removed as duplicate,exact DOI match,W_161,WoS
S_130,Scopus,10.1097/md.0000000000044325,From crisis to recovery: A case report on nursing strategies for hepatitis E post-cardiac arrest,2025,removed as duplicate,exact DOI match,W_973,WoS
S_134,Scopus,10.1186/s12879-025-10756-2,Altered KEGG pathways are associated with different immunologic responses to antiretroviral therapy in HIV-infected men who have sex with men,2025,removed as duplicate,exact DOI match,W_794,WoS
S_135,Scopus,10.1007/s11626-025-01058-7,Enhancement of 5-fluorouracil efficacy in colorectal cancer cells through thymidylate synthase inhibition by sodium propionate,2025,removed as duplicate,exact DOI match,W_673,WoS
S_137,Scopus,10.1186/s12885-025-15309-z,Analysis of the predictive effect of gut microbiota changes on the occurrence of chemotherapy resistance in pancreatic cancer patients based on nomogram prediction models,2025,removed as duplicate,exact DOI match,W_449,WoS
S_138,Scopus,10.1097/hep.0000000000000237,Mechanisms of drug resistance in HCC,2024,removed as duplicate,exact DOI match,W_468,WoS
S_139,Scopus,10.3389/fimmu.2025.1575452,Gut dysbiosis in cancer immunotherapy: microbiota-mediated resistance and emerging treatments,2025,removed as duplicate,exact DOI match,W_220,WoS
S_141,Scopus,10.1002/cam4.70994,Gut Microbiota Reshapes the Tumor Microenvironment and Affects the Efficacy of Colorectal Cancer Immunotherapy,2025,removed as duplicate,exact DOI match,W_8,WoS
S_142,Scopus,10.7150/jca.108163,Strategies to Overcome PD-1/PD-L1 Blockade Resistance: Focusing on Combination with Immune Checkpoint Blockades,2025,removed as duplicate,exact DOI match,W_371,WoS
S_143,Scopus,10.1016/j.xcrm.2024.101900,Intestinal Akkermansia muciniphila complements the efficacy of PD1 therapy in MAFLD-related hepatocellular carcinoma,2025,removed as duplicate,exact DOI match,W_109,WoS
S_145,Scopus,10.1021/acs.nanolett.4c03692,Antibiotic-Augmented Chemodynamic Therapy for Treatment of Helicobacter pylori Infection in the Dynamic Stomach Environment,2024,removed as duplicate,exact DOI match,W_374,WoS
S_146,Scopus,10.3390/antiox13121544,"Vanillin Has Potent Antibacterial, Antioxidant, and Anti-Inflammatory Activities In Vitro and in Mouse Colitis Induced by Multidrug-Resistant Escherichia coli",2024,removed as duplicate,exact DOI match,W_645,WoS
S_147,Scopus,10.3389/fmicb.2025.1596900,Bloodstream infections epidemiology and clinical outcomes after 1 year post allogeneic hematogenous stem cell transplantation,2025,removed as duplicate,exact DOI match,W_727,WoS
S_149,Scopus,10.1016/j.xcrm.2025.102370,Phocaeicola vulgatus induces immunotherapy resistance in hepatocellular carcinoma via reducing indoleacetic acid production,2025,removed as duplicate,exact DOI match,W_284,WoS
S_152,Scopus,10.1136/jitc-2025-012659,Improved survival in advanced melanoma patients treated with fecal microbiota transplantation using healthy donor stool in combination with anti-PD1: final results of the MIMic phase 1 trial,2025,removed as duplicate,exact DOI match,W_116,WoS
S_153,Scopus,10.1016/j.mtbio.2025.101920,Synergistic ROS/enzyme dual-responsive oral drug delivery system: A novel multi-mechanistic platform for spatiotemporal control and overcoming drug resistance in colorectal cancer therapy,2025,removed as duplicate,exact DOI match,W_347,WoS
S_154,Scopus,10.1007/s40263-025-01195-3,"Peripheral Immune-Inflammatory Pathways in Major Depressive Disorder, Bipolar Disorder, and Schizophrenia: Exploring Their Potential as Treatment Targets",2025,removed as duplicate,exact DOI match,W_471,WoS
S_157,Scopus,10.5114/aoms/209544,Potential role of microbiota in ovarian cancer treatment,2025,removed as duplicate,exact DOI match,W_339,WoS
S_160,Scopus,10.1158/0008-5472.can-24-1609,"Fungal Influences on Cancer Initiation, Progression, and Response to Treatment",2025,removed as duplicate,exact DOI match,W_784,WoS
S_163,Scopus,10.1016/j.phymed.2025.157559,Shenling Baizhu Powder potentiates immunotherapy response: putative roles of gut microbial remodeling and fatty acid metabolism modulation,2025,removed as duplicate,exact DOI match,W_390,WoS
S_164,Scopus,10.1186/s12943-024-02137-1,"Prostate cancer microenvironment: multidimensional regulation of immune cells, vascular system, stromal cells, and microbiota",2024,removed as duplicate,exact DOI match,W_835,WoS
S_166,Scopus,10.3389/fonc.2025.1525280,Research hotspots and frontiers in the tumor microenvironment of colorectal cancer: a bibliometric study from 2014 to 2024,2025,removed as duplicate,exact DOI match,W_193,WoS
S_168,Scopus,10.1186/s12575-025-00314-0,A Novel Strategy for Enhancing Lung Cancer Immunotherapy Efficacy: Traditional Chinese Medicine Formula Shuyu Pills Enhances Anti-PD-1 Efficacy Via the “GM-ERS-Immunity” Axis,2025,removed as duplicate,exact DOI match,W_208,WoS
S_170,Scopus,10.1177/15330338251331960,"The Gut Microbiome and Its Multifaceted Role in Cancer Metabolism, Initiation, and Progression: Insights and Therapeutic Implications",2025,removed as duplicate,exact DOI match,W_278,WoS
S_171,Scopus,10.1016/j.dnarep.2024.103739,Repair of genomic interstrand crosslinks,2024,removed as duplicate,exact DOI match,W_886,WoS
S_172,Scopus,10.1016/j.jri.2024.104241,"Potential tools for predicting response to chemotherapy in OC: Assessment of immune dysbiosis, participant's self-rated health and microbial dynamics",2024,removed as duplicate,exact DOI match,W_708,WoS
S_173,Scopus,10.1007/s00262-025-04221-x,Research progress in the construction and application of immunotherapy resistance models,2025,removed as duplicate,exact DOI match,W_413,WoS
S_174,Scopus,10.1186/s13046-025-03519-z,Immunotherapy resistance in non-small cell lung cancer: from mechanisms to therapeutic opportunities,2025,removed as duplicate,exact DOI match,W_149,WoS
S_175,Scopus,10.2174/0113892002393013250812093213,Natural Compounds as Potential Therapeutics for Pancreatic Cancer: A Narrative Review,2025,removed as duplicate,exact DOI match,W_611,WoS
S_176,Scopus,10.1016/j.canlet.2025.217975,"Altering the gut microbiome and tumor microenvironment in advanced liver cancer: A phase II study of nivolumab, tadalafil and oral vancomycin in patients with refractory primary hepatocellular carcinoma or liver dominant metastatic cancer from colorectal or pancreatic cancers",2025,removed as duplicate,exact DOI match,W_297,WoS
S_179,Scopus,10.1007/s10495-025-02085-1,Effects of microplastics on chemo-resistance and tumorigenesis of colorectal cancer,2025,removed as duplicate,exact DOI match,W_761,WoS
S_180,Scopus,10.3389/fimmu.2024.1450927,From microbes to medicine: harnessing the power of the microbiome in esophageal cancer,2024,removed as duplicate,exact DOI match,W_244,WoS
S_182,Scopus,10.1038/s41571-024-00908-9,Exploiting bacteria for cancer immunotherapy,2024,removed as duplicate,exact DOI match,W_668,WoS
S_184,Scopus,10.3389/fcimb.2025.1692312,Crosstalk between neutrophil extracellular traps and gut microbiota in ulcerative colitis: traditional Chinese medicine strategies,2025,removed as duplicate,exact DOI match,W_548,WoS
S_190,Scopus,10.1016/j.prp.2024.155387,Fecal microbiome extract downregulates the expression of key proteins at the interface between airway remodelling and lung cancer pathogenesis in vitro,2024,removed as duplicate,exact DOI match,W_603,WoS
S_191,Scopus,10.1038/s41467-024-51534-z,Probiotics functionalized with a gallium-polyphenol network modulate the intratumor microbiota and promote anti-tumor immune responses in pancreatic cancer,2024,removed as duplicate,exact DOI match,W_481,WoS
S_193,Scopus,10.1016/j.xcrm.2023.101376,Tolerance to colibactin correlates with homologous recombination proficiency and resistance to irinotecan in colorectal cancer cells,2024,removed as duplicate,exact DOI match,W_885,WoS
S_194,Scopus,10.1016/j.ijbiomac.2024.136828,Targeting purine metabolism-related enzymes for therapeutic intervention: A review from molecular mechanism to therapeutic breakthrough,2024,removed as duplicate,exact DOI match,W_513,WoS
S_196,Scopus,10.1016/j.jep.2025.119972,Current evidence for Banxia Xiexin decoction in gastrointestinal tumors and future research perspectives,2025,removed as duplicate,exact DOI match,W_707,WoS
S_199,Scopus,10.3389/fimmu.2025.1630940,Breakthroughs in immune checkpoint therapy: overcoming NSCLC immune checkpoint therapy resistance with novel techniques,2025,removed as duplicate,exact DOI match,W_79,WoS
S_200,Scopus,10.1097/cco.0000000000001120,The role of the microbiome in skin cancer development and treatment,2025,removed as duplicate,exact DOI match,W_103,WoS
S_201,Scopus,10.1007/s12032-024-02416-3,Revealing the therapeutic properties of gut microbiota: transforming cancer immunotherapy from basic to clinical approaches,2024,removed as duplicate,exact DOI match,W_215,WoS
S_202,Scopus,10.3390/cells14070540,Insights into Autophagy in Microbiome Therapeutic Approaches for Drug-Resistant Tuberculosis,2025,removed as duplicate,exact DOI match,W_840,WoS
S_203,Scopus,10.1002/cam4.71065,Current Advances and Future Directions for Sensitizing Gastric Cancer to Immune Checkpoint Inhibitors,2025,removed as duplicate,exact DOI match,W_114,WoS
S_204,Scopus,10.14336/ad.2023.0520,MYC Oncogene: A Druggable Target for Treating Cancers with Natural Products,2024,removed as duplicate,exact DOI match,W_719,WoS
S_207,Scopus,10.1016/j.ijbiomac.2025.146911,Identification of Core gene expression alterations regulated by gut microbiota in tumor progression and immunotherapy resistance through integrative pan-cancer analysis,2025,removed as duplicate,exact DOI match,W_433,WoS
S_208,Scopus,10.3389/fimmu.2025.1642091,"Tumor-associated macrophages in colon cancer immunotherapy: mechanisms, natural product interventions, and microenvironment remodeling",2025,removed as duplicate,exact DOI match,W_510,WoS
S_209,Scopus,10.1093/database/baae124,MiCK: A database of gut microbial genes linked with chemoresistance in cancer patients,2024,removed as duplicate,exact DOI match,W_167,WoS
S_211,Scopus,10.1097/md.0000000000036957,Exploring the landscape of drug resistance in gastrointestinal cancer immunotherapy: A review,2024,removed as duplicate,exact DOI match,W_173,WoS
S_212,Scopus,10.3390/microorganisms13122818,Deciphering the Post-Operative Dynamics of Opportunistic Gut Microbiota in Colorectal Cancer Patients,2025,removed as duplicate,exact DOI match,W_423,WoS
S_213,Scopus,10.3390/cancers17223606,The Microbiome and Genitourinary Cancers: A New Frontier,2025,removed as duplicate,exact DOI match,W_191,WoS
S_214,Scopus,10.3390/cancers17203348,"Fusobacteriumnucleatum: Pathophysiological and Clinical Involvement in Inflammatory Bowel Diseases, Colorectal Cancer and Cardiovascular Diseases",2025,removed as duplicate,exact DOI match,W_663,WoS
S_215,Scopus,10.1128/spectrum.02792-24,Gut commensal bacteria influence colorectal cancer development by modulating immune response in AOM/DSS-treated mice,2025,removed as duplicate,exact DOI match,W_192,WoS
S_216,Scopus,10.3390/biomedicines13020339,Probiotic-Derived Metabolites from Lactiplantibacillus plantarum OC01 Reprogram Tumor-Associated Macrophages to an Inflammatory Anti-Tumoral Phenotype: Impact on Colorectal Cancer Cell Proliferation and Migration,2025,removed as duplicate,exact DOI match,W_743,WoS
S_217,Scopus,10.1038/s41467-025-61161-x,Gut microbial bile and amino acid metabolism associate with peanut oral immunotherapy failure,2025,removed as duplicate,exact DOI match,W_532,WoS
S_219,Scopus,10.3389/fimmu.2024.1486592,Tigecycline-induced coagulation gene prognostic prediction model and intestinal flora signature in AML,2024,removed as duplicate,exact DOI match,W_333,WoS
S_220,Scopus,10.2147/dddt.s557114,"Rhubarb: Traditional Uses, Phytochemistry, Multiomics-Based Novel Pharmacological and Toxicological Mechanisms",2025,removed as duplicate,exact DOI match,W_737,WoS
S_223,Scopus,10.3390/jcm14228015,Modulating the Gut Microbiota via Rectal Ozone Insufflation in Gynecological Cancer Patients with Radiotherapy/Chemotherapy-Induced Pelvic Toxicity: A Proposed Clinical Study Protocol,2025,removed as duplicate,exact DOI match,W_438,WoS
S_225,Scopus,10.3389/fphys.2025.1621358,Dual role of lactate in human health and disease,2025,removed as duplicate,exact DOI match,W_409,WoS
S_226,Scopus,10.1007/s00262-025-04118-9,Gut modulation to regulate NF-κB in colorectal and gastric cancer therapy and inflammation,2025,removed as duplicate,exact DOI match,W_211,WoS
S_227,Scopus,10.1016/j.ajg.2025.09.010,Innovative approaches in HELICOBACTER pylori therapy: Clinical trials and advancements in Gastro-Retentive drug delivery systems,2025,removed as duplicate,exact DOI match,W_164,WoS
S_228,Scopus,10.1016/j.chom.2025.05.004,"Bacteroides fragilis promotes chemoresistance in colorectal cancer, and its elimination by phage VA7 restores chemosensitivity",2025,removed as duplicate,exact DOI match,W_286,WoS
S_230,Scopus,10.1128/cmr.00212-24,BCG therapy in bladder cancer and its tumor microenvironment interactions,2025,removed as duplicate,exact DOI match,W_689,WoS
S_232,Scopus,10.1016/j.semcancer.2025.06.012,Advances and mechanisms of gut microbiota modulation in enhancing immune checkpoint inhibitor efficacy,2025,removed as duplicate,exact DOI match,W_14,WoS
S_233,Scopus,10.3390/cancers17050719,The Role of the Gut Microbiota in Modulating Signaling Pathways and Oxidative Stress in Glioma Therapies,2025,removed as duplicate,exact DOI match,W_182,WoS
S_234,Scopus,10.3390/ijms251810120,Immune Checkpoint Inhibitor Therapy for Metastatic Melanoma: What Should We Focus on to Improve the Clinical Outcomes?,2024,removed as duplicate,exact DOI match,W_50,WoS
S_236,Scopus,10.3390/cancers16244271,Insights into the Relationship Between the Gut Microbiome and Immune Checkpoint Inhibitors in Solid Tumors,2024,removed as duplicate,exact DOI match,W_58,WoS
S_237,Scopus,10.3390/pharmaceutics17070820,"Phage Therapy in Managing Multidrug-Resistant (MDR) Infections in Cancer Therapy: Innovations, Complications, and Future Directions",2025,removed as duplicate,exact DOI match,W_697,WoS
S_238,Scopus,10.1186/s12967-024-05564-2,The multifaceted role of the stroma in the healthy prostate and prostate cancer,2024,removed as duplicate,exact DOI match,W_938,WoS
S_239,Scopus,10.1002/advs.202502714,"Mechanistic Foundations of KRAS-Driven Tumor Ecosystems: Integrating Crosstalk among Immune, Metabolic, Microbial, and Stromal Microenvironment",2025,removed as duplicate,exact DOI match,W_395,WoS
S_241,Scopus,10.3390/pathogens14010002,Intratumoral Fusobacterium nucleatum in Pancreatic Cancer: Current and Future Perspectives,2025,removed as duplicate,exact DOI match,W_482,WoS
S_242,Scopus,10.1007/s12672-024-01704-8,Crosstalk between gut microbiota and cancer chemotherapy: current status and trends,2024,removed as duplicate,exact DOI match,W_516,WoS
S_243,Scopus,10.1016/j.trecan.2025.08.005,Host and microbiome lipid metabolism in colorectal cancer development and therapy,2025,removed as duplicate,exact DOI match,W_551,WoS
S_244,Scopus,10.1186/s41065-025-00483-8,METTL3 mediates m6A methylation modification of ULBP2 and affects the progression of cervical cancer,2025,removed as duplicate,exact DOI match,W_521,WoS
S_245,Scopus,10.1093/procel/pwae005,Microbiota enterotoxigenic Bacteroides fragilis-secreted BFT-1 promotes breast cancer cell stemness and chemoresistance through its functional receptor NOD1,2024,removed as duplicate,exact DOI match,W_489,WoS
S_248,Scopus,10.3389/fmicb.2025.1704491,Spatial microbiome-metabolic crosstalk drives CD8+ T-cell exhaustion through the butyrate-HDAC axis in colorectal cancer,2025,removed as duplicate,exact DOI match,W_426,WoS
S_250,Scopus,10.3390/nu16060802,Organosulfur Compounds in Colorectal Cancer Prevention and Progression,2024,removed as duplicate,exact DOI match,W_672,WoS
S_251,Scopus,10.1016/j.celrep.2025.116473,PreTA-mediated metabolism of 5-fluorouracil by intratumoral Citrobacter freundii drives chemoresistance in pancreatic cancer,2025,removed as duplicate,exact DOI match,W_683,WoS
S_254,Scopus,10.3390/biomedicines12040800,Complementary Therapeutic Effect of Fecal Microbiota Transplantation in Ulcerative Colitis after the Response to Anti-Tumor Necrosis Factor Alpha Agent Was Lost: A Case Report,2024,removed as duplicate,exact DOI match,W_340,WoS
S_255,Scopus,10.1186/s13099-025-00734-z,Gut microbiome in gastrointestinal neoplasms: from mechanisms to precision therapeutic strategies,2025,removed as duplicate,exact DOI match,W_197,WoS
S_256,Scopus,10.3389/fimmu.2025.1640603,Vinegar intake in patients undergoing immune checkpoint inhibitor therapy: food frequency questionnaire study,2025,removed as duplicate,exact DOI match,W_47,WoS
S_259,Scopus,10.3390/ijms26020730,Dysbiosis–NK Cell Crosstalk in Pancreatic Cancer: Toward a Unified Biomarker Signature for Improved Clinical Outcomes,2025,removed as duplicate,exact DOI match,W_301,WoS
S_260,Scopus,10.1016/j.phymed.2025.157233,Huang-Lian-Jie-Du decoction enhances Capecitabine-Oxaliplatin efficacy via Akkermansia muciniphila and CD8+ T cells in colorectal cancer,2025,removed as duplicate,exact DOI match,W_446,WoS
S_261,Scopus,10.1016/j.phrs.2025.108020,"Applications of traditional Chinese medicine in cancer immunotherapy via gut microbiota modulation: Current status, mechanisms, challenges and perspectives",2025,removed as duplicate,exact DOI match,W_147,WoS
S_262,Scopus,10.3389/fendo.2025.1536155,The intratumor microbiota and thyroid cancer: a review,2025,removed as duplicate,exact DOI match,W_804,WoS
S_264,Scopus,10.1186/s13099-025-00722-3,Bloodstream infection by Lactobacillus rhamnosus in a haematology patient: why metagenomics can make the difference,2025,removed as duplicate,exact DOI match,W_425,WoS
S_265,Scopus,10.1038/s41571-025-01061-7,Treatment of NSCLC after chemoimmunotherapy — are we making headway?,2025,removed as duplicate,exact DOI match,W_94,WoS
S_268,Scopus,10.1016/j.arr.2025.102820,"The role of intratumoral microbiome in the occurrence, proliferation, metastasis of colorectal cancer and its underlying therapeutic strategies",2025,removed as duplicate,exact DOI match,W_593,WoS
S_270,Scopus,10.1016/j.critrevonc.2025.104775,Immunotherapy in microsatellite-stable colorectal cancer: Strategies to overcome resistance,2025,removed as duplicate,exact DOI match,W_184,WoS
S_271,Scopus,10.34133/research.0744,Unraveling the Role of the Microbiota in Cancer Immunotherapy: A New Frontier,2025,removed as duplicate,exact DOI match,W_348,WoS
S_272,Scopus,10.1007/s12672-024-01585-x,Unraveling the role of gut microbiota and immune cells in thyroid cancer and tumor drug resistance,2024,removed as duplicate,exact DOI match,W_498,WoS
S_273,Scopus,10.1186/s40168-025-02133-7,Lipid accumulation inhibition strategies alleviate Fusobacterium nucleatum-infected colorectal cancer,2025,removed as duplicate,exact DOI match,W_729,WoS
S_274,Scopus,10.3390/antibiotics14010009,"Unraveling the Anti-Cancer Mechanisms of Antibiotics: Current Insights, Controversies, and Future Perspectives",2025,removed as duplicate,exact DOI match,W_609,WoS
S_275,Scopus,10.1007/s10555-023-10138-7,The emerging role of the gut microbiome in cancer cell plasticity and therapeutic resistance,2024,removed as duplicate,exact DOI match,W_289,WoS
S_276,Scopus,10.1021/acs.jnatprod.3c00782,Cannabidiol Inhibits Epithelial Ovarian Cancer: Role of Gut Microbiome,2024,removed as duplicate,exact DOI match,W_485,WoS
S_278,Scopus,10.1016/j.bbcan.2025.189355,Decoding the role of intratumoral microbiota in gastric cancer,2025,removed as duplicate,exact DOI match,W_636,WoS
S_281,Scopus,10.3390/pharmaceutics17070851,Effect of Hepatic Impairment on the Pharmacokinetics of Baicalin in Rats: Critical Roles of Gut Microbiota and Hepatic Transporters,2025,removed as duplicate,exact DOI match,W_522,WoS
S_282,Scopus,10.1016/j.phymed.2024.156161,Cepharanthine sensitizes gastric cancer cells to chemotherapy by targeting TRIB3-FOXO3-FOXM1 axis to inhibit autophagy,2024,removed as duplicate,exact DOI match,W_564,WoS
S_285,Scopus,10.1038/s41575-024-00920-5,Pouchitis: pathophysiology and management,2024,removed as duplicate,exact DOI match,W_598,WoS
S_287,Scopus,10.1186/s12916-025-04183-y,Microbiota boost immunotherapy? A meta-analysis dives into fecal microbiota transplantation and immune checkpoint inhibitors,2025,removed as duplicate,exact DOI match,W_48,WoS
S_288,Scopus,10.1016/j.semcancer.2025.07.005,Host-microbiota interactions in genitourinary cancer immunotherapy,2025,removed as duplicate,exact DOI match,W_91,WoS
S_289,Scopus,10.1038/s41598-024-79339-6,Dietary pattern and the corresponding gut microbiome in response to immunotherapy in Thai patients with advanced non-small cell lung cancer (NSCLC),2024,removed as duplicate,exact DOI match,W_166,WoS
S_290,Scopus,10.1002/hon.3301,Role of gut microbiome in the outcome of lymphoma patients treated with checkpoint inhibitors—The MicroLinf Study,2024,removed as duplicate,exact DOI match,W_24,WoS
S_291,Scopus,10.31083/j.fbl2904152,Metastasis and the Microbiome: The Impact of Bacteria in Disseminated Colorectal Cancer,2024,removed as duplicate,exact DOI match,W_251,WoS
S_293,Scopus,10.1016/j.addr.2025.115647,Overcoming therapy resistance in pancreatic cancer: challenges and emerging strategies,2025,removed as duplicate,exact DOI match,W_569,WoS
S_294,Scopus,10.1016/j.bbcan.2025.189385,Unraveling the role of mucins and gut microbiota in gastrointestinal cancers chemoresistance,2025,removed as duplicate,exact DOI match,W_37,WoS
S_295,Scopus,10.1186/s12964-024-01909-y,Exploring the role of Fusobacterium nucleatum in colorectal cancer: implications for tumor proliferation and chemoresistance,2024,removed as duplicate,exact DOI match,W_373,WoS
S_297,Scopus,10.3390/ijms26167823,"Investigating the Impact of Fusobacterium nucleatum on Oxidative Stress, Chemoresistance, and Inflammation in Inflammatory Bowel Disease and Colorectal Cancer: Rationale and Design of a Clinical Trial",2025,removed as duplicate,exact DOI match,W_819,WoS
S_298,Scopus,10.3389/fonc.2025.1505656,Focus on gut microbes: new direction in cancer treatment,2025,removed as duplicate,exact DOI match,W_9,WoS
S_299,Scopus,10.1038/s41598-025-00976-6,"Biliary microbiome profiling via 16 S rRNA amplicon sequencing in patients with cholangiocarcinoma, pancreatic carcinoma and choledocholithiasis",2025,removed as duplicate,exact DOI match,W_579,WoS
S_300,Scopus,10.3389/fimmu.2025.1675677,Microbial metabolites and their influence on the tumor microenvironment,2025,removed as duplicate,exact DOI match,W_538,WoS
S_302,Scopus,10.7150/jca.88854,Shenling Baizhu Decoction (SLBZD) may play a synergistic role of tirelizumab in the treatment of colorectal cancer by influencing the imbalance of colon flora and Tumor microenvironment,2024,removed as duplicate,exact DOI match,W_486,WoS
S_303,Scopus,10.3389/fmicb.2025.1559033,Significant changes in gut microbiota and SCFAs among patients with newly diagnosed acute myeloid leukemia,2025,removed as duplicate,exact DOI match,W_502,WoS
S_305,Scopus,10.3389/fimmu.2025.1676112,Applications of artificial intelligence in cancer immunotherapy: a frontier review on enhancing treatment efficacy and safety,2025,removed as duplicate,exact DOI match,W_42,WoS
S_307,Scopus,10.3390/biom15071018,Role of Oral Bacteria in Mediating Gemcitabine Resistance in Pancreatic Cancer,2025,removed as duplicate,exact DOI match,W_827,WoS
S_309,Scopus,10.1007/s00018-024-05484-w,Neutrophil-centric analysis of gastric cancer: prognostic modeling and molecular insights,2024,removed as duplicate,exact DOI match,W_770,WoS
S_311,Scopus,10.1186/s12964-024-01711-w,"Mechanisms, combination therapy, and biomarkers in cancer immunotherapy resistance",2024,removed as duplicate,exact DOI match,W_174,WoS
S_312,Scopus,10.3389/fonc.2025.1690541,Gut microbiome alterations and their clinical and biological implications in ovarian cancer: a systematic review,2025,removed as duplicate,exact DOI match,W_336,WoS
S_314,Scopus,10.3389/fimmu.2024.1482765,"Non-coding RNAs in bladder cancer, a bridge between gut microbiota and host?",2024,removed as duplicate,exact DOI match,W_420,WoS
S_315,Scopus,10.1177/15330338251365700,"Harnessing the Gut Microbiome in Cancer Immunotherapy: Mechanisms, Challenges, and Routes to Personalized Medicine—A Systematic Review",2025,removed as duplicate,exact DOI match,W_134,WoS
S_317,Scopus,10.1007/s11033-025-11047-4,Modulation of NF-κB pathway in cancer therapy by sodium butyrate and Isoproterenol,2025,removed as duplicate,exact DOI match,W_706,WoS
S_318,Scopus,10.3390/healthcare13080923,New Therapeutic Challenges in Pediatric Gastroenterology: A Narrative Review,2025,removed as duplicate,exact DOI match,W_678,WoS
S_319,Scopus,10.1080/14712598.2024.2371543,Targeting gut and intratumoral microbiota: a novel strategy to improve therapy resistance in cancer with a focus on urologic tumors,2024,removed as duplicate,exact DOI match,W_280,WoS
S_320,Scopus,10.3892/ijo.2024.5661,"Microbial metabolites affect tumor progression, immunity and therapy prediction by reshaping the tumor microenvironment (Review)",2024,removed as duplicate,exact DOI match,W_357,WoS
S_321,Scopus,10.1016/j.jiac.2025.102709,Extended-pulsed fidaxomicin therapy for recurrent Clostridioides difficile infection after standard vancomycin and fidaxomicin failure: A case report,2025,removed as duplicate,exact DOI match,W_808,WoS
S_322,Scopus,10.3390/ijms26199710,"Fusobacterium Nucleatum in Colorectal Cancer: Relationship Among Immune Modulation, Potential Biomarkers and Therapeutic Implications",2025,removed as duplicate,exact DOI match,W_115,WoS
S_323,Scopus,10.3390/biomedicines13051261,Spatial Heterogeneity of Intratumoral Microbiota: A New Frontier in Cancer Immunotherapy Resistance,2025,removed as duplicate,exact DOI match,W_537,WoS
S_324,Scopus,10.1186/s12957-025-03713-5,Case report of clostridium difficile infection after rectal resection with ileostomy,2025,removed as duplicate,exact DOI match,W_550,WoS
S_329,Scopus,10.3389/fcell.2025.1623276,Research progress on NAT10-mediated acetylation in normal development and disease,2025,removed as duplicate,exact DOI match,W_867,WoS
S_330,Scopus,10.1200/jco-25-00374,Microbiome Modulation for the Treatment of Solid Neoplasms,2025,removed as duplicate,exact DOI match,W_110,WoS
S_331,Scopus,10.3390/ijms26199700,Curcumin and Acute Myeloid Leukemia: Synergistic Effects with Targeted Therapy,2025,removed as duplicate,exact DOI match,W_922,WoS
S_333,Scopus,10.3390/ijms26209949,"Molecular Mechanisms and Therapeutic Perspectives of Gut Microbiota, Autophagy, and Apoptosis in Cholangiocarcinoma Pathophysiology",2025,removed as duplicate,exact DOI match,W_307,WoS
S_334,Scopus,10.3390/curroncol31010001,Overcoming Resistance Mechanisms to Immune Checkpoint Inhibitors: Leveraging the Anti-Tumor Immune Response,2024,removed as duplicate,exact DOI match,W_20,WoS
S_335,Scopus,10.3390/microorganisms12061053,The Role of Bacteria in Central Nervous System Tumors: Opportunities and Challenges,2024,removed as duplicate,exact DOI match,W_408,WoS
S_336,Scopus,10.3390/nu17233712,"Microbial Metabolite, Macro Impact: Urolithin A in the Nexus of Insulin Resistance and Colorectal Tumorigenesis",2025,removed as duplicate,exact DOI match,W_660,WoS
S_337,Scopus,10.1080/19490976.2024.2333790,Fusobacterium nucleatum induces chemoresistance in colorectal cancer by inhibiting pyroptosis via the Hippo pathway,2024,removed as duplicate,exact DOI match,W_572,WoS
S_338,Scopus,10.3390/metabo15090568,Gut Microbiota in Acute Myeloid Leukemia: From Biomarkers to Interventions,2025,removed as duplicate,exact DOI match,W_299,WoS
S_339,Scopus,10.3390/cancers17142294,"Gut Microbiome Alterations in Colorectal Cancer: Mechanisms, Therapeutic Strategies, and Precision Oncology Perspectives",2025,removed as duplicate,exact DOI match,W_250,WoS
S_340,Scopus,10.1038/s41564-024-01695-w,Peptostreptococcus anaerobius mediates anti-PD1 therapy resistance and exacerbates colorectal cancer via myeloid-derived suppressor cells in mice,2024,removed as duplicate,exact DOI match,W_443,WoS
S_341,Scopus,10.1146/annurev-immunol-101819-024752,Beyond the Barrier: Unraveling the Mechanisms of Immunotherapy Resistance,2024,removed as duplicate,exact DOI match,W_359,WoS
S_342,Scopus,10.7150/ijbs.117394,Immunotherapy resistance in MASLD-related hepatocellular carcinoma: special immune microenvironment and gut microbiota,2025,removed as duplicate,exact DOI match,W_255,WoS
S_343,Scopus,10.1016/j.heliyon.2024.e39547,Existence and distribution of the microbiome in tumour tissues of children with hepatoblastoma,2024,removed as duplicate,exact DOI match,W_680,WoS
S_346,Scopus,10.1186/s12967-025-07151-5,CAR-T and CAR-NK cell therapies in AML: breaking barriers and charting the future,2025,removed as duplicate,exact DOI match,W_178,WoS
S_347,Scopus,10.3389/fimmu.2025.1603658,Microbial metabolite-driven immune reprogramming in tumor immunotherapy: mechanisms and therapeutic perspectives,2025,removed as duplicate,exact DOI match,W_56,WoS
S_348,Scopus,10.3389/fcimb.2025.1562831,Gut microbiome is associated with radiotherapy response in lung cancer patients with brain metastases,2025,removed as duplicate,exact DOI match,W_519,WoS
S_349,Scopus,10.1007/s12094-024-03710-2,The gut microbiota is altered significantly in primary diffuse large b-cell lymphoma patients and relapse refractory diffuse large b-cell lymphoma patients,2025,removed as duplicate,exact DOI match,W_320,WoS
S_350,Scopus,10.3389/fphar.2024.1436021,Appraisal of postbiotics in cancer therapy,2024,removed as duplicate,exact DOI match,W_584,WoS
S_352,Scopus,10.1016/j.biopha.2024.116203,Tumor immunotherapy resistance: Revealing the mechanism of PD-1 / PD-L1-mediated tumor immune escape,2024,removed as duplicate,exact DOI match,W_613,WoS
S_356,Scopus,10.3389/fonc.2024.1489977,Biomarkers for immunotherapy resistance in non-small cell lung cancer,2024,removed as duplicate,exact DOI match,W_271,WoS
S_357,Scopus,10.1016/j.molmed.2025.03.010,Acquired resistance to immunotherapy in solid tumors,2025,removed as duplicate,exact DOI match,W_661,WoS
S_358,Scopus,10.1186/s13099-025-00729-w,Gut microbiome and gastric cancer: microbial interactions and therapeutic potential,2025,removed as duplicate,exact DOI match,W_230,WoS
S_359,Scopus,10.1371/journal.pone.0324742,Gut microbiota and its influence on the Gut-Brain axis in comparison with chemotherapy patients and cancer-free control data in Breast cancer—A computational perspective,2025,removed as duplicate,exact DOI match,W_366,WoS
S_360,Scopus,10.4251/wjgo.v17.i12.112936,Tumor-resident microorganisms as clinical biomarkers in primary liver cancer: A systematic review of current evidence,2025,removed as duplicate,exact DOI match,W_531,WoS
S_361,Scopus,10.3389/fimmu.2025.1603032,Lipid metabolic reprogramming in colorectal cancer: mechanisms and therapeutic strategies,2025,removed as duplicate,exact DOI match,W_677,WoS
S_362,Scopus,10.1186/s13568-025-01989-0,Integrative mendelian randomization and multi-omics analysis reveal a gut microbiota-metabolite-CXCL10 axis in breast cancer,2025,removed as duplicate,exact DOI match,W_474,WoS
S_363,Scopus,10.1136/jitc-2024-009415,Effect of radiotherapy exposure on fruquintinib plus sintilimab treatment in refractory microsatellite stable metastatic colorectal cancer: a prospective observation study,2025,removed as duplicate,exact DOI match,W_205,WoS
S_365,Scopus,10.1016/j.heliyon.2024.e38507,Succinic semialdehyde derived from the gut microbiota can promote the proliferation of adult T-cell leukemia/lymphoma cells,2024,removed as duplicate,exact DOI match,W_266,WoS
S_367,Scopus,10.3390/biomedicines12071450,Resistant Starch-Encapsulated Probiotics Attenuate Colorectal Cancer Cachexia and 5-Fluorouracil-Induced Microbial Dysbiosis,2024,removed as duplicate,exact DOI match,W_483,WoS
S_368,Scopus,10.1007/s12602-025-10462-0,"Synergistic Interactions Between Probiotics and Anticancer Drugs: Mechanisms, Benefits, and Challenges",2025,removed as duplicate,exact DOI match,W_157,WoS
S_370,Scopus,10.1016/j.chom.2024.06.010,Fecal microbiota transplantation improves anti-PD-1 inhibitor efficacy in unresectable or metastatic solid cancers refractory to anti-PD-1 inhibitor,2024,removed as duplicate,exact DOI match,W_177,WoS
S_372,Scopus,10.3389/fphar.2025.1551411,Microbiota and metabolomic profiling coupled with machine learning to identify biomarkers and drug targets in nasopharyngeal carcinoma,2025,removed as duplicate,exact DOI match,W_799,WoS
S_373,Scopus,10.1080/17474124.2024.2412045,Metabolites derived from gut microbiota mitigate chemoresistance in pancreatic cancer,2024,removed as duplicate,exact DOI match,W_344,WoS
S_374,Scopus,10.3390/ph18111719,Fecal Microbiota Transplantation in Refractory Immune-Mediated Colitis: Case Series and Review of the Literature,2025,removed as duplicate,exact DOI match,W_67,WoS
S_375,Scopus,10.1016/j.freeradbiomed.2024.04.226,Fusobacterium nucleatum induces oxaliplatin resistance by inhibiting ferroptosis through E-cadherin/β-catenin/GPX4 axis in colorectal cancer,2024,removed as duplicate,exact DOI match,W_430,WoS
S_376,Scopus,10.1016/j.reth.2025.02.015,Comprehensive bibliometric analysis and perspectives on therapies targeting colon cancer stem cells over a 40-year period,2025,removed as duplicate,exact DOI match,W_859,WoS
S_377,Scopus,10.3389/fimmu.2025.1735873,The metabolism-immune axis in colorectal cancer: remodeling the tumor microenvironment through metabolite signaling,2025,removed as duplicate,exact DOI match,W_605,WoS
S_378,Scopus,10.1016/j.bbcan.2025.189425,Elucidating cellular origins and TME dynamic evolution in NSCLC through multi-omics technologies,2025,removed as duplicate,exact DOI match,W_623,WoS
S_381,Scopus,10.1016/j.oraloncology.2023.106623,Gut microbiome predicts gastrointestinal toxicity outcomes from chemoradiation therapy in patients with head and neck squamous cell carcinoma,2024,removed as duplicate,exact DOI match,W_194,WoS
S_382,Scopus,10.1017/erm.2025.10029,Microbiome-driven resistance in cervical cancer therapy: from mechanistic dissection to clinical translation,2025,removed as duplicate,exact DOI match,W_456,WoS
S_383,Scopus,10.3389/fimmu.2024.1471273,Gut microbiota as a biomarker and modulator of anti-tumor immunotherapy outcomes,2024,removed as duplicate,exact DOI match,W_41,WoS
S_384,Scopus,10.3389/fimmu.2025.1519545,"Nab-paclitaxel combined with cadonilimab (AK104) as second-line treatment for advanced gastric cancer: protocol for a phase II prospective, multicenter, single-arm clinical trial",2025,removed as duplicate,exact DOI match,W_130,WoS
S_386,Scopus,10.1186/s12935-025-03944-2,Integration of multi-omics approaches in exploring intra-tumoral heterogeneity,2025,removed as duplicate,exact DOI match,W_853,WoS
S_387,Scopus,10.1038/s41698-025-00960-3,Bifidobacterium boosts anti-PD-1 effectiveness through JAK pathway in hepatocellular carcinoma,2025,removed as duplicate,exact DOI match,W_387,WoS
S_388,Scopus,10.3389/fimmu.2025.1618110,BRICS sequential therapeutic regimen as first-Line treatment for PD-L1-negative metastatic non-small cell lung cancer patients harboring EGFR/ALK wild-type status: a retrospective study,2025,removed as duplicate,exact DOI match,W_203,WoS
S_389,Scopus,10.3390/biom15091304,A Comprehensive Oncological Biomarker Framework Guiding Precision Medicine,2025,removed as duplicate,exact DOI match,W_248,WoS
S_391,Scopus,10.3390/cells14221813,The Role of Microbiota in Ovarian Cancer: Implications for Treatment Response and Therapeutic Strategies,2025,removed as duplicate,exact DOI match,W_225,WoS
S_392,Scopus,10.1016/j.cej.2025.168657,Redox-responsive nanodrug enhances cascaded chemo-immunotherapy via tandem chemoresistant microbiome depletion and efferocytosis blockade,2025,removed as duplicate,exact DOI match,W_703,WoS
S_395,Scopus,10.1016/j.phrs.2025.107902,Intratumor microbiome-derived butyrate enhances progesterone sensitivity by inducing ferroptosis in endometrial cancer,2025,removed as duplicate,exact DOI match,W_714,WoS
S_396,Scopus,10.3390/cancers17172938,The Underlying Mechanisms and Emerging Strategies to Overcome Resistance in Breast Cancer,2025,removed as duplicate,exact DOI match,W_881,WoS
S_397,Scopus,10.1002/cam4.70703,The Kynurenine Pathway and Indole Pathway in Tryptophan Metabolism Influence Tumor Progression,2025,removed as duplicate,exact DOI match,W_671,WoS
S_398,Scopus,10.1186/s12943-025-02419-2,Cellular senescence in cancer: from mechanism paradoxes to precision therapeutics,2025,removed as duplicate,exact DOI match,W_873,WoS
S_399,Scopus,10.1007/s00520-024-08889-2,Immune checkpoint inhibitor-induced diarrhea and colitis: an overview,2024,removed as duplicate,exact DOI match,W_104,WoS
S_400,Scopus,10.3389/fmicb.2025.1637272,Revisiting berberine for the prevention and treatment of Fusobacterium nucleatum-induced colorectal cancer from a dynamic perspective,2025,removed as duplicate,exact DOI match,W_670,WoS
S_402,Scopus,10.21037/tlcr-2024-1083,Evaluation of gut leakage and bacterial translocation as efficacy biomarkers of immunotherapy in advanced non-small cell lung cancer (NSCLC),2025,removed as duplicate,exact DOI match,W_195,WoS
S_403,Scopus,10.1182/blood.2024025694,Targeting Enterobacter cloacae attenuates osteolysis by reducing ammonium in multiple myeloma,2025,removed as duplicate,exact DOI match,W_394,WoS
S_405,Scopus,10.1097/sga.0000000000000794,Fecal Microbiota Transplantation Alleviates Severe PD-1 Inhibitor-Associated Colitis Caused by Neoadjuvant Therapy for Esophageal Cancer: A Case Report,2024,removed as duplicate,exact DOI match,W_530,WoS
S_407,Scopus,10.1155/mi/5035877,Influence of Fusobacterium nucleatum on Tumor Necrosis Factor Alpha Therapy in Ulcerative Colitis,2025,removed as duplicate,exact DOI match,W_493,WoS
S_411,Scopus,10.1093/oncolo/oyae323,Pembrolizumab ± paricalcitol in metastatic pancreatic cancer postmaximal cytoreduction,2025,removed as duplicate,exact DOI match,W_839,WoS
S_413,Scopus,10.3389/fnut.2025.1670598,"Nutritional strategies in supporting immune checkpoint inhibitor, PI3K inhibitor, and tyrosine kinase inhibitor cancer therapies",2025,removed as duplicate,exact DOI match,W_90,WoS
S_414,Scopus,10.1016/j.jbc.2024.107171,Deciphering the role of Enterococcus faecium cytidine deaminase in gemcitabine resistance of gallbladder cancer,2024,removed as duplicate,exact DOI match,W_685,WoS
S_415,Scopus,10.1016/j.pbiomolbio.2025.02.003,Advancing targeted therapies in pancreatic cancer: Leveraging molecular abberrations for therapeutic success,2025,removed as duplicate,exact DOI match,W_790,WoS
S_416,Scopus,10.1016/j.chom.2024.10.006,Longitudinal analysis of the gut microbiota during anti-PD-1 therapy reveals stable microbial features of response in melanoma patients,2024,removed as duplicate,exact DOI match,W_150,WoS
S_418,Scopus,10.1111/cas.70201,"Microbial and Metabolic Disorders in Cervical Cancer: Structural Insights, Biomarkers, Mechanisms, and Therapeutic Strategies",2025,removed as duplicate,exact DOI match,W_654,WoS
S_420,Scopus,10.1080/14728222.2025.2500420,"Multidimensional insights into squalene epoxidase drug development: in vitro mechanisms, in silico modeling, and in vivo implications",2025,removed as duplicate,exact DOI match,W_739,WoS
S_421,Scopus,10.1177/00220345241262759,Salivary Microbiome Relates to Neoadjuvant Immunotherapy Response in OSCC,2024,removed as duplicate,exact DOI match,W_199,WoS
S_422,Scopus,10.3389/fphar.2025.1667731,"Curcumin in colorectal cancer: mechanistic insights, pharmacological limitations, and translational perspectives",2025,removed as duplicate,exact DOI match,W_600,WoS
S_423,Scopus,10.3389/fmicb.2025.1599691,Tumor-associated bacteria activate PRDX1-driven glycolysis to promote immune evasion and PD-1 antibody resistance in hepatocellular carcinoma,2025,removed as duplicate,exact DOI match,W_451,WoS
S_424,Scopus,10.3390/ijms25179577,The Potential Use of Arsenic Trioxide in the Treatment of Systemic Lupus Erythematosus,2024,removed as duplicate,exact DOI match,W_796,WoS
S_425,Scopus,10.1093/jambio/lxaf230,"Intra-tumoral microbial heterogeneity of breast cancer: roles in tumorigenesis, therapeutic responses, and future directions",2025,removed as duplicate,exact DOI match,W_269,WoS
S_429,Scopus,10.1007/s11912-024-01591-w,"Unveiling the Hidden Links: Periodontal Disease, Fusobacterium Nucleatum, and Cancers",2024,removed as duplicate,exact DOI match,W_591,WoS
S_430,Scopus,10.1186/s12885-024-13234-1,"Diet and Immune Effects Trial (DIET)- a randomized, double-blinded dietary intervention study in patients with melanoma receiving immunotherapy",2024,removed as duplicate,exact DOI match,W_253,WoS
S_432,Scopus,10.36849/jdd.7674,The Gastrointestinal Microbiome and Immune Checkpoint Inhibitors: A Review of Human Interventional Studies Among Melanoma Patients,2024,removed as duplicate,exact DOI match,W_31,WoS
S_434,Scopus,10.1016/j.nantod.2024.102288,Blocking Fusobacterium nucleatum-host cell interactions with responsive supramolecular GalNAc-derived nanoplatform for enhanced chemotherapy in colorectal cancer,2024,removed as duplicate,exact DOI match,W_494,WoS
S_436,Scopus,10.1039/d4fo05449k,Sea cucumber polysaccharides overcome immunotherapy resistance in tumor-bearing mice via modulation of the gut microbiome,2025,removed as duplicate,exact DOI match,W_315,WoS
S_437,Scopus,10.1038/s41419-025-07454-x,CAR-T therapy dilemma and innovative design strategies for next generation,2025,removed as duplicate,exact DOI match,W_633,WoS
S_438,Scopus,10.3390/gels11110873,Oral Delivery of a GI-Stable Apigenin–Cyclodextrin Complex via Pectin-Coated Nanoliposomes In Situ Gel: A DoE-Optimized Targeted Colon Cancer Therapy by Modulating Gut Drug Sensitivity,2025,removed as duplicate,exact DOI match,W_953,WoS
S_439,Scopus,10.4251/wjgo.v17.i6.106393,"Analysis of serum S100A12, soluble advanced glycation end products receptor, and gut microbiome in elderly patients with colorectal cancer",2025,removed as duplicate,exact DOI match,W_260,WoS
S_440,Scopus,10.1002/mbo3.70036,Assessing Diversity Scaling in Lung Cancer Microbiome Across Individuals and Tissue Types,2025,removed as duplicate,exact DOI match,W_667,WoS
S_442,Scopus,10.1073/pnas.2418155122,Structural basis for immune cell binding of Fusobacterium nucleatum via the trimeric autotransporter adhesin CbpF,2025,removed as duplicate,exact DOI match,W_842,WoS
S_443,Scopus,10.1007/s10238-025-01902-w,Beyond single biomarkers: multi-omics strategies to predict immunotherapy outcomes in blood cancers,2025,removed as duplicate,exact DOI match,W_169,WoS
S_447,Scopus,10.1016/j.phymed.2024.155906,Gegen Qinlian Decoction reverses oxaliplatin resistance in colorectal cancer by inhibiting YTHDF1-regulated m6A modification of GLS1,2024,removed as duplicate,exact DOI match,W_565,WoS
S_448,Scopus,10.3390/ijms262411897,Gut Microbiota in the Regulation of Intestinal Drug Transporters: Molecular Mechanisms and Pharmacokinetic Implications,2025,removed as duplicate,exact DOI match,W_335,WoS
S_449,Scopus,10.2174/0109298673257429231108072717,Inflammation and Stem Cell Stochasticity of HPV-induced Cervical Cancer: Epigenetics based Biomarkers through Microbiome and Metabolome for Personalized Medicine: A Systematic Review,2025,removed as duplicate,exact DOI match,W_746,WoS
S_450,Scopus,10.7150/jca.96448,Reversal of Platinum-based Chemotherapy Resistance in Ovarian Cancer by Naringin Through Modulation of The Gut Microbiota in a Humanized Nude Mouse Model,2024,removed as duplicate,exact DOI match,W_326,WoS
S_451,Scopus,10.3390/microorganisms13061410,The Interplay Between the Gut Microbiota and Colorectal Cancer: A Review of the Literature,2025,removed as duplicate,exact DOI match,W_328,WoS
S_452,Scopus,10.1016/j.chembiol.2024.10.013,A yeast-based oral therapeutic delivers immune checkpoint inhibitors to reduce intestinal tumor burden,2025,removed as duplicate,exact DOI match,W_46,WoS
S_453,Scopus,10.1007/s12672-025-03574-0,Gut microbiota as a hidden modulator of chemotherapy: implications for colorectal cancer treatment,2025,removed as duplicate,exact DOI match,W_256,WoS
S_454,Scopus,10.1186/s13020-025-01124-y,Natural anti-cancer products: insights from herbal medicine,2025,removed as duplicate,exact DOI match,W_602,WoS
S_457,Scopus,10.3389/fphar.2025.1633286,"Clinical research, mechanisms, and prospects of flavonoids from Herba Patriniae in the treatment of colorectal cancer",2025,removed as duplicate,exact DOI match,W_487,WoS
S_461,Scopus,10.3390/ijms25052984,"Molecular Frontiers in Melanoma: Pathogenesis, Diagnosis, and Therapeutic Advances",2024,removed as duplicate,exact DOI match,W_666,WoS
S_463,Scopus,10.1186/s12943-025-02456-x,Microbiome-targeted nanoplatforms and engineering approaches in breast cancer therapy,2025,removed as duplicate,exact DOI match,W_407,WoS
S_464,Scopus,10.1007/s11033-025-10361-1,Integrating alternative therapies in overcoming chemotherapy resistance in tumors,2025,removed as duplicate,exact DOI match,W_546,WoS
S_465,Scopus,10.1080/19490976.2024.2320280,Roles of microbiota in pancreatic cancer development and treatment,2024,removed as duplicate,exact DOI match,W_417,WoS
S_466,Scopus,10.3389/fonc.2025.1537805,Uncovering the research evolution and hotspots of metabolism in renal cell carcinoma over the last decade,2025,removed as duplicate,exact DOI match,W_872,WoS
S_467,Scopus,10.1172/jci181243,Gut microbial metabolite 4-hydroxybenzeneacetic acid drives colorectal cancer progression via accumulation of immunosuppressive PMN-MDSCs,2025,removed as duplicate,exact DOI match,W_314,WoS
S_469,Scopus,10.2174/0115748928269276231120103256,Mechanisms of Anti-PD Therapy Resistance in Digestive System Neoplasms,2025,removed as duplicate,exact DOI match,W_470,WoS
S_473,Scopus,10.1016/j.celrep.2025.115358,De-coding the complex role of microbial metabolites in cancer,2025,removed as duplicate,exact DOI match,W_866,WoS
S_474,Scopus,10.1016/j.bbadis.2024.167230,Microecological regulation in HCC therapy: Gut microbiome enhances ICI treatment,2024,removed as duplicate,exact DOI match,W_2,WoS
S_478,Scopus,10.1016/j.ijbiomac.2024.134212,Review of METTL3 in colorectal cancer: From mechanisms to the therapeutic potential,2024,removed as duplicate,exact DOI match,W_362,WoS
S_480,Scopus,10.1016/j.ccell.2023.12.003,Melanoma and microbiota: Current understanding and future directions,2024,removed as duplicate,exact DOI match,W_106,WoS
S_484,Scopus,10.3390/cimb47100815,Quinoa and Colonic Health: A Review of Bioactive Components and Mechanistic Insights,2025,removed as duplicate,exact DOI match,W_543,WoS
S_487,Scopus,10.3390/ijms232213750,Influence of the Microbiome Metagenomics and Epigenomics on Gastric Cancer,2022,removed as duplicate,exact DOI match,W_270,WoS
S_490,Scopus,10.3389/fimmu.2024.1457562,"Daikenchuto, a Japanese herbal medicine, ameliorates experimental colitis in a murine model by inducing secretory leukocyte protease inhibitor and modulating the gut microbiota",2024,removed as duplicate,exact DOI match,W_705,WoS
S_492,Scopus,10.1177/17588359221148029,Immunotherapy in hepatocellular carcinoma: how will it reshape treatment sequencing?,2023,removed as duplicate,exact DOI match,W_118,WoS
S_495,Scopus,10.3390/biology12081151,Intestinal Flora in Chemotherapy Resistance of Biliary Pancreatic Cancer,2023,removed as duplicate,exact DOI match,W_282,WoS
S_496,Scopus,10.3390/cancers12123729,Primary and acquired resistance to immunotherapy in lung cancer: Unveiling the mechanisms underlying of immune checkpoint blockade therapy,2020,removed as duplicate,exact DOI match,W_188,WoS
S_498,Scopus,10.4014/jmb.2301.01031,Anticancer Effects of Gut Microbiota-Derived Short-Chain Fatty Acids in Cancers,2023,removed as duplicate,exact DOI match,W_477,WoS
S_508,Scopus,10.1016/j.canlet.2023.216182,Immune-checkpoint inhibitor resistance in cancer treatment: Current progress and future directions,2023,removed as duplicate,exact DOI match,W_25,WoS
S_509,Scopus,10.3390/cancers15082352,Local Delivery of Immunomodulatory Antibodies for Gastrointestinal Tumors,2023,removed as duplicate,exact DOI match,W_133,WoS
S_510,Scopus,,Ulcerative Colitis: Rapid Evidence Review,2022,removed as duplicate,normalised title match,W_585,WoS
S_512,Scopus,10.1016/j.bpg.2020.101703,Immunotherapy induced enterocolitis and gastritis – What to do and when?,2020,removed as duplicate,exact DOI match,W_148,WoS
S_513,Scopus,10.1016/j.canlet.2022.216038,Immune checkpoint inhibitor resistance in hepatocellular carcinoma,2023,removed as duplicate,exact DOI match,W_65,WoS
S_517,Scopus,10.3390/pharmaceutics14040746,The Intake of Coffee Increases the Absorption of Aspirin in Mice by Modifying Gut Microbiome,2022,removed as duplicate,exact DOI match,W_275,WoS
S_519,Scopus,10.3748/wjg.v28.i23.2546,Fecal microbiota transplantation in the metabolic diseases: Current status and perspectives,2022,removed as duplicate,exact DOI match,W_267,WoS
S_520,Scopus,10.1093/ibd/izaa111,Fungal Dysbiosis Aggravates Pouchitis in a Rat Model of Ileal Pouch Anal Anastomosis,2020,removed as duplicate,exact DOI match,W_621,WoS
S_521,Scopus,10.1016/j.bbcan.2023.188943,"The correlation between gut and intra-tumor microbiota and PDAC: Etiology, diagnostics and therapeutics",2023,removed as duplicate,exact DOI match,W_515,WoS
S_522,Scopus,10.3390/biomedicines10071758,Bladder Tissue Microbiome Composition in Patients of Bladder Cancer or Benign Prostatic Hyperplasia and Related Human Beta Defensin Levels,2022,removed as duplicate,exact DOI match,W_815,WoS
S_523,Scopus,10.1016/j.clbc.2021.09.002,Microbiome Assisted Tumor Microenvironment: Emerging Target of Breast Cancer,2022,removed as duplicate,exact DOI match,W_342,WoS
S_524,Scopus,10.1016/j.jcmgh.2021.06.001,Lactobacillus rhamnosus GG Orchestrates an Antitumor Immune Response,2021,removed as duplicate,exact DOI match,W_520,WoS
S_526,Scopus,10.1088/1758-5090/acc279,Microphysiological systems to study colorectal cancer: State-of-the-art,2023,removed as duplicate,exact DOI match,W_880,WoS
S_527,Scopus,10.1186/s12885-021-08060-8,The EPICURE study: a pilot prospective cohort study of heterogeneous and massive data integration in metastatic breast cancer patients,2021,removed as duplicate,exact DOI match,W_959,WoS
S_529,Scopus,10.3389/fonc.2022.817548,The Landscape of Immunotherapy Resistance in NSCLC,2022,removed as duplicate,exact DOI match,W_139,WoS
S_530,Scopus,10.3390/ijms23010488,The impact of the microbiome on resistance to cancer treatment with chemotherapeutic agents and immunotherapy,2022,removed as duplicate,exact DOI match,W_120,WoS
S_533,Scopus,10.3390/cancers12113234,"Recent discoveries of diagnostic, prognostic and predictive biomarkers for pancreatic cancer",2020,removed as duplicate,exact DOI match,W_905,WoS
S_536,Scopus,10.1016/j.bbcan.2023.188990,"Modulating the gut microbiota by probiotics, prebiotics, postbiotics, and fecal microbiota transplantation: An emerging trend in cancer patient care",2023,removed as duplicate,exact DOI match,W_218,WoS
S_537,Scopus,10.1002/advs.202207366,A Review of Gut Microbiota-Derived Metabolites in Tumor Progression and Cancer Therapy,2023,removed as duplicate,exact DOI match,W_329,WoS
S_538,Scopus,10.1186/s12943-021-01489-2,Combination strategies with PD-1/PD-L1 blockade: current advances and future directions,2022,removed as duplicate,exact DOI match,W_176,WoS
S_540,Scopus,10.17305/bjbms.2020.5016,Dysbiosis of gut microbiota in inflammatory bowel disease: Current therapies and potential for microbiota-modulating therapeutic approaches,2021,removed as duplicate,exact DOI match,W_234,WoS
S_542,Scopus,10.1080/19490976.2022.2134689,Gut bacterial extracellular vesicles: important players in regulating intestinal microenvironment,2022,removed as duplicate,exact DOI match,W_232,WoS
S_545,Scopus,10.1007/s00262-022-03285-3,Anti-PD-1 antibody-activated Th17 cells subvert re-invigoration of antitumor cytotoxic T-lymphocytes via myeloid cell-derived COX-2/PGE2,2023,removed as duplicate,exact DOI match,W_113,WoS
S_546,Scopus,10.1073/pnas.2205574119,Epithelial chemerin-CMKLR1 signaling restricts microbiota-driven colonic neutrophilia and tumorigenesis by up-regulating lactoperoxidase,2022,removed as duplicate,exact DOI match,W_561,WoS
S_547,Scopus,10.3390/cancers13143596,The next-generation of combination cancer immunotherapy: Epigenetic immunomodulators transmogrify immune training to enhance immunotherapy,2021,removed as duplicate,exact DOI match,W_566,WoS
S_548,Scopus,10.3390/cells12010138,The Cytokine Network in Colorectal Cancer: Implications for New Treatment Strategies,2023,removed as duplicate,exact DOI match,W_845,WoS
S_549,Scopus,10.5812/jjm-122386,Gut Microbial Profile in Patients with Pancreatic Cancer,2022,removed as duplicate,exact DOI match,W_317,WoS
S_551,Scopus,10.3389/fimmu.2023.1253064,Functions and mechanisms of lactylation in carcinogenesis and immunosuppression,2023,removed as duplicate,exact DOI match,W_800,WoS
S_552,Scopus,10.3389/fonc.2021.741376,"The Role of the Gut Microbiome in Pathogenesis, Biology, and Treatment of Plasma Cell Dyscrasias",2021,removed as duplicate,exact DOI match,W_221,WoS
S_554,Scopus,10.3390/biomedicines11010157,Pancreatic Cancer Resistance to Treatment: The Role of Microbiota,2023,removed as duplicate,exact DOI match,W_330,WoS
S_555,Scopus,10.1016/j.lfs.2022.120573,Cancer immunotherapy resistance: The impact of microbiome-derived short-chain fatty acids and other emerging metabolites,2022,removed as duplicate,exact DOI match,W_29,WoS
S_559,Scopus,10.1038/s41586-023-06026-3,Targeting PD-L2–RGMb overcomes microbiome-related immunotherapy resistance,2023,removed as duplicate,exact DOI match,W_81,WoS
S_560,Scopus,10.3390/pathogens12030468,Role of Gut Microbiota in Breast Cancer and Drug Resistance,2023,removed as duplicate,exact DOI match,W_334,WoS
S_561,Scopus,10.7150/jca.61618,The regulatory network of MicroRNA in the metabolism of colorectal cancer,2021,removed as duplicate,exact DOI match,W_656,WoS
S_562,Scopus,10.3389/fcell.2021.710165,Fusobacterium nucleatum Acts as a Pro-carcinogenic Bacterium in Colorectal Cancer: From Association to Causality,2021,removed as duplicate,exact DOI match,W_533,WoS
S_563,Scopus,10.1080/14737140.2021.1844007,The role of the microbiome in drug resistance in gastrointestinal cancers,2021,removed as duplicate,exact DOI match,W_246,WoS
S_566,Scopus,10.3389/fendo.2024.1396022,Effects of T2DM on cancer progression: pivotal precipitating factors and underlying mechanisms,2024,removed as duplicate,exact DOI match,W_857,WoS
S_568,Scopus,10.3390/cancers14102381,Immunotherapy and Microbiota for Targeting of Liver Tumor-Initiating Stem-like Cells,2022,removed as duplicate,exact DOI match,W_242,WoS
S_571,Scopus,10.3389/fonc.2022.924290,Autophagy: A Versatile Player in the Progression of Colorectal Cancer and Drug Resistance,2022,removed as duplicate,exact DOI match,W_505,WoS
S_572,Scopus,10.1007/s12079-022-00695-x,Role of interleukin-6-mediated inflammation in the pathogenesis of inflammatory bowel disease: focus on the available therapeutic approaches and gut microbiome,2023,removed as duplicate,exact DOI match,W_527,WoS
S_573,Scopus,10.1177/17588359231204854,Modulation of gut microbiota: a novel approach to enhancing the effects of immune checkpoint inhibitors,2023,removed as duplicate,exact DOI match,W_40,WoS
S_575,Scopus,10.3389/fimmu.2022.1032314,Predictive biomarkers of colon cancer immunotherapy: Present and future,2022,removed as duplicate,exact DOI match,W_87,WoS
S_577,Scopus,10.3390/ijms241310423,Biochemical Recurrence in Prostate Cancer Is Associated with the Composition of Lactobacillus: Microbiome Analysis of Prostatic Tissue,2023,removed as duplicate,exact DOI match,W_806,WoS
S_580,Scopus,10.1080/01635581.2023.2267779,Effects of Probiotics on Chemotherapy-induced Diarrhea,2023,removed as duplicate,exact DOI match,W_768,WoS
S_582,Scopus,10.3389/fonc.2021.784457,The Effect of Radiation and Chemoradiation Therapy on the Head and Neck Mucosal Microbiome: A Review,2021,removed as duplicate,exact DOI match,W_490,WoS
S_583,Scopus,10.1016/j.semcancer.2020.07.006,Microbiome dysbiosis in cancer: Exploring therapeutic strategies to counter the disease,2021,removed as duplicate,exact DOI match,W_258,WoS
S_589,Scopus,10.1159/000527422,New and Emerging Treatments for Inflammatory Bowel Disease,2023,removed as duplicate,exact DOI match,W_936,WoS
S_594,Scopus,10.1007/s12275-022-1533-1,Lactobacillus plantarum-derived metabolites sensitize the tumor-suppressive effects of butyrate by regulating the functional expression of SMCT1 in 5-FU-resistant colorectal cancer cells,2022,removed as duplicate,exact DOI match,W_401,WoS
S_597,Scopus,10.1016/j.bbcan.2022.188733,The huge clinical potential of microbiota in the treatment of pancreatic cancer: The next frontier,2022,removed as duplicate,exact DOI match,W_552,WoS
S_598,Scopus,10.1016/j.autrev.2021.103017,The influence of cytokines on the complex pathology of ulcerative colitis,2022,removed as duplicate,exact DOI match,W_962,WoS
S_599,Scopus,10.3892/ijo.2021.5281,Role of the microbiome in systemic therapy for pancreatic ductal adenocarcinoma (Review),2021,removed as duplicate,exact DOI match,W_264,WoS
S_600,Scopus,10.1002/bjs.12003,Influence of Klebsiella pneumoniae and quinolone treatment on prognosis in patients with pancreatic cancer,2021,removed as duplicate,exact DOI match,W_935,WoS
S_601,Scopus,10.1016/j.tranon.2023.101788,Tumor mutation burden in the prognosis and response of lung cancer patients to immune-checkpoint inhibition therapies,2023,removed as duplicate,exact DOI match,W_187,WoS
S_604,Scopus,10.3389/fonc.2022.1002589,Gut microbiota changes and biological mechanism in hepatocellular carcinoma after transarterial chemoembolization treatment,2022,removed as duplicate,exact DOI match,W_288,WoS
S_606,Scopus,10.1126/science.abf3363,Fecal microbiota transplant overcomes resistance to anti-PD-1 therapy in melanoma patients,2021,removed as duplicate,exact DOI match,W_227,WoS
S_607,Scopus,10.1111/all.14632,Advances and novel developments in mechanisms of allergic inflammation,2020,removed as duplicate,exact DOI match,W_899,WoS
S_608,Scopus,10.3390/molecules27248810,Natural Polyphenols for Treatment of Colorectal Cancer,2022,removed as duplicate,exact DOI match,W_573,WoS
S_609,Scopus,10.1136/gutjnl-2020-321031,"Ginseng polysaccharides alter the gut microbiota and kynurenine/tryptophan ratio, potentiating the antitumour effect of antiprogrammed cell death 1/programmed cell death ligand 1 (anti-PD-1/PD-L1) immunotherapy",2022,removed as duplicate,exact DOI match,W_385,WoS
S_612,Scopus,10.3390/cancers15225385,Stem Cell Origin of Cancer: Clinical Implications for Cancer Immunity and Immunotherapy,2023,removed as duplicate,exact DOI match,W_864,WoS
S_613,Scopus,10.3390/cancers14194796,Intestinal Microbiota: The Driving Force behind Advances in Cancer Immunotherapy,2022,removed as duplicate,exact DOI match,W_51,WoS
S_614,Scopus,10.3390/cancers14030675,Systemic Effects Reflected in Specific Biomarker Patterns Are Instrumental for the Paradigm Change in Prostate Cancer Management: A Strategic Paper,2022,removed as duplicate,exact DOI match,W_906,WoS
S_615,Scopus,10.3390/cancers14153811,Local Breast Microbiota: A “New” Player on the Block,2022,removed as duplicate,exact DOI match,W_153,WoS
S_616,Scopus,10.3390/cancers15072101,The Role of the Gut Microbiome in Cancer Immunotherapy: Current Knowledge and Future Directions,2023,removed as duplicate,exact DOI match,W_35,WoS
S_617,Scopus,10.3389/fimmu.2021.757836,Recent Metabolic Advances for Preventing and Treating Acute and Chronic Graft Versus Host Disease,2021,removed as duplicate,exact DOI match,W_816,WoS
S_618,Scopus,10.1186/s12879-023-08766-z,Adult zebrafish infected by clinically isolated Klebsiella pneumoniae with different virulence showed increased intestinal inflammation and disturbed intestinal microbial biodiversity,2023,removed as duplicate,exact DOI match,W_810,WoS
S_622,Scopus,10.3390/ijms22105246,Heterogeneity of colorectal cancer progression: Molecular gas and brakes,2021,removed as duplicate,exact DOI match,W_735,WoS
S_624,Scopus,10.1038/s41418-021-00753-8,Multifaceted modes of action of the anticancer probiotic Enterococcus hirae,2021,removed as duplicate,exact DOI match,W_488,WoS
S_625,Scopus,10.4014/jmb.2408.08026,Innovative Bacterial Therapies and Genetic Engineering Approaches in Colorectal Cancer: A Review of Emerging Strategies and Clinical Implications,2024,removed as duplicate,exact DOI match,W_612,WoS
S_626,Scopus,10.1038/s41698-021-00142-x,A tumor microenvironment-specific gene expression signature predicts chemotherapy resistance in colorectal cancer patients,2021,removed as duplicate,exact DOI match,W_632,WoS
S_627,Scopus,10.3390/app12094094,Understanding the Role of the Microbiome in Cancer Diagnostics and Therapeutics by Creating and Utilizing ML Models,2022,removed as duplicate,exact DOI match,W_337,WoS
S_628,Scopus,10.3389/fmicb.2023.1107976,Current evidence and clinical relevance of drug-microbiota interactions in inflammatory bowel disease,2023,removed as duplicate,exact DOI match,W_290,WoS
S_630,Scopus,10.1080/17474124.2022.2032662,Cytomegalovirus in ulcerative colitis: an evidence-based approach to diagnosis and treatment,2022,removed as duplicate,exact DOI match,W_741,WoS
S_631,Scopus,10.6133/apjcn.202406_33(2).0002,Role of dietary nutrients and metabolism in colorectal cancer,2024,removed as duplicate,exact DOI match,W_811,WoS
S_634,Scopus,10.1016/j.biopha.2022.113081,Xihuang Pill enhances anticancer effect of anlotinib by regulating gut microbiota composition and tumor angiogenesis pathway,2022,removed as duplicate,exact DOI match,W_503,WoS
S_635,Scopus,10.1097/cji.0000000000000357,Gutting it Out: Developing Effective Immunotherapies for Patients with Colorectal Cancer,2021,removed as duplicate,exact DOI match,W_144,WoS
S_637,Scopus,10.3389/fcimb.2022.938608,Relationship between Helicobacter pylori infection and gastrointestinal microecology,2022,removed as duplicate,exact DOI match,W_682,WoS
S_638,Scopus,10.1016/j.apsb.2020.12.021,"Polyoxypregnanes as safe, potent, and specific ABCB1-inhibitory pro-drugs to overcome multidrug resistance in cancer chemotherapy in vitro and in vivo",2021,removed as duplicate,exact DOI match,W_372,WoS
S_639,Scopus,10.1016/j.drup.2022.100864,"Role of drug catabolism, modulation of oncogenic signaling and tumor microenvironment in microbe-mediated pancreatic cancer chemoresistance",2022,removed as duplicate,exact DOI match,W_458,WoS
S_642,Scopus,10.1002/adma.202302551,Inhalable Capsular Polysaccharide-Camouflaged Gallium-Polyphenol Nanoparticles Enhance Lung Cancer Chemotherapy by Depleting Local Lung Microbiota,2023,removed as duplicate,exact DOI match,W_491,WoS
S_645,Scopus,10.1111/1759-7714.15096,The role of microbiota in esophageal squamous cell carcinoma: A review of the literature,2023,removed as duplicate,exact DOI match,W_309,WoS
S_646,Scopus,10.19852/j.cnki.jtcm.20230328.002,"Therapy of replenishing Yin and regulating Yang for manic episode in bipolar disorder: study protocol for a prospective, double-blind, randomized controlled trial",2023,removed as duplicate,exact DOI match,W_752,WoS
S_648,Scopus,10.1186/s13046-023-02787-x,"Role of the DEAD-box RNA helicase DDX5 (p68) in cancer DNA repair, immune suppression, cancer metabolic control, virus infection promotion, and human microbiome (microbiota) negative influence",2023,removed as duplicate,exact DOI match,W_766,WoS
S_649,Scopus,10.3389/fvets.2021.758379,Immunotherapy With Egg Yolk Eimeria sp.-Specific Immunoglobulins in SPF Leghorn Chicks Elicits Successful Protection Against Eimeria tenella Infection,2021,removed as duplicate,exact DOI match,W_961,WoS
S_650,Scopus,10.1126/science.abb5920,Fecal microbiota transplant promotes response in immunotherapy-refractory melanoma patients,2021,removed as duplicate,exact DOI match,W_226,WoS
S_651,Scopus,10.3390/cancers15133468,The Hippo Pathway Effectors YAP/TAZ-TEAD Oncoproteins as Emerging Therapeutic Targets in the Tumor Microenvironment,2023,removed as duplicate,exact DOI match,W_626,WoS
S_656,Scopus,10.3389/fimmu.2022.804597,Holistic Approach to Immune Checkpoint Inhibitor-Related Adverse Events,2022,removed as duplicate,exact DOI match,W_44,WoS
S_657,Scopus,10.1177/17588359221122714,The role of gut microbiome in immune modulation in metastatic renal cell carcinoma,2022,removed as duplicate,exact DOI match,W_38,WoS
S_658,Scopus,10.4251/wjgo.v15.i5.713,Intratumour microbiome of pancreatic cancer,2023,removed as duplicate,exact DOI match,W_588,WoS
S_659,Scopus,10.3390/cancers14225482,Research Trend and Detailed Insights into the Molecular Mechanisms of Food Bioactive Compounds against Cancer: A Comprehensive Review with Special Emphasis on Probiotics,2022,removed as duplicate,exact DOI match,W_925,WoS
S_662,Scopus,10.1007/s12275-021-0562-5,GABA-producing Lactobacillus plantarum inhibits metastatic properties and induces apoptosis of 5-FU-resistant colorectal cancer cells via GABAB receptor signaling,2021,removed as duplicate,exact DOI match,W_185,WoS
S_663,Scopus,10.1002/cam4.6298,Potential role of intratumor bacteria outside the gastrointestinal tract: More than passengers,2023,removed as duplicate,exact DOI match,W_473,WoS
S_665,Scopus,10.3390/ijms242316888,Bile Microbiome Signatures Associated with Pancreatic Ductal Adenocarcinoma Compared to Benign Disease: A UK Pilot Study,2023,removed as duplicate,exact DOI match,W_715,WoS
S_668,Scopus,10.4252/wjsc.v15.i5.281,How the interplay among the tumor microenvironment and the gut microbiota influences the stemness of colorectal cancer cells,2023,removed as duplicate,exact DOI match,W_217,WoS
S_669,Scopus,10.7150/thno.70754,Microbial metabolite restricts 5-fluorouracil-resistant colonic tumor progression by sensitizing drug transporters via regulation of FOXO3-FOXM1 axis,2022,removed as duplicate,exact DOI match,W_577,WoS
S_671,Scopus,10.1016/j.cmet.2022.11.013,Microenvironmental ammonia enhances T cell exhaustion in colorectal cancer,2023,removed as duplicate,exact DOI match,W_675,WoS
S_673,Scopus,10.1002/advs.202105523,Abundance and Metabolism Disruptions of Intratumoral Microbiota by Chemical and Physical Actions Unfreeze Tumor Treatment Resistance,2022,removed as duplicate,exact DOI match,W_322,WoS
S_676,Scopus,10.4251/wjgo.v16.i12.4565,Unraveling the role of cancer-associated fibroblasts in colorectal cancer,2024,removed as duplicate,exact DOI match,W_644,WoS
S_677,Scopus,10.3390/ijms24054997,Microbiota-Derived Natural Products Targeting Cancer Stem Cells: Inside the Gut Pharma Factory,2023,removed as duplicate,exact DOI match,W_445,WoS
S_678,Scopus,10.1016/j.nut.2022.111787,"Interplay of gut microbiome, fatty acids, and the endocannabinoid system in regulating development, progression, immunomodulation, and chemoresistance of cancer",2022,removed as duplicate,exact DOI match,W_107,WoS
S_681,Scopus,10.1136/jitc-2022-004717,Complement downregulation promotes an inflammatory signature that renders colorectal cancer susceptible to immunotherapy,2022,removed as duplicate,exact DOI match,W_785,WoS
S_682,Scopus,10.1186/s40001-023-01179-3,Roxadustat alleviates the inflammatory status in patients receiving maintenance hemodialysis with erythropoiesis-stimulating agent resistance by increasing the short-chain fatty acids producing gut bacteria,2023,removed as duplicate,exact DOI match,W_453,WoS
S_685,Scopus,10.3389/fonc.2022.932709,Lung microbiome in children with hematological malignancies and lower respiratory tract infections,2022,removed as duplicate,exact DOI match,W_653,WoS
S_686,Scopus,10.1186/s13578-023-01135-y,The impact of the gut microbiome on tumor immunotherapy: from mechanism to application strategies,2023,removed as duplicate,exact DOI match,W_142,WoS
S_687,Scopus,10.1007/s12094-021-02637-2,Mechanisms of primary and acquired resistance to PD-1/PD-L1 blockade and the emerging role of gut microbiome,2021,removed as duplicate,exact DOI match,W_243,WoS
S_689,Scopus,10.3390/ijms22126262,Metabolic reprogramming of colorectal cancer cells and the microenvironment: Implication for therapy,2021,removed as duplicate,exact DOI match,W_305,WoS
S_691,Scopus,10.1007/s00432-022-04546-5,Gut microbiota: a potential target for improved cancer therapy,2023,removed as duplicate,exact DOI match,W_254,WoS
S_692,Scopus,10.1080/13102818.2021.1953400,Negative impact of antibiotic administration on the clinical activity in patients with advanced gastric cancer,2021,removed as duplicate,exact DOI match,W_465,WoS
S_694,Scopus,10.1016/j.ejmech.2022.114915,Natural quinazolinones: From a treasure house to promising anticancer leads,2023,removed as duplicate,exact DOI match,W_429,WoS
S_695,Scopus,10.3390/biomedicines11051319,"Obesity, the Adipose Organ and Cancer in Humans: Association or Causation?",2023,removed as duplicate,exact DOI match,W_725,WoS
S_698,Scopus,10.3389/fimmu.2023.1230681,Deciphering the mechanism of Peptostreptococcus anaerobius-induced chemoresistance in colorectal cancer: the important roles of MDSC recruitment and EMT activation,2023,removed as duplicate,exact DOI match,W_524,WoS
S_699,Scopus,10.1016/j.eclinm.2023.102315,"Fecal microbiota transplantation plus tislelizumab and fruquintinib in refractory microsatellite stable metastatic colorectal cancer: an open-label, single-arm, phase II trial (RENMIN-215)",2023,removed as duplicate,exact DOI match,W_447,WoS
S_700,Scopus,10.1126/scitranslmed.abq4006,Microbiome alteration via fecal microbiota transplantation is effective for refractory immune checkpoint inhibitor–induced colitis,2023,removed as duplicate,exact DOI match,W_105,WoS
S_701,Scopus,10.3390/cancers13184623,A perspective on the role of microbiome for colorectal cancer treatment,2021,removed as duplicate,exact DOI match,W_277,WoS
S_705,Scopus,10.3389/fphar.2021.736627,Albuca Bracteate Polysaccharides Synergistically Enhance the Anti-Tumor Efficacy of 5-Fluorouracil Against Colorectal Cancer by Modulating β-Catenin Signaling and Intestinal Flora,2021,removed as duplicate,exact DOI match,W_361,WoS
S_706,Scopus,10.3389/fimmu.2023.1133308,Tumor microenvironment-mediated immune evasion in hepatocellular carcinoma,2023,removed as duplicate,exact DOI match,W_186,WoS
S_707,Scopus,10.3390/ijms231710104,Roles of Antimicrobial Peptides in Gynecological Cancers,2022,removed as duplicate,exact DOI match,W_895,WoS
S_708,Scopus,10.3390/cancers14246111,Sodium New Houttuyfonate Inhibits Cancer-Promoting Fusobacterium nucleatum (Fn) to Reduce Colorectal Cancer Progression,2022,removed as duplicate,exact DOI match,W_826,WoS
S_709,Scopus,10.1039/d3tb01805a,Genetically engineered bacteria: a new frontier in targeted drug delivery,2023,removed as duplicate,exact DOI match,W_861,WoS
S_712,Scopus,10.1186/s13071-022-05418-0,Higher amoebic and metronidazole resistant forms of Blastocystis sp. seen in schizophrenic patients,2022,removed as duplicate,exact DOI match,W_617,WoS
S_714,Scopus,10.3390/ijms24021294,Shaping the Future of Immunotherapy Targets and Biomarkers in Melanoma and Non-Melanoma Cutaneous Cancers,2023,removed as duplicate,exact DOI match,W_406,WoS
S_716,Scopus,10.1016/j.ejca.2023.112948,Faecal microbiota composition is related to response to CDK4/6-inhibitors in metastatic breast cancer: A prospective cross-sectional exploratory study,2023,removed as duplicate,exact DOI match,W_291,WoS
S_723,Scopus,10.3390/biomedicines12010227,Overcoming Microbiome-Acquired Gemcitabine Resistance in Pancreatic Ductal Adenocarcinoma,2024,removed as duplicate,exact DOI match,W_370,WoS
S_724,Scopus,10.1016/j.biopha.2022.113163,"Butyrate, a postbiotic of intestinal bacteria, affects pancreatic cancer and gemcitabine response in in vitro and in vivo models",2022,removed as duplicate,exact DOI match,W_450,WoS
S_727,Scopus,10.3390/ijms23052847,Challenges of the Immunotherapy: Perspectives and Limitations of the Immune Checkpoint Inhibitor Treatment,2022,removed as duplicate,exact DOI match,W_13,WoS
S_728,Scopus,10.3389/fgene.2022.925338,Pyroptosis-Related Signature as Potential Biomarkers for Predicting Prognosis and Therapy Response in Colorectal Cancer Patients,2022,removed as duplicate,exact DOI match,W_789,WoS
S_729,Scopus,10.1126/sciimmunol.abn0704,The microbiome-derived metabolite TMAO drives immune activation and boosts responses to immune checkpoint blockade in pancreatic cancer,2022,removed as duplicate,exact DOI match,W_183,WoS
S_730,Scopus,10.3389/fimmu.2022.947407,Immune features of the peritumoral stroma in pancreatic ductal adenocarcinoma,2022,removed as duplicate,exact DOI match,W_971,WoS
S_732,Scopus,10.3389/fphar.2023.1120616,Potential of natural flavonols and flavanones in the treatment of ulcerative colitis,2023,removed as duplicate,exact DOI match,W_848,WoS
S_733,Scopus,10.1186/s10020-020-00234-7,The roles of the gut microbiota–miRNA interaction in the host pathophysiology,2020,removed as duplicate,exact DOI match,W_428,WoS
S_736,Scopus,10.1016/j.trecan.2022.07.002,Inflammation: the incubator of the tumor microenvironment,2022,removed as duplicate,exact DOI match,W_625,WoS
S_737,Scopus,10.3389/fonc.2023.1161048,The role of immunotherapy in microsatellites stable metastatic colorectal cancer: state of the art and future perspectives,2023,removed as duplicate,exact DOI match,W_36,WoS
S_743,Scopus,10.3389/fonc.2023.1208140,Colorectal cancer and therapy response: a focus on the main mechanisms involved,2023,removed as duplicate,exact DOI match,W_294,WoS
S_744,Scopus,10.1038/s41591-023-02453-x,Fecal microbiota transplantation plus anti-PD-1 immunotherapy in advanced melanoma: a phase I trial,2023,removed as duplicate,exact DOI match,W_64,WoS
S_745,Scopus,10.1080/19490976.2023.2197836,Fusobacterium nucleatum promotes esophageal squamous cell carcinoma progression and chemoresistance by enhancing the secretion of chemotherapy-induced senescence-associated secretory phenotype via activation of DNA damage response pathway,2023,removed as duplicate,exact DOI match,W_476,WoS
S_746,Scopus,10.1016/j.annonc.2023.02.011,First-in-class Microbial Ecosystem Therapeutic 4 (MET4) in combination with immune checkpoint inhibitors in patients with advanced solid tumors (MET4-IO trial),2023,removed as duplicate,exact DOI match,W_72,WoS
S_749,Scopus,10.1177/17562848231173331,Precision medicine and drug optimization in adult inflammatory bowel disease patients,2023,removed as duplicate,exact DOI match,W_820,WoS
S_750,Scopus,10.1007/s12094-022-02919-3,Interaction between gut microbiota and tumour chemotherapy,2022,removed as duplicate,exact DOI match,W_283,WoS
S_751,Scopus,10.3390/cancers14235977,Investigational Microbiological Therapy for Glioma,2022,removed as duplicate,exact DOI match,W_638,WoS
S_753,Scopus,10.3389/fimmu.2021.670286,The Potential Role of the Intestinal Micromilieu and Individual Microbes in the Immunobiology of Chimeric Antigen Receptor T-Cell Therapy,2021,removed as duplicate,exact DOI match,W_204,WoS
S_755,Scopus,10.3389/fmicb.2023.1274925,Exploring the role of gut microbiota in advancing personalized medicine,2023,removed as duplicate,exact DOI match,W_431,WoS
S_758,Scopus,10.3390/biomedicines11041166,Pathogenesis of Hepatocellular Carcinoma: The Interplay of Apoptosis and Autophagy,2023,removed as duplicate,exact DOI match,W_749,WoS
S_759,Scopus,10.1080/17474086.2024.2383401,How can we optimize antifungal use and stewardship in the treatment of acute leukemia?,2024,removed as duplicate,exact DOI match,W_913,WoS
S_761,Scopus,10.3390/jcm11185479,Composition of the Gut Microbiota Associated with the Response to Immunotherapy in Advanced Cancer Patients: A Chinese Real-World Pilot Study,2022,removed as duplicate,exact DOI match,W_180,WoS
S_762,Scopus,10.7150/jca.46621,Application of machine learning in prediction of chemotherapy resistant of ovarian cancer based on gut microbiota,2021,removed as duplicate,exact DOI match,W_295,WoS
S_765,Scopus,10.1186/s12967-023-04042-5,Gut microbiota mediated the individualized efficacy of Temozolomide via immunomodulation in glioma,2023,removed as duplicate,exact DOI match,W_341,WoS
S_766,Scopus,10.1186/s12866-021-02339-3,Role of biliary stent and neoadjuvant chemotherapy in the pancreatic tumor microbiome,2021,removed as duplicate,exact DOI match,W_732,WoS
S_769,Scopus,10.3389/fonc.2021.740606,The Microbiome Tumor Axis: How the Microbiome Could Contribute to Clonal Heterogeneity and Disease Outcome in Pancreatic Cancer,2021,removed as duplicate,exact DOI match,W_437,WoS
S_770,Scopus,10.1016/j.jconrel.2023.09.028,Delivery of short chain fatty acid butyrate to overcome Fusobacterium nucleatum-induced chemoresistance,2023,removed as duplicate,exact DOI match,W_512,WoS
S_773,Scopus,10.3390/metabo13080938,Metabolic Alteration of MCF-7 Cells upon Indirect Exposure to E. coli Secretome: A Model of Studying the Microbiota Effect on Human Breast Tissue,2023,removed as duplicate,exact DOI match,W_748,WoS
S_776,Scopus,10.1038/s41467-022-32960-3,CAR-T cell therapy-related cytokine release syndrome and therapeutic response is modulated by the gut microbiome in hematologic malignancies,2022,removed as duplicate,exact DOI match,W_378,WoS
S_777,Scopus,10.3389/fmed.2022.1060581,Fecal microbiota transplantation in non-communicable diseases: Recent advances and protocols,2022,removed as duplicate,exact DOI match,W_259,WoS
S_778,Scopus,10.1097/cji.0000000000000474,Fecal Microbiota Transplantation for Immune Checkpoint Inhibitor-Induced Colitis Is Safe and Contributes to Recovery: Two Case Reports,2023,removed as duplicate,exact DOI match,W_10,WoS
S_780,Scopus,10.1038/s41571-023-00766-x,Gut microbiota in colorectal cancer development and therapy,2023,removed as duplicate,exact DOI match,W_382,WoS
S_781,Scopus,10.3390/cancers13194824,The gut microbiome and cancer immunotherapy: Can we use the gut microbiome as a predictive biomarker for clinical response in cancer immunotherapy?,2021,removed as duplicate,exact DOI match,W_27,WoS
S_782,Scopus,10.1016/j.bbagen.2023.130401,"Gut microbiome in cancer immunotherapy: Current trends, translational challenges and future possibilities",2023,removed as duplicate,exact DOI match,W_129,WoS
S_783,Scopus,10.3390/ijms241411611,"Gut Microbiota, Metabolome, and Body Composition Signatures of Response to Therapy in Patients with Advanced Melanoma",2023,removed as duplicate,exact DOI match,W_327,WoS
S_786,Scopus,10.1016/j.canlet.2020.07.002,Barrier integrity and chronic inflammation mediated by HIF-1 impact on intestinal tumorigenesis,2020,removed as duplicate,exact DOI match,W_412,WoS
S_788,Scopus,10.1186/s12890-022-02210-9,Impact of opioid analgesics on the efficacy of immune checkpoint inhibitors in a lung cancer population,2022,removed as duplicate,exact DOI match,W_49,WoS
S_789,Scopus,10.1016/j.bcp.2023.115797,Aryl hydrocarbon receptor (AhR) and pregnane X receptor (PXR) play both distinct and common roles in the regulation of colon homeostasis and intestinal carcinogenesis,2023,removed as duplicate,exact DOI match,W_659,WoS
S_790,Scopus,10.3390/curroncol29080429,Next Wave of Targets in the Treatment of Advanced Renal Cell Carcinoma,2022,removed as duplicate,exact DOI match,W_171,WoS
S_792,Scopus,10.1126/sciimmunol.abf7235,XIAP restrains TNF-driven intestinal inflammation and dysbiosis by promoting innate immune responses of Paneth and dendritic cells,2021,removed as duplicate,exact DOI match,W_578,WoS
S_793,Scopus,10.1007/s12032-023-02074-x,Current advances in microbial-based cancer therapies,2023,removed as duplicate,exact DOI match,W_927,WoS
S_794,Scopus,10.1016/j.nantod.2021.101329,Combination gut microbiota modulation and chemotherapy for orthotopic colorectal cancer therapy,2021,removed as duplicate,exact DOI match,W_464,WoS
S_796,Scopus,10.3389/fimmu.2022.949490,Antitumor effects of fecal microbiota transplantation: Implications for microbiome modulation in cancer treatment,2022,removed as duplicate,exact DOI match,W_224,WoS
S_798,Scopus,10.1146/annurev-immunol-070621-030155,Resistance Mechanisms to Anti-PD Cancer Immunotherapy,2022,removed as duplicate,exact DOI match,W_604,WoS
S_799,Scopus,10.3390/pharmaceutics16010018,Lactobacillus johnsonii LJO02 (DSM 33828) Cell-Free Supernatant and Vitamin D Improve Wound Healing and Reduce Interleukin-6 Production in Staphylococcus aureus-Infected Human Keratinocytes,2024,removed as duplicate,exact DOI match,W_860,WoS
S_800,Scopus,10.1128/iai.00376-21,The Interplay between Gut Microbiota and the Immune System in Liver Transplant Recipients and Its Role in Infections,2021,removed as duplicate,exact DOI match,W_281,WoS
S_805,Scopus,10.1186/s13578-023-01073-9,Overcoming acquired resistance to cancer immune checkpoint therapy: potential strategies based on molecular mechanisms,2023,removed as duplicate,exact DOI match,W_45,WoS
S_806,Scopus,10.1097/cmr.0000000000000871,Screening costs associated with donor selection for fecal microbiota transplantation for treatment of PD-1 refractory melanoma patients,2023,removed as duplicate,exact DOI match,W_162,WoS
S_807,Scopus,10.1142/s0192415x23500416,Ginsenosides are Promising Medicine for Tumor and Inflammation: A Review,2023,removed as duplicate,exact DOI match,W_791,WoS
S_810,Scopus,10.1136/jitc-2023-007840,Methylglyoxal from gut microbes boosts radiosensitivity and radioimmunotherapy in rectal cancer by triggering endoplasmic reticulum stress and cGAS-STING activation,2023,removed as duplicate,exact DOI match,W_200,WoS
S_811,Scopus,10.1016/s2352-3026(22)00223-x,Faecal microbiota transplantation in patients with haematological malignancies undergoing cellular therapies: from translational research to routine clinical practice,2022,removed as duplicate,exact DOI match,W_219,WoS
S_812,Scopus,10.1016/j.cej.2023.141982,The colorectal cancer-specific microbiome regulation and immune response activation via an artificial biomimetic nanovaccine,2023,removed as duplicate,exact DOI match,W_722,WoS
S_813,Scopus,10.1080/19490976.2022.2096328,Obesity enriches for tumor protective microbial metabolites and treatment refractory cells to confer therapy resistance in PDAC,2022,removed as duplicate,exact DOI match,W_356,WoS
S_814,Scopus,10.3390/molecules26113121,"Synthesis and Characterization of Some New Quinoxalin-2(1H)one and 2-Methyl-3H-quinazolin-4-one Derivatives Targeting the Onset and Progression of CRC with SAR, Molecular Docking, and ADMET Analyses",2021,removed as duplicate,exact DOI match,W_833,WoS
S_815,Scopus,10.3389/fimmu.2024.1346211,Different evasion strategies in multiple myeloma,2024,removed as duplicate,exact DOI match,W_745,WoS
S_816,Scopus,10.3389/fimmu.2022.853540,The Role of the Crosstalk Between Gut Microbiota and Immune Cells in the Pathogenesis and Treatment of Multiple Myeloma,2022,removed as duplicate,exact DOI match,W_388,WoS
S_817,Scopus,10.1016/j.jtct.2023.04.007,Mechanisms of Resistance and Treatment of Relapse after CAR T-cell Therapy for Large B-cell Lymphoma and Multiple Myeloma,2023,removed as duplicate,exact DOI match,W_750,WoS
S_820,Scopus,10.1097/md.0000000000029135,The first report on effect of fecal microbiota transplantation as a complementary treatment in a patient with steroid-refractory Cronkhite-Canada syndrome: A case report,2022,removed as duplicate,exact DOI match,W_238,WoS
S_823,Scopus,10.1016/j.imlet.2021.02.007,The onco-immunological implications of Fusobacterium nucleatum in breast cancer,2021,removed as duplicate,exact DOI match,W_712,WoS
S_824,Scopus,10.1016/j.jnutbio.2022.109172,Adaptation of the gut holobiont to malnutrition during mouse pregnancy depends on the type of nutritional adversity,2023,removed as duplicate,exact DOI match,W_528,WoS
S_826,Scopus,10.3390/ijms24065069,Modulation of the Tumor Microenvironment by Microbiota-Derived Short-Chain Fatty Acids: Impact in Colorectal Cancer Therapy,2023,removed as duplicate,exact DOI match,W_664,WoS
S_827,Scopus,10.3390/microorganisms11082004,The Pathogenicity of Fusobacterium nucleatum Modulated by Dietary Fibers—A Possible Missing Link between the Dietary Composition and the Risk of Colorectal Cancer,2023,removed as duplicate,exact DOI match,W_620,WoS
S_829,Scopus,10.1038/s41374-022-00828-1,Hedgehog blockade remodels the gut microbiota and the intestinal effector CD8+ T cells in a mouse model of mammary carcinoma,2022,removed as duplicate,exact DOI match,W_127,WoS
S_830,Scopus,10.1002/ijc.34033,Gut microbiota correlates with antitumor activity in patients with mCRC and NSCLC treated with cetuximab plus avelumab,2022,removed as duplicate,exact DOI match,W_202,WoS
S_835,Scopus,10.1158/1078-0432.ccr-20-4834,A Uniform computational approach improved on existing pipelines to reveal microbiome biomarkers of nonresponse to immune checkpoint inhibitors,2021,removed as duplicate,exact DOI match,W_69,WoS
S_836,Scopus,10.3389/fimmu.2022.1027124,Advancing immune checkpoint blockade in colorectal cancer therapy with nanotechnology,2022,removed as duplicate,exact DOI match,W_60,WoS
S_837,Scopus,10.3389/fphar.2022.1025860,The role of the gut microbiota and probiotics associated with microbial metabolisms in cancer prevention and therapy,2022,removed as duplicate,exact DOI match,W_319,WoS
S_839,Scopus,10.1016/j.jtct.2020.12.026,Safety and Efficacy of Consolidation Therapy with Ipilimumab Plus Nivolumab after Autologous Stem Cell Transplantation,2021,removed as duplicate,exact DOI match,W_206,WoS
S_840,Scopus,10.1080/08923973.2024.2308252,The protective effect of teprenone in TNBS-induced ulcerative colitis rats by modulating the gut microbiota and reducing inflammatory response,2024,removed as duplicate,exact DOI match,W_596,WoS
S_841,Scopus,10.3390/life10100219,"The tumor and host immune signature, and the gut microbiota as predictive biomarkers for immune checkpoint inhibitor response in Melanoma patients",2020,removed as duplicate,exact DOI match,W_26,WoS
S_843,Scopus,10.1186/s12885-022-10457-y,Conversion of unresponsiveness to immune checkpoint inhibition by fecal microbiota transplantation in patients with metastatic melanoma: study protocol for a randomized phase Ib/IIa trial,2022,removed as duplicate,exact DOI match,W_190,WoS
S_844,Scopus,10.3389/fonc.2022.976065,Patient-derived cancer models: Valuable platforms for anticancer drug testing,2022,removed as duplicate,exact DOI match,W_757,WoS
S_845,Scopus,10.3390/ijms22042142,Metabolic factors affecting tumor immunogenicity: What is happening at the cellular level?,2021,removed as duplicate,exact DOI match,W_54,WoS
S_846,Scopus,10.1177/03936155221088884,The complexity of cancer immunotherapy illustrated through skin tumors,2022,removed as duplicate,exact DOI match,W_542,WoS
S_847,Scopus,10.1155/2022/4472509,Anticancer Effect of Puerarin on Ovarian Cancer Progression Contributes to the Tumor Suppressor Gene Expression and Gut Microbiota Modulation,2022,removed as duplicate,exact DOI match,W_461,WoS
S_848,Scopus,10.1186/s13073-021-00923-w,Role of the intestinal microbiome and microbial-derived metabolites in immune checkpoint blockade immunotherapy of cancer,2021,removed as duplicate,exact DOI match,W_68,WoS
S_849,Scopus,10.1016/j.neo.2022.100822,Composition of gastrointestinal microbiota in association with treatment response in individuals with metastatic castrate resistant prostate cancer progressing on enzalutamide and initiating treatment with anti-PD-1 (pembrolizumab),2022,removed as duplicate,exact DOI match,W_350,WoS
S_850,Scopus,10.1016/j.urolonc.2020.12.011,Investigating the association between the urinary microbiome and bladder cancer: An exploratory study,2021,removed as duplicate,exact DOI match,W_571,WoS
S_853,Scopus,10.1089/ars.2021.0243,Novel Anticancer Strategy by Targeting the Gut Microbial Neurotransmitter Signaling to Overcome Immunotherapy Resistance,2023,removed as duplicate,exact DOI match,W_300,WoS
S_855,Scopus,10.3390/cancers13123063,"Microsatellite instability in colorectal cancers: Carcinogenesis, neo-antigens, immuno-resistance and emerging therapies",2021,removed as duplicate,exact DOI match,W_71,WoS
S_858,Scopus,10.3390/curroncol30090570,Two Cases of Durable and Deep Responses to Immune Checkpoint Inhibition-Refractory Metastatic Melanoma after Addition of Camu Camu Prebiotic,2023,removed as duplicate,exact DOI match,W_101,WoS
S_862,Scopus,10.1142/s0192415x24500885,Research Progress in Ulcerative Colitis: The Role of Traditional Chinese Medicine on Gut Microbiota and Signaling Pathways,2024,removed as duplicate,exact DOI match,W_418,WoS
S_864,Scopus,10.3390/cancers15245859,Human Intestinal Organoids and Microphysiological Systems for Modeling Radiotoxicity and Assessing Radioprotective Agents,2023,removed as duplicate,exact DOI match,W_580,WoS
S_866,Scopus,10.1016/j.ijbiomac.2023.125700,Protective effect of plantaricin bio-LP1 bacteriocin on multidrug-resistance Escherichia Coli infection by alleviate the inflammation and modulate of gut-microbiota in BALB/c mice model,2023,removed as duplicate,exact DOI match,W_392,WoS
S_868,Scopus,10.1080/19490976.2024.2320291,The colibactin-producing Escherichia coli alters the tumor microenvironment to immunosuppressive lipid overload facilitating colorectal cancer progression and chemoresistance,2024,removed as duplicate,exact DOI match,W_852,WoS
S_869,Scopus,10.1038/s41388-022-02584-4,Breast cancer and neurotransmitters: emerging insights on mechanisms and therapeutic directions,2023,removed as duplicate,exact DOI match,W_687,WoS
S_871,Scopus,10.21037/apm-20-2076,Antibiotic exposure windows and the efficacy of immune checkpoint blockers in patients with cancer: A meta-analysis,2021,removed as duplicate,exact DOI match,W_85,WoS
S_874,Scopus,10.1007/s00262-022-03169-6,Murine fecal microbiota transfer models selectively colonize human microbes and reveal transcriptional programs associated with response to neoadjuvant checkpoint inhibitors,2022,removed as duplicate,exact DOI match,W_33,WoS
S_876,Scopus,10.1155/2022/6565300,Characterization of Butyrate-Resistant Colorectal Cancer Cell Lines and the Cytotoxicity of Anticancer Drugs against These Cells,2022,removed as duplicate,exact DOI match,W_511,WoS
S_879,Scopus,10.3389/fcell.2022.1012254,Lactate drives cellular DNA repair capacity: Role of lactate and related short-chain fatty acids in cervical cancer chemoresistance and viral infection,2022,removed as duplicate,exact DOI match,W_701,WoS
S_880,Scopus,10.1016/j.ctrv.2022.102499,Mechanisms of resistance to immune checkpoint inhibitors in melanoma: What we have to overcome?,2023,removed as duplicate,exact DOI match,W_57,WoS
S_881,Scopus,10.1111/1759-7714.14626,Gut microbiota shed new light on the management of immune-related adverse events,2022,removed as duplicate,exact DOI match,W_4,WoS
S_886,Scopus,10.1080/21645515.2022.2159706,9th Immunotherapy of Cancer conference (ITOC): A meeting report,2022,removed as duplicate,exact DOI match,W_587,WoS
S_888,Scopus,10.1093/oncolo/oyac076,Recent FDA Approvals in the Treatment of Graft-Versus-Host Disease,2022,removed as duplicate,exact DOI match,W_807,WoS
S_892,Scopus,10.1016/j.cell.2021.07.029,Dysregulation of ILC3s unleashes progression and immunotherapy resistance in colon cancer,2021,removed as duplicate,exact DOI match,W_506,WoS
S_893,Scopus,10.14218/jcth.2022.00068s,Current Therapeutics in Primary Sclerosing Cholangitis,2023,removed as duplicate,exact DOI match,W_273,WoS
S_895,Scopus,10.1038/s41416-020-01198-5,Fusobacterium nucleatum confers chemoresistance by modulating autophagy in oesophageal squamous cell carcinoma,2021,removed as duplicate,exact DOI match,W_122,WoS
S_896,Scopus,10.1016/j.bbadis.2021.166179,Mice with dysfunctional TGF-β signaling develop altered intestinal microbiome and colorectal cancer resistant to 5FU,2021,removed as duplicate,exact DOI match,W_323,WoS
S_897,Scopus,10.1002/advs.202206957,Gastric Acid-Responsive ROS Nanogenerators for Effective Treatment of Helicobacter pylori Infection without Disrupting Homeostasis of Intestinal Flora,2023,removed as duplicate,exact DOI match,W_501,WoS
S_899,Scopus,10.1016/j.ijantimicag.2023.106923,New insights into the antimicrobial action and protective therapeutic effect of tirapazamine towards Escherichia coli-infected mice,2023,removed as duplicate,exact DOI match,W_657,WoS
S_900,Scopus,10.1007/s10620-021-07024-z,Fecal Microbiota Transplantation Is Safe for Clostridiodies difficile Infection in Patients with Solid Tumors Undergoing Chemotherapy,2022,removed as duplicate,exact DOI match,W_554,WoS
S_902,Scopus,10.1159/000531474,Recent Developments in Diagnostic and Prognostic Biomarkers for Colorectal Cancer: A Narrative Review,2023,removed as duplicate,exact DOI match,W_843,WoS
S_904,Scopus,10.1080/14737159.2023.2281482,The tumor immune microenvironment in pancreatic cancer and its potential in the identification of immunotherapy biomarkers,2023,removed as duplicate,exact DOI match,W_831,WoS
S_906,Scopus,10.1080/19490976.2022.2119055,Gut microbiota modulate radiotherapy-associated antitumor immune responses against hepatocellular carcinoma Via STING signaling,2022,removed as duplicate,exact DOI match,W_237,WoS
S_907,Scopus,10.1007/s11906-022-01181-w,Obstructive Sleep Apnea and Hypertension: Updates to a Critical Relationship,2022,removed as duplicate,exact DOI match,W_402,WoS
S_909,Scopus,10.3390/microorganisms11081898,Probiotic-Derived Bioactive Compounds in Colorectal Cancer Treatment,2023,removed as duplicate,exact DOI match,W_324,WoS
S_910,Scopus,10.1002/jcp.30260,Emerging role of RNF2 in cancer: From bench to bedside,2021,removed as duplicate,exact DOI match,W_507,WoS
S_912,Scopus,10.7554/elife.83140,Evolved bacterial resistance to the chemotherapy gemcitabine modulates its efficacy in co-cultured cancer cells,2023,removed as duplicate,exact DOI match,W_723,WoS
S_913,Scopus,10.1016/j.jconrel.2023.09.014,Nano-enabled colorectal cancer therapy,2023,removed as duplicate,exact DOI match,W_383,WoS
S_914,Scopus,10.3390/ijms241411855,How Can the Microbiome Induce Carcinogenesis and Modulate Drug Resistance in Cancer Therapy?,2023,removed as duplicate,exact DOI match,W_313,WoS
S_916,Scopus,10.1097/mph.0000000000002023,Fecal Microbiota Transplantation for Treatment of Severe Clostridioides difficile Colitis in a Pediatric Patient with Non-Hodgkin Lymphoma,2021,removed as duplicate,exact DOI match,W_285,WoS
S_918,Scopus,10.1080/1040841x.2022.2035313,The microbiome and precision oncology: an emerging paradigm in anticancer therapy,2022,removed as duplicate,exact DOI match,W_414,WoS
S_922,Scopus,10.3390/cancers15184426,The Influence of the Microbiome on Immunotherapy for Gastroesophageal Cancer,2023,removed as duplicate,exact DOI match,W_345,WoS
S_923,Scopus,10.3389/fonc.2022.882874,Prediction of Pathogenic Factors in Dysbiotic Gut Microbiomes of Colorectal Cancer Patients Using Reverse Microbiomics,2022,removed as duplicate,exact DOI match,W_650,WoS
S_925,Scopus,10.1017/erm.2023.9,Fusobacterium nucleatum: A novel immune modulator in breast cancer?,2023,removed as duplicate,exact DOI match,W_138,WoS
S_926,Scopus,10.1016/j.gpb.2022.07.002,Gut Microbiome in Colorectal Cancer: Clinical Diagnosis and Treatment,2023,removed as duplicate,exact DOI match,W_263,WoS
S_929,Scopus,10.1158/2326-6066.cir-20-0196,The Gut microbiome associates with immune checkpoint inhibition outcomes in patients with advanced non-small cell lung cancer,2020,removed as duplicate,exact DOI match,W_151,WoS
S_931,Scopus,10.3389/fcimb.2022.976710,Refractory Helicobacter pylori infection and the gastric microbiota,2022,removed as duplicate,exact DOI match,W_755,WoS
S_932,Scopus,10.1080/17460441.2023.2157402,Tachyplesin I and its derivatives: A pharmaco-chemical perspective on their antimicrobial and antitumor potential,2022,removed as duplicate,exact DOI match,W_869,WoS
S_933,Scopus,10.1080/19490976.2024.2310215,Colibactin-producing Escherichia coli enhance resistance to chemotherapeutic drugs by promoting epithelial to mesenchymal transition and cancer stem cell emergence,2024,removed as duplicate,exact DOI match,W_788,WoS
S_935,Scopus,10.3748/wjg.v27.i42.7340,Gut microbiome composition can predict the response to nivolumab in advanced hepatocellular carcinoma patients,2021,removed as duplicate,exact DOI match,W_541,WoS
S_936,Scopus,10.1126/sciadv.add2789,Nitroreductase-instructed supramolecular assemblies for microbiome regulation to enhance colorectal cancer treatments,2022,removed as duplicate,exact DOI match,W_786,WoS
S_940,Scopus,10.1186/s40168-022-01289-w,Gut dysbiosis promotes prostate cancer progression and docetaxel resistance via activating NF-κB-IL6-STAT3 axis,2022,removed as duplicate,exact DOI match,W_235,WoS
S_944,Scopus,10.2147/jpr.s415642,Fecal Microbiota Transplantation Alleviated Paclitaxel-Induced Peripheral Neuropathy by Interfering with Astrocytes and TLR4/p38MAPK Pathway in Rats,2023,removed as duplicate,exact DOI match,W_354,WoS
S_945,Scopus,10.1016/j.chom.2023.04.010,Fusobacterium nucleatum-derived succinic acid induces tumor resistance to immunotherapy in colorectal cancer,2023,removed as duplicate,exact DOI match,W_303,WoS
S_947,Scopus,10.3389/fimmu.2023.1093233,Case report: Fecal microbiota transplantation in refractory ankylosing spondylitis,2023,removed as duplicate,exact DOI match,W_231,WoS
S_948,Scopus,10.3390/cancers13051000,Subversion of niche-signalling pathways in colorectal cancer: What makes and breaks the intestinal stem cell,2021,removed as duplicate,exact DOI match,W_963,WoS
S_951,Scopus,10.1016/j.clinre.2023.102247,Gastric microbiota in patients with gastric MALT lymphoma according to Helicobacter pylori infection,2024,removed as duplicate,exact DOI match,W_803,WoS
S_953,Scopus,10.3390/biomedicines10040832,Bacteria-Mediated Modulatory Strategies for Colorectal Cancer Treatment,2022,removed as duplicate,exact DOI match,W_462,WoS
S_954,Scopus,10.1016/j.jep.2022.115084,Potential activity of Traditional Chinese Medicine against Ulcerative colitis: A review,2022,removed as duplicate,exact DOI match,W_907,WoS
S_956,Scopus,10.32604/biocell.2023.030383,Possible therapeutic role of short-chain fatty acids from skin commensal bacteria in UVB-induced skin carcinogenesis,2023,removed as duplicate,exact DOI match,W_175,WoS
S_958,Scopus,10.3389/fphar.2021.651813,"Natural-Derived Polysaccharides From Plants, Mushrooms, and Seaweeds for the Treatment of Inflammatory Bowel Disease",2021,removed as duplicate,exact DOI match,W_622,WoS
S_959,Scopus,10.1080/14737140.2023.2262765,The long and winding road of faecal microbiota transplants to targeted intervention for improvement of immune checkpoint inhibition therapy,2023,removed as duplicate,exact DOI match,W_241,WoS
S_960,Scopus,10.1055/a-1506-3476,"Desmethylbellidifolin Attenuates Dextran Sulfate Sodium-Induced Colitis: Impact on Intestinal Barrier, Intestinal Inflammation and Gut Microbiota",2022,removed as duplicate,exact DOI match,W_376,WoS
S_961,Scopus,10.3389/fonc.2021.704001,TPL Inhibits the Invasion and Migration of Drug-Resistant Ovarian Cancer by Targeting the PI3K/AKT/NF-κB-Signaling Pathway to Inhibit the Polarization of M2 TAMs,2021,removed as duplicate,exact DOI match,W_658,WoS
S_962,Scopus,10.3389/fphar.2024.1510851,Intratumor microbiome-derived butyrate promotes chemo-resistance in colorectal cancer,2024,removed as duplicate,exact DOI match,W_536,WoS
S_963,Scopus,10.38212/2224-6614.3346,Ursolic acid restores sensitivity to gemcitabine through the RAGE/NF-kB/MDR1 axis in pancreatic cancer cells and in a mouse xenograft model,2021,removed as duplicate,exact DOI match,W_393,WoS
S_965,Scopus,10.1128/aac.01921-20,Dihydrotanshinone i is effective against drug-resistant helicobacter pylori in vitro and in vivo,2021,removed as duplicate,exact DOI match,W_730,WoS
S_970,Scopus,10.1111/tid.13216,"Successful treatment of fulminant Clostridioides difficile infection with emergent fecal microbiota transplantation in a patient with acute myeloid leukemia and prolonged, severe neutropenia",2020,removed as duplicate,exact DOI match,W_499,WoS
S_971,Scopus,10.1182/blood.2020005957,Glucagon-like peptide 2 for intestinal stem cell and Paneth cell repair during graft-versus-host disease in mice and humans,2020,removed as duplicate,exact DOI match,W_956,WoS
S_974,Scopus,10.3389/fimmu.2019.02989,Gut Microbiome as a Potential Factor for Modulating Resistance to Cancer Immunotherapy,2020,removed as duplicate,exact DOI match,W_146,WoS
S_977,Scopus,10.1097/cco.0000000000000603,Mechanisms of resistance and predictive biomarkers of response to targeted therapies and immunotherapies in metastatic melanoma,2020,removed as duplicate,exact DOI match,W_181,WoS
S_981,Scopus,10.1080/2162402x.2020.1774298,Trial watch : the gut microbiota as a tool to boost the clinical efficacy of anticancer immunotherapy,2020,removed as duplicate,exact DOI match,W_222,WoS
S_982,Scopus,10.1038/s41591-018-0238-9,Fecal microbiota transplantation for refractory immune checkpoint inhibitor-associated colitis,2018,removed as duplicate,exact DOI match,W_11,WoS
S_983,Scopus,10.1371/journal.pone.0180372,N-(3-oxododecanoyl)-L-homoserine lactone interactions in the breast tumor microenvironment: Implications for breast cancer viability and proliferation in vitro,2017,removed as duplicate,exact DOI match,W_862,WoS
S_989,Scopus,10.1093/ajcn/nqz145,The impact of keto-adaptation on exercise performance and the role of metabolic-regulating cytokines,2019,removed as duplicate,exact DOI match,W_934,WoS
S_992,Scopus,10.1200/op.20.00002,Immune checkpoint inhibitor⇓mediated diarrhea and colitis: A clinical review,2020,removed as duplicate,exact DOI match,W_55,WoS
S_993,Scopus,10.1016/j.jnutbio.2018.02.018,"Butyrate, a dietary fiber derivative that improves irinotecan effect in colon cancer cells",2018,removed as duplicate,exact DOI match,W_836,WoS
S_994,Scopus,10.1007/s10147-019-01611-x,Immune-resistant mechanisms in cancer immunotherapy,2020,removed as duplicate,exact DOI match,W_66,WoS
S_999,Scopus,10.1177/1756284819884196,Immune checkpoint inhibitor-associated gastrointestinal and hepatic adverse events and their management,2019,removed as duplicate,exact DOI match,W_22,WoS
S_1000,Scopus,10.1111/1751-2980.12595,Impact of Klebsiella pneumoniae in lower gastrointestinal tract diseases,2018,removed as duplicate,exact DOI match,W_751,WoS
S_1001,Scopus,10.3389/fmicb.2018.01607,Comparison of microbiota in patients treated by surgery or chemotherapy by 16S rRNA sequencing reveals potential biomarkers for colorectal cancer therapy,2018,removed as duplicate,exact DOI match,W_363,WoS
S_1004,Scopus,10.1080/20002297.2018.1563410,Possible role of Porphyromonas gingivalis in orodigestive cancers,2019,removed as duplicate,exact DOI match,W_871,WoS
S_1009,Scopus,10.1016/j.ijid.2019.01.039,Improving treatment outcomes for MDR-TB — Novel host-directed therapies and personalised medicine of the future,2019,removed as duplicate,exact DOI match,W_787,WoS
S_1011,Scopus,10.1080/15384047.2017.1345396,Therapeutic implications of bioactive sphingolipids: A focus on colorectal cancer,2017,removed as duplicate,exact DOI match,W_634,WoS
S_1013,Scopus,10.1126/science.aan3706,Gut microbiome influences efficacy of PD-1-based immunotherapy against epithelial tumors,2018,removed as duplicate,exact DOI match,W_121,WoS
S_1014,Scopus,10.2147/ott.s145949,"Clinical significance of Fusobacterium nucleatum, epithelial–mesenchymal transition, and cancer stem cell markers in stage III /IV colorectal cancer patients",2017,removed as duplicate,exact DOI match,W_802,WoS
S_1015,Scopus,10.1186/s40164-019-0155-8,Gut microbiome and CAR-T therapy,2019,removed as duplicate,exact DOI match,W_229,WoS
S_1019,Scopus,10.1016/j.coph.2020.06.004,Modulation of gut microbiota to overcome resistance to immune checkpoint blockade in cancer immunotherapy,2020,removed as duplicate,exact DOI match,W_112,WoS
S_1025,Scopus,10.3389/fmicb.2018.03099,Anti-breast Cancer Enhancement of a Polysaccharide From Spore of Ganoderma lucidum With Paclitaxel: Suppression on Tumor Metabolism With Gut Microbiota Reshaping,2018,removed as duplicate,exact DOI match,W_440,WoS
S_1026,Scopus,10.1080/14737159.2018.1544495,The microbiome of pancreatic cancer: from molecular diagnostics to new therapeutic approaches to overcome chemoresistance caused by metabolic inactivation of gemcitabine,2018,removed as duplicate,exact DOI match,W_713,WoS
S_1030,Scopus,10.1111/apt.13436,Review article: The potential mechanisms of action of rifaximin in the management of inflammatory bowel diseases,2016,removed as duplicate,exact DOI match,W_765,WoS
S_1035,Scopus,10.1186/s12934-020-01330-3,Type 2 diabetes induced microbiome dysbiosis is associated with therapy resistance in pancreatic adenocarcinoma,2020,removed as duplicate,exact DOI match,W_252,WoS
S_1039,Scopus,10.3390/ijms21124414,Immuno-metabolism and microenvironment in cancer: Key players for immunotherapy,2020,removed as duplicate,exact DOI match,W_136,WoS
S_1040,Scopus,10.1016/j.celrep.2019.04.001,Integrated In Vitro and In Silico Modeling Delineates the Molecular Effects of a Synbiotic Regimen on Colorectal-Cancer-Derived Cells,2019,removed as duplicate,exact DOI match,W_509,WoS
S_1041,Scopus,10.1016/j.jtho.2020.03.006,Immune Checkpoint Inhibitors in Thoracic Malignancies: Review of the Existing Evidence by an IASLC Expert Panel and Recommendations,2020,removed as duplicate,exact DOI match,W_80,WoS
S_1045,Scopus,10.3748/wjg.v26.i20.2498,Role of gut microbiota-immunity axis in patients undergoing surgery for colorectal cancer: Focus on short and long-term outcomes,2020,removed as duplicate,exact DOI match,W_265,WoS
S_1046,Scopus,10.1002/ijc.32003,Fecal microbiota transplantation in cancer management: Current status and perspectives,2019,removed as duplicate,exact DOI match,W_228,WoS
S_1048,Scopus,10.1371/journal.pone.0158227,Short-term surveillance of cytokines and C-reactive protein cannot predict efficacy of fecal microbiota transplantation for ulcerative colitis,2016,removed as duplicate,exact DOI match,W_684,WoS
S_1056,Scopus,10.1001/jamaoncol.2019.2785,Association of prior antibiotic treatment with survival and response to immune checkpoint inhibitor therapy in patients with cancer,2019,removed as duplicate,exact DOI match,W_77,WoS
S_1058,Scopus,10.1111/1759-7714.12969,Impact of bowel movement condition on immune checkpoint inhibitor efficacy in patients with advanced non-small cell lung cancer,2019,removed as duplicate,exact DOI match,W_63,WoS
S_1062,Scopus,10.3892/or.2016.4838,Butyrate-mediated acquisition of chemoresistance by human colon cancer cells,2016,removed as duplicate,exact DOI match,W_628,WoS
S_1064,Scopus,10.1007/s10620-020-06103-x,Gut Microbiome and Immune Checkpoint Inhibitor-Induced Enterocolitis,2020,removed as duplicate,exact DOI match,W_5,WoS
S_1065,Scopus,10.1186/s12943-018-0864-3,Biomarkers for predicting efficacy of PD-1/PD-L1 inhibitors,2018,removed as duplicate,exact DOI match,W_168,WoS
S_1069,Scopus,10.1080/17425247.2020.1748005,Orally delivered targeted nanotherapeutics for the treatment of colorectal cancer,2020,removed as duplicate,exact DOI match,W_868,WoS
S_1071,Scopus,10.3892/ijo.2020.5096,Probiotic-derived ferrichrome inhibits the growth of refractory pancreatic cancer cells,2020,removed as duplicate,exact DOI match,W_908,WoS
S_1074,Scopus,10.1016/j.celrep.2020.01.035,Prebiotic-Induced Anti-tumor Immunity Attenuates Tumor Growth,2020,removed as duplicate,exact DOI match,W_365,WoS
S_1076,Scopus,10.3390/biom10050666,The resistance mechanisms of checkpoint inhibitors in solid tumors,2020,removed as duplicate,exact DOI match,W_34,WoS
S_1077,Scopus,10.1016/j.coph.2017.05.003,Immunotherapeutic properties of chemotherapy,2017,removed as duplicate,exact DOI match,W_316,WoS
S_1081,Scopus,10.3389/fonc.2020.00163,Opportunities and Challenges of the Human Microbiome in Ovarian Cancer,2020,removed as duplicate,exact DOI match,W_310,WoS
S_1082,Scopus,10.1155/2018/6237239,Helicobacter pylori infection and gastric dysbiosis: Can probiotics administration be useful to treat this condition?,2018,removed as duplicate,exact DOI match,W_720,WoS
S_1088,Scopus,10.1016/j.biotechadv.2018.11.011,Dietary phytochemicals in colorectal cancer prevention and treatment: A focus on the molecular mechanisms involved,2020,removed as duplicate,exact DOI match,W_825,WoS
S_1089,Scopus,10.3390/ijms17111786,Circadian rhythm shapes the gut microbiota affecting host radiosensitivity,2016,removed as duplicate,exact DOI match,W_504,WoS
S_1091,Scopus,10.1016/j.bbcan.2017.06.005,Extracellular vesicles in gastrointestinal cancer in conjunction with microbiota: On the border of Kingdoms,2017,removed as duplicate,exact DOI match,W_844,WoS
S_1092,Scopus,10.1093/ecco-jcc/jjaa039,Metabonomics and the gut microbiome associated with primary response to anti-TNF therapy in Crohn's disease,2020,removed as duplicate,exact DOI match,W_721,WoS
S_1093,Scopus,10.1080/14787210.2016.1234376,The epidemiology of Clostridium difficile infection in patients with cancer,2016,removed as duplicate,exact DOI match,W_459,WoS
S_1094,Scopus,10.1016/j.eururo.2020.04.044,Gut Bacteria Composition Drives Primary Resistance to Cancer Immunotherapy in Renal Cell Carcinoma Patients,2020,removed as duplicate,exact DOI match,W_210,WoS
S_1096,Scopus,10.3389/fonc.2020.00902,Gut Microbiota Profiling in Patients With HER2-Negative Metastatic Breast Cancer Receiving Metronomic Chemotherapy of Capecitabine Compared to Those Under Conventional Dosage,2020,removed as duplicate,exact DOI match,W_380,WoS
S_1098,Scopus,10.1021/acs.molpharmaceut.8b00875,Gut Microbiota-Mediated Bile Acid Transformations Alter the Cellular Response to Multidrug Resistant Transporter Substrates in Vitro: Focus on P-glycoprotein,2018,removed as duplicate,exact DOI match,W_495,WoS
S_1100,Scopus,10.15666/aeer/1804_55055525,"Primary non-response in inflammatory bowel disease, definition, potential causes, therapeutic drug monitoring and microbiota – a review",2020,removed as duplicate,exact DOI match,W_606,WoS
S_1102,Scopus,10.1158/1078-0432.ccr-18-3781,Targeting the tumor microenvironment in radiation oncology: Proceedings from the 2018 ASTRO–AACR Research workshop,2019,removed as duplicate,exact DOI match,W_695,WoS
S_1103,Scopus,10.1515/cclm-2017-1163,Exploring the microbiota to better understand gastrointestinal cancers physiology,2018,removed as duplicate,exact DOI match,W_400,WoS
S_1105,Scopus,10.7150/jca.26481,Molecular mechanisms and countermeasures of immunotherapy resistance in malignant tumor,2019,removed as duplicate,exact DOI match,W_325,WoS
S_1107,Scopus,10.2174/1871520616666151116124549,Yin and yang of polyphenols in cancer prevention: A short review,2016,removed as duplicate,exact DOI match,W_475,WoS
S_1108,Scopus,10.1016/j.fct.2016.03.011,In vivo relevant mixed urolithins and ellagic acid inhibit phenotypic and molecular colon cancer stem cell features: A new potentiality for ellagitannin metabolites against cancer,2016,removed as duplicate,exact DOI match,W_690,WoS
S_1111,Scopus,10.1007/s00535-018-1492-9,Microbial biomarkers for immune checkpoint blockade therapy against cancer,2018,removed as duplicate,exact DOI match,W_135,WoS
S_1112,Scopus,10.1080/2162402x.2020.1794423,Elucidating the gut microbiota composition and the bioactivity of immunostimulatory commensals for the optimization of immune checkpoint inhibitors,2020,removed as duplicate,exact DOI match,W_102,WoS
S_1113,Scopus,10.1016/j.pharmthera.2018.06.010,Novel therapeutic strategy for cancer and autoimmune conditions: Modulating cell metabolism and redox capacity,2018,removed as duplicate,exact DOI match,W_545,WoS
S_1115,Scopus,10.1097/md.0000000000022129,Treatment of intestinal graft-versus-host disease with unrelated donor fecal microbiota transplantation capsules: A case report,2020,removed as duplicate,exact DOI match,W_444,WoS
S_1119,Scopus,10.1128/mbio.02120-17,Fecal microbiota signatures are associated with response to ustekinumab therapy among crohn’s disease patients,2018,removed as duplicate,exact DOI match,W_410,WoS
S_1120,Scopus,10.1016/j.coph.2020.09.013,Genomic landscape analyses in cervical carcinoma and consequences for treatment,2020,removed as duplicate,exact DOI match,W_890,WoS
S_1121,Scopus,10.1177/2050640619839918,The impact of technical and clinical factors on fecal microbiota transfer outcomes for the treatment of recurrent Clostridioides difficile infections in Germany,2019,removed as duplicate,exact DOI match,W_460,WoS
S_1123,Scopus,10.1097/md.0000000000021788,Characterization of gut microbiota in patients with primary hepatocellular carcinoma received immune checkpoint inhibitors: A Chinese population-based study,2020,removed as duplicate,exact DOI match,W_39,WoS
S_1124,Scopus,10.1016/j.biopha.2020.110409,Probiotics for cancer alternative prevention and treatment,2020,removed as duplicate,exact DOI match,W_779,WoS
S_1127,Scopus,10.3324/haematol.2018.198549,Fecal microbiota transplantation before or after allogeneic hematopoietic transplantation in patients with hematologic malignancies carrying multidrug-resistance bacteria,2019,removed as duplicate,exact DOI match,W_424,WoS
S_1130,Scopus,10.1097/meg.0000000000001168,A locus at 7p14.3 predisposes to refractory celiac disease progression from celiac disease,2018,removed as duplicate,exact DOI match,W_950,WoS
S_1136,Scopus,10.1039/c8ra01662c,An inflammatory memory and angiogenic self-assembling nanofiber hydrogel scaffold seeded with: Akkermansia muciniphila to accelerate the healing of diabetic ischemic ulcers,2018,removed as duplicate,exact DOI match,W_801,WoS
S_1137,Scopus,10.1016/j.smim.2017.09.005,The yin and yang of leukotriene B4 mediated inflammation in cancer,2017,removed as duplicate,exact DOI match,W_888,WoS
S_1139,Scopus,10.1097/meg.0000000000001223,Oral vancomycin induces sustained deep remission in adult patients with ulcerative colitis and primary sclerosing cholangitis,2018,removed as duplicate,exact DOI match,W_958,WoS
S_1142,Scopus,10.3389/fmicb.2020.00814,Gut Microbiome Influences the Efficacy of PD-1 Antibody Immunotherapy on MSS-Type Colorectal Cancer via Metabolic Pathway,2020,removed as duplicate,exact DOI match,W_375,WoS
S_1143,Scopus,10.1177/1756283x16642190,Stem cell-based therapies in inflammatory bowel disease: Promises and pitfalls,2016,removed as duplicate,exact DOI match,W_159,WoS
S_1144,Scopus,10.1002/prp2.616,Introducing variability in targeting the microtubules: Review of current mechanisms and future directions in colchicine therapy,2020,removed as duplicate,exact DOI match,W_929,WoS
S_1146,Scopus,10.1097/mog.0000000000000593,"Immune-checkpoint inhibitors induced diarrhea and colitis: A review of incidence, pathogenesis and management",2020,removed as duplicate,exact DOI match,W_23,WoS
S_1148,Scopus,10.1080/10408363.2019.1660303,Complex interactions between the microbiome and cancer immune therapy,2019,removed as duplicate,exact DOI match,W_156,WoS
S_1152,Scopus,10.1177/1759720x20951733,Uveitis in spondyloarthritis,2020,removed as duplicate,exact DOI match,W_957,WoS
S_1155,Scopus,10.1182/asheducation-2018.1.236,Biology-driven developments in the therapy of acute graft-versus-host disease,2018,removed as duplicate,exact DOI match,W_594,WoS
S_1159,Scopus,10.1016/j.ebiom.2019.05.066,Fecal microbiota transplantation beyond Clostridioides difficile infections,2019,removed as duplicate,exact DOI match,W_249,WoS
S_1160,Scopus,10.3390/ijms19113331,Pancreatic cancer and obesity: Molecular mechanisms of cell transformation and chemoresistance,2018,removed as duplicate,exact DOI match,W_736,WoS
S_1162,Scopus,10.21037/tlcr.2019.10.23,The role of the gut microbiome on the efficacy of immune checkpoint inhibitors in Japanese responder patients with advanced non-small cell lung cancer,2019,removed as duplicate,exact DOI match,W_111,WoS
S_1163,Scopus,10.1186/s13046-018-0985-y,Fusobacterium nucleatum promotes chemoresistance to 5-fluorouracil by upregulation of BIRC3 expression in colorectal caner,2019,removed as duplicate,exact DOI match,W_441,WoS
S_1165,Scopus,10.3390/pathogens8020045,The hidden cost of modern medical interventions: How medical advances have shaped the prevalence of human fungal disease,2019,removed as duplicate,exact DOI match,W_669,WoS
S_1166,Scopus,10.1016/j.disamonth.2017.07.001,A comprehensive review and update on Crohn's disease,2018,removed as duplicate,exact DOI match,W_978,WoS
S_1171,Scopus,10.3389/fchem.2020.00600,New Roadmaps for Non-muscle-invasive Bladder Cancer With Unfavorable Prognosis,2020,removed as duplicate,exact DOI match,W_829,WoS
S_1172,Scopus,10.1097/sla.0000000000003393,Driver Gene Mutations and Epigenetics in Colorectal Cancer,2020,removed as duplicate,exact DOI match,W_782,WoS
S_1175,Scopus,10.1186/s12916-019-1380-z,Celiac disease: A comprehensive current review,2019,removed as duplicate,exact DOI match,W_711,WoS
S_1179,Scopus,10.12788/j.sder.2018.019,Biomarkers for immune therapy in melanoma,2018,removed as duplicate,exact DOI match,W_78,WoS
S_1180,Scopus,10.3892/ijo.2018.4570,Mechanisms underlying the effects of stress on tumorigenesis and metastasis (Review),2018,removed as duplicate,exact DOI match,W_452,WoS
S_1181,Scopus,10.18632/oncotarget.7206,Expression of the bitter receptor T2R38 in pancreatic cancer: Localization in lipid droplets and activation by a bacteria-derived quorum-sensing molecule,2016,removed as duplicate,exact DOI match,W_805,WoS
S_1183,Scopus,10.1093/ibd/izz212,Management Considerations for Immune Checkpoint Inhibitor-Induced Enterocolitis Based on Management of Inflammatory Bowel Disease,2020,removed as duplicate,exact DOI match,W_15,WoS
S_1185,Scopus,10.1038/s41590-020-0761-y,Regulation and modulation of antitumor immunity in pancreatic cancer,2020,removed as duplicate,exact DOI match,W_742,WoS
S_1186,Scopus,10.5858/arpa.2018-0584-cp,The cancer immunotherapy biomarker testing landscape,2020,removed as duplicate,exact DOI match,W_152,WoS
S_1187,Scopus,10.7150/thno.35131,Combination Therapy of TGF-β Blockade and Commensal-derived Probiotics Provides Enhanced Antitumor Immune Response and Tumor Suppression,2019,removed as duplicate,exact DOI match,W_262,WoS
S_1188,Scopus,10.1007/s11154-019-09518-8,Keto microbiota: A powerful contributor to host disease recovery,2019,removed as duplicate,exact DOI match,W_454,WoS
S_1190,Scopus,10.1186/s12885-019-5676-3,"PRIMMO study protocol: A phase II study combining PD-1 blockade, radiation and immunomodulation to tackle cervical and uterine cancer",2019,removed as duplicate,exact DOI match,W_686,WoS
S_1195,Scopus,10.4252/wjsc.v12.i10.1113,"Medical, ethical, and legal aspects of hematopoietic stem cell transplantation for Crohn’s disease in Brazil",2020,removed as duplicate,exact DOI match,W_940,WoS
S_1197,Scopus,10.1016/j.cell.2017.07.008,Fusobacterium nucleatum Promotes Chemoresistance to Colorectal Cancer by Modulating Autophagy,2017,removed as duplicate,exact DOI match,W_472,WoS
S_1198,Scopus,10.3748/wjg.v24.i34.3834,Drug resistance and new therapies in colorectal cancer,2018,removed as duplicate,exact DOI match,W_132,WoS
S_1200,Scopus,10.1124/dmd.116.074609,In vitro interactions of epacadostat and its major metabolites with human efflux and uptake transporters: Implications for pharmacokinetics and drug interactions,2017,removed as duplicate,exact DOI match,W_774,WoS
S_1204,Scopus,10.1158/1940-6207.capr-16-0209,Targeting inflammation in cancer prevention and therapy,2016,removed as duplicate,exact DOI match,W_734,WoS
S_1206,Scopus,10.3892/ol.2019.10433,Fusobacterium nucleatum-positive colorectal cancer (Review),2019,removed as duplicate,exact DOI match,W_391,WoS
S_1207,Scopus,10.1016/j.trecan.2018.01.008,Beyond Tissue Stiffness and Bioadhesivity: Advanced Biomaterials to Model Tumor Microenvironments and Drug Resistance,2018,removed as duplicate,exact DOI match,W_500,WoS
S_1209,Scopus,10.1016/j.disamonth.2019.02.004,"A comprehensive review and update on ulcerative colitis,                         ",2019,removed as duplicate,exact DOI match,W_894,WoS
S_1210,Scopus,10.3389/fvets.2018.00166,Zoonotic diseases and phytochemical medicines for microbial infections in veterinary science: current state and future perspective,2018,removed as duplicate,exact DOI match,W_969,WoS
S_1217,Scopus,10.3390/cancers12051153,Metabolism and immune modulation in patients with solid tumors: Systematic review of preclinical and clinical evidence,2020,removed as duplicate,exact DOI match,W_901,WoS
S_1218,Scopus,10.1093/annonc/mdy507,Immune biomarkers of response to immune-checkpoint inhibitors in head and neck squamous cell carcinoma,2019,removed as duplicate,exact DOI match,W_89,WoS
S_1221,Scopus,10.1371/journal.pone.0211098,Retrospective evaluation of nitrofurantoin and pivmecillinam for the treatment of lower urinary tract infections in men,2019,removed as duplicate,exact DOI match,W_837,WoS
S_1224,Scopus,10.1155/2019/8941471,The Role of MicroRNA in Paediatric Acute Lymphoblastic Leukaemia: Challenges for Diagnosis and Therapy,2019,removed as duplicate,exact DOI match,W_919,WoS
S_1229,Scopus,10.1080/2162402x.2019.1568812,Antibiotics are associated with decreased progression-free survival of advanced melanoma patients treated with immune checkpoint inhibitors,2019,removed as duplicate,exact DOI match,W_158,WoS
S_1230,Scopus,10.1155/2020/4092472,Probiotics Can Boost the Antitumor Immunity of CD8+T Cells in BALB/c Mice and Patients with Colorectal Carcinoma,2020,removed as duplicate,exact DOI match,W_909,WoS
S_1231,Scopus,10.1016/j.ghir.2016.09.006,Two years in IGF research,2016,removed as duplicate,exact DOI match,W_700,WoS
