record_id,source,doi,title,year,status,basis,duplicates_removed_against_this_record,verification_flag,nearest_title_record,nearest_title_similarity
W_1,WoS,10.1016/j.ebiom.2022.104163,Gut microbiome in modulating immune checkpoint inhibitors,2022,retained,exact DOI not previously seen,0,,,
W_2,WoS,10.1016/j.bbadis.2024.167230,Microecological regulation in HCC therapy: Gut microbiome enhances ICI treatment,2024,retained,exact DOI not previously seen,1,,,
W_3,WoS,10.3390/app122010548,The Use of Phytochemicals to Improve the Efficacy of Immune Checkpoint Inhibitors: Opportunities and Challenges,2022,retained,exact DOI not previously seen,0,,,
W_4,WoS,10.1111/1759-7714.14626,Gut microbiota shed new light on the management of immune-related adverse events,2022,retained,exact DOI not previously seen,1,,,
W_5,WoS,10.1007/s10620-020-06103-x,Gut Microbiome and Immune Checkpoint Inhibitor-Induced Enterocolitis,2020,retained,exact DOI not previously seen,1,,,
W_6,WoS,10.1136/jitc-2019-000404,Overcoming resistance to anti-PD1 and anti-PD-L1 treatment in gastrointestinal malignancies,2020,retained,exact DOI not previously seen,0,,,
W_7,WoS,10.1016/j.bpg.2024.101944,The role of the gut microbiome in regulating the response to immune checkpoint inhibitor therapy,2024,retained,exact DOI not previously seen,1,,,
W_8,WoS,10.1002/cam4.70994,Gut Microbiota Reshapes the Tumor Microenvironment and Affects the Efficacy of Colorectal Cancer Immunotherapy,2025,retained,exact DOI not previously seen,1,,,
W_9,WoS,10.3389/fonc.2025.1505656,Focus on gut microbes: new direction in cancer treatment,2025,retained,exact DOI not previously seen,1,,,
W_10,WoS,10.1097/cji.0000000000000474,Fecal Microbiota Transplantation for Immune Checkpoint Inhibitor-Induced Colitis Is Safe and Contributes to Recovery: Two Case Reports,2023,retained,exact DOI not previously seen,1,,,
W_11,WoS,10.1038/s41591-018-0238-9,Fecal microbiota transplantation for refractory immune checkpoint inhibitor-associated colitis,2018,retained,exact DOI not previously seen,1,,,
W_12,WoS,10.1556/650.2021.32052,Oncological relevance of gut and urine microbiomes,2021,retained,exact DOI not previously seen,0,,,
W_13,WoS,10.3390/ijms23052847,Challenges of the Immunotherapy: Perspectives and Limitations of the Immune Checkpoint Inhibitor Treatment,2022,retained,exact DOI not previously seen,1,,,
W_14,WoS,10.1016/j.semcancer.2025.06.012,Advances and mechanisms of gut microbiota modulation in enhancing immune checkpoint inhibitor efficacy,2025,retained,exact DOI not previously seen,1,,,
W_15,WoS,10.1093/ibd/izz212,Management Considerations for Immune Checkpoint Inhibitor-Induced Enterocolitis Based on Management of Inflammatory Bowel Disease,2020,retained,exact DOI not previously seen,1,,,
W_16,WoS,10.3389/fphar.2018.01050,Prognostic Factors for Checkpoint Inhibitor Based Immunotherapy: An Update With New Evidences,2018,retained,exact DOI not previously seen,0,,,
W_17,WoS,10.3389/fimmu.2022.1088886,The application basis of immuno-checkpoint inhibitors combined with chemotherapy in cancer treatment,2023,retained,exact DOI not previously seen,0,,,
W_18,WoS,10.3390/cancers15205090,Unraveling Resistance to Immunotherapy in MSI-High Colorectal Cancer,2023,retained,exact DOI not previously seen,0,,,
W_19,WoS,10.1016/j.semcancer.2018.05.006,Emerging biomarkers for immune checkpoint inhibition in lung cancer,2018,retained,exact DOI not previously seen,0,,,
W_20,WoS,10.3390/curroncol31010001,Overcoming Resistance Mechanisms to Immune Checkpoint Inhibitors: Leveraging the Anti-Tumor Immune Response,2024,retained,exact DOI not previously seen,1,,,
W_21,WoS,10.1186/s12935-025-04110-4,Mechanisms and therapeutic strategies for immunotherapy resistance in gastric cancer,2025,retained,exact DOI not previously seen,0,,,
W_22,WoS,10.1177/1756284819884196,Immune checkpoint inhibitor-associated gastrointestinal and hepatic adverse events and their management,2019,retained,exact DOI not previously seen,1,,,
W_23,WoS,10.1097/mog.0000000000000593,"Immune-checkpoint inhibitors induced diarrhea and colitis: a review of incidence, pathogenesis and management",2020,retained,exact DOI not previously seen,1,,,
W_24,WoS,10.1002/hon.3301,Role of gut microbiome in the outcome of lymphoma patients treated with checkpoint inhibitors-The MicroLinf Study,2024,retained,exact DOI not previously seen,1,,,
W_25,WoS,10.1016/j.canlet.2023.216182,Immune-checkpoint inhibitor resistance in cancer treatment: Current progress and future directions,2023,retained,exact DOI not previously seen,1,,,
W_26,WoS,10.3390/life10100219,"The Tumor and Host Immune Signature, and the Gut Microbiota as Predictive Biomarkers for Immune Checkpoint Inhibitor Response in Melanoma Patients",2020,retained,exact DOI not previously seen,1,,,
W_27,WoS,10.3390/cancers13194824,The Gut Microbiome and Cancer Immunotherapy: Can We Use the Gut Microbiome as a Predictive Biomarker for Clinical Response in Cancer Immunotherapy?,2021,retained,exact DOI not previously seen,1,,,
W_28,WoS,10.3390/cancers15123159,Biological Biomarkers of Response and Resistance to Immune Checkpoint Inhibitors in Renal Cell Carcinoma,2023,retained,exact DOI not previously seen,0,,,
W_29,WoS,10.1016/j.lfs.2022.120573,Cancer immunotherapy resistance: The impact of microbiome-derived short-chain fatty acids and other emerging metabolites,2022,retained,exact DOI not previously seen,1,,,
W_30,WoS,10.3390/ijms27010255,Intratumoral Microbiota in Lung Cancer: Emerging Roles in TME Modulation and Immunotherapy Response,2025,retained,exact DOI not previously seen,0,,,
W_31,WoS,10.36849/jdd.7674,The Gastrointestinal Microbiome and Immune Checkpoint Inhibitors: A Review of Human Interventional Studies Among Melanoma Patients,2024,retained,exact DOI not previously seen,1,,,
W_32,WoS,10.1002/ctm2.70472,Immunometabolism: The role of gut-derived microbial metabolites in optimising immune response during checkpoint inhibitor therapy,2025,retained,exact DOI not previously seen,0,,,
W_33,WoS,10.1007/s00262-022-03169-6,Murine fecal microbiota transfer models selectively colonize human microbes and reveal transcriptional programs associated with response to neoadjuvant checkpoint inhibitors,2022,retained,exact DOI not previously seen,1,,,
W_34,WoS,10.3390/biom10050666,The Resistance Mechanisms of Checkpoint Inhibitors in Solid Tumors,2020,retained,exact DOI not previously seen,1,,,
W_35,WoS,10.3390/cancers15072101,The Role of the Gut Microbiome in Cancer Immunotherapy: Current Knowledge and Future Directions,2023,retained,exact DOI not previously seen,1,,,
W_36,WoS,10.3389/fonc.2023.1161048,The role of immunotherapy in microsatellites stable metastatic colorectal cancer: state of the art and future perspectives,2023,retained,exact DOI not previously seen,1,,,
W_37,WoS,10.1016/j.bbcan.2025.189385,Unraveling the role of mucins and gut microbiota in gastrointestinal cancers chemoresistance,2025,retained,exact DOI not previously seen,1,,,
W_38,WoS,10.1177/17588359221122714,The role of gut microbiome in immune modulation in metastatic renal cell carcinoma,2022,retained,exact DOI not previously seen,1,,,
W_39,WoS,10.1097/md.0000000000021788,"RETRACTED: Characterization of gut microbiota in patients with primary hepatocellular carcinoma received immune checkpoint inhibitors A Chinese population-based study (Retracted article. See vol. 104, 2025)",2020,retained,exact DOI not previously seen,1,,,
W_40,WoS,10.1177/17588359231204854,Modulation of gut microbiota: a novel approach to enhancing the effects of immune checkpoint inhibitors,2023,retained,exact DOI not previously seen,1,,,
W_41,WoS,10.3389/fimmu.2024.1471273,Gut microbiota as a biomarker and modulator of anti-tumor immunotherapy outcomes,2024,retained,exact DOI not previously seen,1,,,
W_42,WoS,10.3389/fimmu.2025.1676112,Applications of artificial intelligence in cancer immunotherapy: a frontier review on enhancing treatment efficacy and safety,2025,retained,exact DOI not previously seen,1,,,
W_43,WoS,10.1111/exd.14716,Resistance to immune checkpoint inhibitors and the tumor microenvironment,2023,retained,exact DOI not previously seen,0,,,
W_44,WoS,10.3389/fimmu.2022.804597,Holistic Approach to Immune Checkpoint Inhibitor-Related Adverse Events,2022,retained,exact DOI not previously seen,1,,,
W_45,WoS,10.1186/s13578-023-01073-9,Overcoming acquired resistance to cancer immune checkpoint therapy: potential strategies based on molecular mechanisms,2023,retained,exact DOI not previously seen,1,,,
W_46,WoS,10.1016/j.chembiol.2024.10.013,A yeast-based oral therapeutic delivers immune checkpoint inhibitors to reduce intestinal tumor burden,2025,retained,exact DOI not previously seen,1,,,
W_47,WoS,10.3389/fimmu.2025.1640603,Vinegar intake in patients undergoing immune checkpoint inhibitor therapy: food frequency questionnaire study,2025,retained,exact DOI not previously seen,1,,,
W_48,WoS,10.1186/s12916-025-04183-y,Microbiota boost immunotherapy? A meta-analysis dives into fecal microbiota transplantation and immune checkpoint inhibitors,2025,retained,exact DOI not previously seen,1,,,
W_49,WoS,10.1186/s12890-022-02210-9,Impact of opioid analgesics on the efficacy of immune checkpoint inhibitors in a lung cancer population,2022,retained,exact DOI not previously seen,1,,,
W_50,WoS,10.3390/ijms251810120,Immune Checkpoint Inhibitor Therapy for Metastatic Melanoma: What Should We Focus on to Improve the Clinical Outcomes?,2024,retained,exact DOI not previously seen,1,,,
W_51,WoS,10.3390/cancers14194796,Intestinal Microbiota: The Driving Force behind Advances in Cancer Immunotherapy,2022,retained,exact DOI not previously seen,1,,,
W_52,WoS,10.3389/fphar.2023.1261575,"Unleashing the efficacy of immune checkpoint inhibitors for advanced hepatocellular carcinoma: factors, strategies, and ongoing trials",2023,retained,exact DOI not previously seen,0,,,
W_53,WoS,10.1002/path.5907,'Know thyself' - host factors influencing cancer response to immune checkpoint inhibitors,2022,retained,exact DOI not previously seen,0,,,
W_54,WoS,10.3390/ijms22042142,Metabolic Factors Affecting Tumor Immunogenicity: What Is Happening at the Cellular Level?,2021,retained,exact DOI not previously seen,1,,,
W_55,WoS,10.1200/op.20.00002,Immune Checkpoint Inhibitor-Mediated Diarrhea and Colitis: A Clinical Review,2020,retained,exact DOI not previously seen,1,,,
W_56,WoS,10.3389/fimmu.2025.1603658,Microbial metabolite-driven immune reprogramming in tumor immunotherapy: mechanisms and therapeutic perspectives,2025,retained,exact DOI not previously seen,1,,,
W_57,WoS,10.1016/j.ctrv.2022.102499,Mechanisms of resistance to immune checkpoint inhibitors in melanoma: What we have to overcome?,2023,retained,exact DOI not previously seen,1,,,
W_58,WoS,10.3390/cancers16244271,Insights into the Relationship Between the Gut Microbiome and Immune Checkpoint Inhibitors in Solid Tumors,2024,retained,exact DOI not previously seen,1,,,
W_59,WoS,10.1186/s40164-023-00442-x,Role of gut microbiome in cancer immunotherapy: from predictive biomarker to therapeutic target,2023,retained,exact DOI not previously seen,0,,,
W_60,WoS,10.3389/fimmu.2022.1027124,Advancing immune checkpoint blockade in colorectal cancer therapy with nanotechnology,2022,retained,exact DOI not previously seen,1,,,
W_61,WoS,10.1007/s00262-024-03665-x,Bifidobacterium modulation of tumor immunotherapy and its mechanism,2024,retained,exact DOI not previously seen,0,,,
W_62,WoS,10.1007/s00520-022-06948-0,Dual contribution of the gut microbiome to immunotherapy efficacy and toxicity: supportive care implications and recommendations,2022,retained,exact DOI not previously seen,0,,,
W_63,WoS,10.1111/1759-7714.12969,Impact of bowel movement condition on immune checkpoint inhibitor efficacy in patients with advanced non-small cell lung cancer,2019,retained,exact DOI not previously seen,1,,,
W_64,WoS,10.1038/s41591-023-02453-x,Fecal microbiota transplantation plus anti-PD-1 immunotherapy in advanced melanoma: a phase I trial,2023,retained,exact DOI not previously seen,1,,,
W_65,WoS,10.1016/j.canlet.2022.216038,Immune checkpoint inhibitor resistance in hepatocellular carcinoma,2023,retained,exact DOI not previously seen,1,,,
W_66,WoS,10.1007/s10147-019-01611-x,Immune-resistant mechanisms in cancer immunotherapy,2020,retained,exact DOI not previously seen,1,,,
W_67,WoS,10.3390/ph18111719,Fecal Microbiota Transplantation in Refractory Immune-Mediated Colitis: Case Series and Review of the Literature,2025,retained,exact DOI not previously seen,1,,,
W_68,WoS,10.1186/s13073-021-00923-w,Role of the intestinal microbiome and microbial-derived metabolites in immune checkpoint blockade immunotherapy of cancer,2021,retained,exact DOI not previously seen,1,,,
W_69,WoS,10.1158/1078-0432.ccr-20-4834,A Uniform Computational Approach Improved on Existing Pipelines to Reveal Microbiome Biomarkers of Nonresponse to Immune Checkpoint Inhibitors,2021,retained,exact DOI not previously seen,1,,,
W_70,WoS,10.1016/j.ctrv.2017.08.003,Immunosenescence and immunecheckpoint inhibitors in non-small cell lung cancer patients: Does age really matter?,2017,retained,exact DOI not previously seen,0,,,
W_71,WoS,10.3390/cancers13123063,"Microsatellite Instability in Colorectal Cancers: Carcinogenesis, Neo-Antigens, Immuno-Resistance and Emerging Therapies",2021,retained,exact DOI not previously seen,1,,,
W_72,WoS,10.1016/j.annonc.2023.02.011,First-in-class Microbial Ecosystem Therapeutic 4 (MET4) in combination with immune checkpoint inhibitors in patients with advanced solid tumors (MET4-IO trial),2023,retained,exact DOI not previously seen,1,,,
W_73,WoS,10.3389/fonc.2025.1511560,Expanding horizons of cancer immunotherapy: hopes and hurdles,2025,retained,exact DOI not previously seen,1,,,
W_74,WoS,10.1016/j.pharmthera.2023.108387,Immunotherapy for hepatocellular carcinoma: Recent advances and future targets,2023,retained,exact DOI not previously seen,0,,,
W_75,WoS,10.3389/fmed.2025.1673880,The microbiome as a therapeutic co-driver in melanoma immuno-oncology,2025,retained,exact DOI not previously seen,1,,,
W_76,WoS,10.1038/s41522-025-00786-8,Gut microbiota shapes cancer immunotherapy responses,2025,retained,exact DOI not previously seen,0,,,
W_77,WoS,10.1001/jamaoncol.2019.2785,Association of Prior Antibiotic Treatment With Survival and Response to Immune Checkpoint Inhibitor Therapy in Patients With Cancer,2019,retained,exact DOI not previously seen,1,,,
W_78,WoS,10.12788/j.sder.2018.019,Biomarkers for immune therapy in melanoma,2018,retained,exact DOI not previously seen,1,,,
W_79,WoS,10.3389/fimmu.2025.1630940,Breakthroughs in immune checkpoint therapy: overcoming NSCLC immune checkpoint therapy resistance with novel techniques,2025,retained,exact DOI not previously seen,1,,,
W_80,WoS,10.1016/j.jtho.2020.03.006,Immune Checkpoint Inhibitors in Thoracic Malignancies: Review of the Existing Evidence by an IASLC Expert Panel and Recommendations,2020,retained,exact DOI not previously seen,1,,,
W_81,WoS,10.1038/s41586-023-06026-3,Targeting PD-L2-RGMb overcomes microbiome-related immunotherapy resistance,2023,retained,exact DOI not previously seen,1,,,
W_82,WoS,10.3390/cancers18010039,Mechanisms of Immune Checkpoint Inhibitor Resistance in Hepatocellular Carcinoma and Strategies for Reversal,2025,retained,exact DOI not previously seen,0,,,
W_83,WoS,10.1016/j.cytogfr.2017.10.002,"Innovative Therapy, Monoclonal Antibodies and Beyond",2017,retained,exact DOI not previously seen,0,,,
W_84,WoS,10.3389/fimmu.2025.1641518,Research progress on mechanisms of tumor immune microenvironment and gastrointestinal resistance to immunotherapy: mini review,2025,retained,exact DOI not previously seen,0,,,
W_85,WoS,10.21037/apm-20-2076,Antibiotic exposure windows and the efficacy of immune checkpoint blockers in patients with cancer: a meta-analysis,2021,retained,exact DOI not previously seen,1,,,
W_86,WoS,10.1016/j.addr.2025.115671,Classic versus innovative strategies for immuno-therapy in pancreatic cancer,2025,retained,exact DOI not previously seen,1,,,
W_87,WoS,10.3389/fimmu.2022.1032314,Predictive biomarkers of colon cancer immunotherapy: Present and future,2022,retained,exact DOI not previously seen,1,,,
W_88,WoS,10.1016/j.xcrm.2024.101487,Microbiome bacterial influencers of host immunity and response to immunotherapy,2024,retained,exact DOI not previously seen,1,,,
W_89,WoS,10.1093/annonc/mdy507,Immune biomarkers of response to immune-checkpoint inhibitors in head and neck squamous cell carcinoma,2019,retained,exact DOI not previously seen,1,,,
W_90,WoS,10.3389/fnut.2025.1670598,"Nutritional strategies in supporting immune checkpoint inhibitor, PI3K inhibitor, and tyrosine kinase inhibitor cancer therapies",2025,retained,exact DOI not previously seen,1,,,
W_91,WoS,10.1016/j.semcancer.2025.07.005,Host-microbiota interactions in genitourinary cancer immunotherapy,2025,retained,exact DOI not previously seen,1,,,
W_92,WoS,10.1002/ctm2.1312,The gut microbiome affects response of treatments in HER2-negative advanced gastric cancer,2023,retained,exact DOI not previously seen,0,,,
W_93,WoS,10.32604/or.2025.067824,"Immune Checkpoint Inhibitors Combined with Oncolytic Virotherapy: Synergy, Heterogeneity, and Safety in Cancer Treatment",2025,retained,exact DOI not previously seen,1,,,
W_94,WoS,10.1038/s41571-025-01061-7,Treatment of NSCLC after chemoimmunotherapy - are we making headway?,2025,retained,exact DOI not previously seen,1,,,
W_95,WoS,10.1111/exd.14741,Melanoma antigens recognized by T cells and their use for immunotherapy,2023,retained,exact DOI not previously seen,0,,,
W_96,WoS,10.21147/j.issn.1000-9604.2021.06.07,Novel technologies in cfDNA analysis and potential utility in clinic,2021,retained,exact DOI not previously seen,0,,,
W_97,WoS,10.3389/fimmu.2019.02043,The Role of the Lymphocyte Functional Crosstalk and Regulation in the Context of Checkpoint Inhibitor Treatment-Review,2019,retained,exact DOI not previously seen,0,,,
W_98,WoS,10.1007/s12016-025-09105-7,PD-1/PD-L1 Cancer Immunotherapeutics Reshape Tumor Microenvironment - Clinical Evidence and Molecular Mechanisms for AI-based Precision Medicine,2025,retained,exact DOI not previously seen,1,,,
W_99,WoS,10.1007/s00432-022-04176-x,Efficacy and safety of immune checkpoint inhibitors in post-TKI NSCLC patients harboring EGFR mutations,2023,retained,exact DOI not previously seen,0,,,
W_100,WoS,10.1038/s41591-022-01779-2,Targeting the gut and tumor microbiota in cancer,2022,retained,exact DOI not previously seen,0,,,
W_101,WoS,10.3390/curroncol30090570,Two Cases of Durable and Deep Responses to Immune Checkpoint Inhibition-Refractory Metastatic Melanoma after Addition of Camu Camu Prebiotic,2023,retained,exact DOI not previously seen,1,,,
W_102,WoS,10.1080/2162402x.2020.1794423,Elucidating the gut microbiota composition and the bioactivity of immunostimulatory commensals for the optimization of immune checkpoint inhibitors,2020,retained,exact DOI not previously seen,1,,,
W_103,WoS,10.1097/cco.0000000000001120,The role of the microbiome in skin cancer development and treatment,2025,retained,exact DOI not previously seen,1,,,
W_104,WoS,10.1007/s00520-024-08889-2,Immune checkpoint inhibitor-induced diarrhea and colitis: an overview,2024,retained,exact DOI not previously seen,1,,,
W_105,WoS,10.1126/scitranslmed.abq4006,Microbiome alteration via fecal microbiota transplantation is effective for refractory immune checkpoint inhibitor-induced colitis,2023,retained,exact DOI not previously seen,1,,,
W_106,WoS,10.1016/j.ccell.2023.12.003,Melanoma and microbiota: Current understanding and future directions,2024,retained,exact DOI not previously seen,1,,,
W_107,WoS,10.1016/j.nut.2022.111787,"Interplay of gut microbiome, fatty acids, and the endocannabinoid system in regulating development, progression, immunomodulation, and chemoresistance of cancer",2022,retained,exact DOI not previously seen,1,,,
W_108,WoS,10.3389/fonc.2023.1144534,Dynamic gut microbiota changes in patients with advanced malignancies experiencing secondary resistance to immune checkpoint inhibitors and immune-related adverse events,2023,retained,exact DOI not previously seen,0,,,
W_109,WoS,10.1016/j.xcrm.2024.101900,Intestinal Akkermansia muciniphila complements the efficacy of PD1 therapy in MAFLD-related hepatocellular carcinoma,2025,retained,exact DOI not previously seen,1,,,
W_110,WoS,10.1200/jco-25-00374,Microbiome Modulation for the Treatment of Solid Neoplasms,2025,retained,exact DOI not previously seen,1,,,
W_111,WoS,10.21037/tlcr.2019.10.23,The role of the gut microbiome on the efficacy of immune checkpoint inhibitors in Japanese responder patients with advanced non-small cell lung cancer,2019,retained,exact DOI not previously seen,1,,,
W_112,WoS,10.1016/j.coph.2020.06.004,Modulation of gut microbiota to overcome resistance to immune checkpoint blockade in cancer immunotherapy,2020,retained,exact DOI not previously seen,1,,,
W_113,WoS,10.1007/s00262-022-03285-3,Anti-PD-1 antibody-activated Th17 cells subvert re-invigoration of antitumor cytotoxic T-lymphocytes via myeloid cell-derived COX-2/PGE2,2023,retained,exact DOI not previously seen,1,,,
W_114,WoS,10.1002/cam4.71065,Current Advances and Future Directions for Sensitizing Gastric Cancer to Immune Checkpoint Inhibitors,2025,retained,exact DOI not previously seen,1,,,
W_115,WoS,10.3390/ijms26199710,"Fusobacterium Nucleatum in Colorectal Cancer: Relationship Among Immune Modulation, Potential Biomarkers and Therapeutic Implications",2025,retained,exact DOI not previously seen,1,,,
W_116,WoS,10.1136/jitc-2025-012659,Improved survival in advanced melanoma patients treated with fecal microbiota transplantation using healthy donor stool in combination with anti-PD1: final results of the MIMic phase 1 trial,2025,retained,exact DOI not previously seen,1,,,
W_117,WoS,10.3389/fonc.2025.1630726,From dysbiosis to precision therapy: decoding the gut-bladder axis in bladder carcinogenesis,2025,retained,exact DOI not previously seen,1,,,
W_118,WoS,10.1177/17588359221148029,Immunotherapy in hepatocellular carcinoma: how will it reshape treatment sequencing?,2023,retained,exact DOI not previously seen,1,,,
W_119,WoS,10.1016/j.drudis.2019.02.009,"Bugs, drugs, and cancer: can the microbiome be a potential therapeutic target for cancer management?",2019,retained,exact DOI not previously seen,0,,,
W_120,WoS,10.3390/ijms23010488,The Impact of the Microbiome on Resistance to Cancer Treatment with Chemotherapeutic Agents and Immunotherapy,2022,retained,exact DOI not previously seen,1,,,
W_121,WoS,10.1126/science.aan3706,Gut microbiome influences efficacy of PD-1-based immunotherapy against epithelial tumors,2018,retained,exact DOI not previously seen,1,,,
W_122,WoS,10.1038/s41416-020-01198-5,Fusobacterium nucleatum confers chemoresistance by modulating autophagy in oesophageal squamous cell carcinoma,2021,retained,exact DOI not previously seen,1,,,
W_123,WoS,10.3390/medicina61091595,Clinical Evidence for Microbiome-Based Strategies in Cancer Immunotherapy: A State-of-the-Art Review,2025,retained,exact DOI not previously seen,1,,,
W_124,WoS,10.3390/biomedicines9020140,What Is Known about Theragnostic Strategies in Colorectal Cancer,2021,retained,exact DOI not previously seen,0,,,
W_125,WoS,10.1097/md.0000000000038991,Immunotherapy for renal cell carcinoma: New therapeutic combinations and adverse event management strategies: A review,2024,retained,exact DOI not previously seen,1,,,
W_126,WoS,10.1158/2159-8290.cd-21-0808,A Natural Polyphenol Exerts Antitumor Activity and Circumvents Anti-PD-1 Resistance through Effects on the Gut Microbiota,2022,retained,exact DOI not previously seen,0,,,
W_127,WoS,10.1038/s41374-022-00828-1,Hedgehog blockade remodels the gut microbiota and the intestinal effector CD8+ T cells in a mouse model of mammary carcinoma,2022,retained,exact DOI not previously seen,1,,,
W_128,WoS,10.3389/fimmu.2025.1604216,Trends and hotspots in research related to tumor immune escape: bibliometric analysis and future perspectives,2025,retained,exact DOI not previously seen,1,,,
W_129,WoS,10.1016/j.bbagen.2023.130401,"Gut microbiome in cancer immunotherapy: Current trends, translational challenges and future possibilities",2023,retained,exact DOI not previously seen,1,,,
W_130,WoS,10.3389/fimmu.2025.1519545,"Nab-paclitaxel combined with cadonilimab (AK104) as second-line treatment for advanced gastric cancer: protocol for a phase II prospective, multicenter, single-arm clinical trial",2025,retained,exact DOI not previously seen,1,,,
W_131,WoS,10.3390/ijms21238902,New Frontiers about the Role of Human Microbiota in Immunotherapy: The Immune Checkpoint Inhibitors and CAR T-Cell Therapy Era,2020,retained,exact DOI not previously seen,0,,,
W_132,WoS,10.3748/wjg.v24.i34.3834,Drug resistance and new therapies in colorectal cancer,2018,retained,exact DOI not previously seen,1,,,
W_133,WoS,10.3390/cancers15082352,Local Delivery of Immunomodulatory Antibodies for Gastrointestinal Tumors,2023,retained,exact DOI not previously seen,1,,,
W_134,WoS,10.1177/15330338251365700,"Harnessing the Gut Microbiome in Cancer Immunotherapy: Mechanisms, Challenges, and Routes to Personalized Medicine-A Systematic Review",2025,retained,exact DOI not previously seen,1,,,
W_135,WoS,10.1007/s00535-018-1492-9,Microbial biomarkers for immune checkpoint blockade therapy against cancer,2018,retained,exact DOI not previously seen,1,,,
W_136,WoS,10.3390/ijms21124414,Immuno-Metabolism and Microenvironment in Cancer: Key Players for Immunotherapy,2020,retained,exact DOI not previously seen,1,,,
W_137,WoS,10.1016/j.nutres.2025.07.007,Harnessing dietary polyunsaturated fatty acids through gut microbiota to enhance ferroptosis in breast cancer therapy,2025,retained,exact DOI not previously seen,1,,,
W_138,WoS,10.1017/erm.2023.9,Fusobacterium nucleatum: a novel immune modulator in breast cancer?,2023,retained,exact DOI not previously seen,1,,,
W_139,WoS,10.3389/fonc.2022.817548,The Landscape of Immunotherapy Resistance in NSCLC,2022,retained,exact DOI not previously seen,1,,,
W_140,WoS,10.1186/s13099-023-00562-z,Gut microbes involvement in gastrointestinal cancers through redox regulation,2023,retained,exact DOI not previously seen,0,,,
W_141,WoS,10.1007/s11899-018-0471-9,Strategies for Predicting Response to Checkpoint Inhibitors,2018,retained,exact DOI not previously seen,0,,,
W_142,WoS,10.1186/s13578-023-01135-y,The impact of the gut microbiome on tumor immunotherapy: from mechanism to application strategies,2023,retained,exact DOI not previously seen,1,,,
W_143,WoS,10.3390/ijms22031446,Tumor-Associated Microbiome: Where Do We Stand?,2021,retained,exact DOI not previously seen,0,,,
W_144,WoS,10.1097/cji.0000000000000357,Gutting it Out: Developing Effective Immunotherapies for Patients With Colorectal Cancer,2021,retained,exact DOI not previously seen,1,,,
W_145,WoS,10.3390/nu17223591,Precision Delivery of Active Compounds from Edible and Medicinal Plants via Gut Microbiota Targeting: A New Paradigm for Cancer Immunotherapy,2025,retained,exact DOI not previously seen,1,,,
W_146,WoS,10.3389/fimmu.2019.02989,Gut Microbiome as a Potential Factor for Modulating Resistance to Cancer Immunotherapy,2020,retained,exact DOI not previously seen,1,,,
W_147,WoS,10.1016/j.phrs.2025.108020,"Applications of traditional Chinese medicine in cancer immunotherapy via gut microbiota modulation: Current status, mechanisms, challenges and perspectives",2025,retained,exact DOI not previously seen,1,,,
W_148,WoS,10.1016/j.bpg.2020.101703,Immunotherapy induced enterocolitis and gastritis - What to do and when?,2020,retained,exact DOI not previously seen,1,,,
W_149,WoS,10.1186/s13046-025-03519-z,Immunotherapy resistance in non-small cell lung cancer: from mechanisms to therapeutic opportunities,2025,retained,exact DOI not previously seen,1,,,
W_150,WoS,10.1016/j.chom.2024.10.006,Longitudinal analysis of the gut microbiota during anti-PD-1 therapy reveals stable microbial features of response in melanoma patients,2024,retained,exact DOI not previously seen,1,,,
W_151,WoS,10.1158/2326-6066.cir-20-0196,The Gut Microbiome Associates with Immune Checkpoint Inhibition Outcomes in Patients with Advanced Non-Small Cell Lung Cancer,2020,retained,exact DOI not previously seen,1,,,
W_152,WoS,10.5858/arpa.2018-0584-cp,The Cancer Immunotherapy Biomarker Testing Landscape,2020,retained,exact DOI not previously seen,1,,,
W_153,WoS,10.3390/cancers14153811,"Local Breast Microbiota: A ""New"" Player on the Block",2022,retained,exact DOI not previously seen,1,,,
W_154,WoS,10.3390/cancers17132238,Role of Human Microbiome in Development and Management of Head and Neck Squamous Cell Carcinoma,2025,retained,exact DOI not previously seen,1,,,
W_155,WoS,10.1016/j.nano.2019.102034,Tumor immune microenvironment and nano-immunotherapeutics in colorectal cancer,2019,retained,exact DOI not previously seen,0,,,
W_156,WoS,10.1080/10408363.2019.1660303,Complex interactions between the microbiome and cancer immune therapy,2019,retained,exact DOI not previously seen,1,,,
W_157,WoS,10.1007/s12602-025-10462-0,"Synergistic Interactions Between Probiotics and Anticancer Drugs: Mechanisms, Benefits, and Challenges",2025,retained,exact DOI not previously seen,1,,,
W_158,WoS,10.1080/2162402x.2019.1568812,Antibiotics are associated with decreased progression-free survival of advanced melanoma patients treated with immune checkpoint inhibitors,2019,retained,exact DOI not previously seen,1,,,
W_159,WoS,10.1177/1756283x16642190,Stem cell-based therapies in inflammatory bowel disease: promises and pitfalls,2016,retained,exact DOI not previously seen,1,,,
W_160,WoS,10.3389/fgene.2022.811900,Identification of the Crucial Role of CCL22 in F. nucleatum-Related Colorectal Tumorigenesis that Correlates With Tumor Microenvironment and Immune Checkpoint Therapy,2022,retained,exact DOI not previously seen,0,,,
W_161,WoS,10.3390/biom15111546,Gut Microbiota and Ferroptosis in Colorectal Cancer: A Comprehensive Review of Mechanisms and Therapeutic Strategies to Overcome Immune Checkpoint Resistance,2025,retained,exact DOI not previously seen,1,,,
W_162,WoS,10.1097/cmr.0000000000000871,Screening costs associated with donor selection for fecal microbiota transplantation for treatment of PD-1 refractory melanoma patients,2023,retained,exact DOI not previously seen,1,,,
W_163,WoS,10.1136/jitc-2022-006533,Leveraging immune resistance archetypes in solid cancer to inform next-generation anticancer therapies,2023,retained,exact DOI not previously seen,0,,,
W_164,WoS,10.1016/j.ajg.2025.09.010,Innovative approaches in HELICOBACTER pylori therapy: Clinical trials and advancements in Gastro-Retentive drug delivery systems,2025,retained,exact DOI not previously seen,1,,,
W_165,WoS,10.21037/tlcr-2025-973,Fecal microbiota transplantation plus immune checkpoint inhibitor rechallenges in patients with advanced non-small cell lung cancer: a single-arm exploratory study,2025,retained,exact DOI not previously seen,1,,,
W_166,WoS,10.1038/s41598-024-79339-6,Dietary pattern and the corresponding gut microbiome in response to immunotherapy in Thai patients with advanced non-small cell lung cancer (NSCLC),2024,retained,exact DOI not previously seen,1,,,
W_167,WoS,10.1093/database/baae124,MiCK: a database of gut microbial genes linked with chemoresistance in cancer patients,2024,retained,exact DOI not previously seen,1,,,
W_168,WoS,10.1186/s12943-018-0864-3,Biomarkers for predicting efficacy of PD-1/PD-L1 inhibitors,2018,retained,exact DOI not previously seen,1,,,
W_169,WoS,10.1007/s10238-025-01902-w,Beyond single biomarkers: multi-omics strategies to predict immunotherapy outcomes in blood cancers,2025,retained,exact DOI not previously seen,1,,,
W_170,WoS,10.1177/1534735419889154,Anticancer Properties of Curcumin and Interactions With the Circadian Timing System,2019,retained,exact DOI not previously seen,0,,,
W_171,WoS,10.3390/curroncol29080429,Next Wave of Targets in the Treatment of Advanced Renal Cell Carcinoma,2022,retained,exact DOI not previously seen,1,,,
W_172,WoS,10.1158/2326-6066.cir-23-0498,Immune-Related Colitis Is Associated with Fecal Microbial Dysbiosis and Can Be Mitigated by Fecal Microbiota Transplantation,2024,retained,exact DOI not previously seen,1,,,
W_173,WoS,10.1097/md.0000000000036957,Exploring the landscape of drug resistance in gastrointestinal cancer immunotherapy: A review,2024,retained,exact DOI not previously seen,1,,,
W_174,WoS,10.1186/s12964-024-01711-w,"Mechanisms, combination therapy, and biomarkers in cancer immunotherapy resistance",2024,retained,exact DOI not previously seen,1,,,
W_175,WoS,10.32604/biocell.2023.030383,Possible therapeutic role of short-chain fatty acids from skin commensal bacteria in UVB-induced skin carcinogenesis,2023,retained,exact DOI not previously seen,1,,,
W_176,WoS,10.1186/s12943-021-01489-2,Combination strategies with PD-1/PD-L1 blockade: current advances and future directions,2022,retained,exact DOI not previously seen,1,,,
W_177,WoS,10.1016/j.chom.2024.06.010,Fecal microbiota transplantation improves anti-PD-1 inhibitor efficacy in unresectable or metastatic solid cancers refractory to anti-PD-1 inhibitor,2024,retained,exact DOI not previously seen,1,,,
W_178,WoS,10.1186/s12967-025-07151-5,CAR-T and CAR-NK cell therapies in AML: breaking barriers and charting the future,2025,retained,exact DOI not previously seen,1,,,
W_179,WoS,10.1002/pbc.32046,Feasibility of Atezolizumab in Combination With Chemotherapy for Children With Relapsed or Refractory Solid Tumors,2025,retained,exact DOI not previously seen,0,,,
W_180,WoS,10.3390/jcm11185479,Composition of the Gut Microbiota Associated with the Response to Immunotherapy in Advanced Cancer Patients: A Chinese Real-World Pilot Study,2022,retained,exact DOI not previously seen,1,,,
W_181,WoS,10.1097/cco.0000000000000603,Mechanisms of resistance and predictive biomarkers of response to targeted therapies and immunotherapies in metastatic melanoma,2020,retained,exact DOI not previously seen,1,,,
W_182,WoS,10.3390/cancers17050719,The Role of the Gut Microbiota in Modulating Signaling Pathways and Oxidative Stress in Glioma Therapies,2025,retained,exact DOI not previously seen,1,,,
W_183,WoS,10.1126/sciimmunol.abn0704,The microbiome-derived metabolite TMAO drives immune activation and boosts responses to immune checkpoint blockade in pancreatic cancer,2022,retained,exact DOI not previously seen,1,,,
W_184,WoS,10.1016/j.critrevonc.2025.104775,Immunotherapy in microsatellite-stable colorectal cancer: Strategies to overcome resistance,2025,retained,exact DOI not previously seen,1,,,
W_185,WoS,10.1007/s12275-021-0562-5,GABA-producing Lactobacillus plantarum inhibits metastatic properties and induces apoptosis of 5-FU-resistant colorectal cancer cells via GABAB receptor signaling,2021,retained,exact DOI not previously seen,1,,,
W_186,WoS,10.3389/fimmu.2023.1133308,Tumor microenvironment-mediated immune evasion in hepatocellular carcinoma,2023,retained,exact DOI not previously seen,1,,,
W_187,WoS,10.1016/j.tranon.2023.101788,Tumor mutation burden in the prognosis and response of lung cancer patients to immune-checkpoint inhibition therapies,2023,retained,exact DOI not previously seen,1,,,
W_188,WoS,10.3390/cancers12123729,Primary and Acquired Resistance to Immunotherapy in Lung Cancer: Unveiling the Mechanisms Underlying of Immune Checkpoint Blockade Therapy,2020,retained,exact DOI not previously seen,1,,,
W_189,WoS,10.3390/cancers16030499,The Use of Fecal Microbiota Transplant in Overcoming and Modulating Resistance to Anti-PD-1 Therapy in Patients with Skin Cancer,2024,retained,exact DOI not previously seen,0,,,
W_190,WoS,10.1186/s12885-022-10457-y,Conversion of unresponsiveness to immune checkpoint inhibition by fecal microbiota transplantation in patients with metastatic melanoma: study protocol for a randomized phase Ib/IIa trial,2022,retained,exact DOI not previously seen,1,,,
W_191,WoS,10.3390/cancers17223606,The Microbiome and Genitourinary Cancers: A New Frontier,2025,retained,exact DOI not previously seen,1,,,
W_192,WoS,10.1128/spectrum.02792-24,Gut commensal bacteria influence colorectal cancer development by modulating immune response in AOM/DSS-treated mice,2025,retained,exact DOI not previously seen,1,,,
W_193,WoS,10.3389/fonc.2025.1525280,Research hotspots and frontiers in the tumor microenvironment of colorectal cancer: a bibliometric study from 2014 to 2024,2025,retained,exact DOI not previously seen,1,,,
W_194,WoS,10.1016/j.oraloncology.2023.106623,Gut microbiome predicts gastrointestinal toxicity outcomes from chemoradiation therapy in patients with head and neck squamous cell carcinoma,2024,retained,exact DOI not previously seen,1,,,
W_195,WoS,10.21037/tlcr-2024-1083,Evaluation of gut leakage and bacterial translocation as efficacy biomarkers of immunotherapy in advanced non-small cell lung cancer (NSCLC),2025,retained,exact DOI not previously seen,1,,,
W_196,WoS,10.1007/s00520-020-05707-3,Multinational Association of Supportive Care in Cancer (MASCC) 2020 clinical practice recommendations for the management of severe gastrointestinal and hepatic toxicities from checkpoint inhibitors,2020,retained,exact DOI not previously seen,0,,,
W_197,WoS,10.1186/s13099-025-00734-z,Gut microbiome in gastrointestinal neoplasms: from mechanisms to precision therapeutic strategies,2025,retained,exact DOI not previously seen,1,,,
W_198,WoS,10.3390/cancers15041106,Immunotherapy in Melanoma: Recent Advances and Future Directions,2023,retained,exact DOI not previously seen,0,,,
W_199,WoS,10.1177/00220345241262759,Salivary Microbiome Relates to Neoadjuvant Immunotherapy Response in OSCC,2024,retained,exact DOI not previously seen,1,,,
W_200,WoS,10.1136/jitc-2023-007840,Methylglyoxal from gut microbes boosts radiosensitivity and radioimmunotherapy in rectal cancer by triggering endoplasmic reticulum stress and cGAS-STING activation,2023,retained,exact DOI not previously seen,1,,,
W_201,WoS,10.1080/19490976.2024.2375483,A powerful machine learning approach to identify interactions of differentially abundant gut microbial subsets in patients with metastatic and non-metastatic pancreatic cancer,2024,retained,exact DOI not previously seen,0,,,
W_202,WoS,10.1002/ijc.34033,Gut microbiota correlates with antitumor activity in patients with mCRC and NSCLC treated with cetuximab plus avelumab,2022,retained,exact DOI not previously seen,1,,,
W_203,WoS,10.3389/fimmu.2025.1618110,BRICS sequential therapeutic regimen as first-Line treatment for PD-L1-negative metastatic non-small cell lung cancer patients harboring EGFR/ALK wild-type status: a retrospective study,2025,retained,exact DOI not previously seen,1,,,
W_204,WoS,10.3389/fimmu.2021.670286,The Potential Role of the Intestinal Micromilieu and Individual Microbes in the Immunobiology of Chimeric Antigen Receptor T-Cell Therapy,2021,retained,exact DOI not previously seen,1,,,
W_205,WoS,10.1136/jitc-2024-009415,Effect of radiotherapy exposure on fruquintinib plus sintilimab treatment in refractory microsatellite stable metastatic colorectal cancer: a prospective observation study,2025,retained,exact DOI not previously seen,1,,,
W_206,WoS,10.1016/j.jtct.2020.12.026,Safety and Efficacy of Consolidation Therapy with Ipilimumab Plus Nivolumab after Autologous Stem Cell Transplantation,2021,retained,exact DOI not previously seen,1,,,
W_207,WoS,10.1038/s41591-023-02217-7,Gut microbial metabolism of 5-ASA diminishes its clinical efficacy in inflammatory bowel disease,2023,retained,exact DOI not previously seen,0,,,
W_208,WoS,10.1186/s12575-025-00314-0,"A Novel Strategy for Enhancing Lung Cancer Immunotherapy Efficacy: Traditional Chinese Medicine Formula Shuyu Pills Enhances Anti-PD-1 Efficacy Via the ""GM-ERS-Immunity"" Axis",2025,retained,exact DOI not previously seen,1,,,
W_209,WoS,10.1016/j.drup.2025.101277,Engineering nanoplatforms of bacterial outer membrane vesicles to overcome cancer therapy resistance,2025,retained,exact DOI not previously seen,0,,,
W_210,WoS,10.1016/j.eururo.2020.04.044,Gut Bacteria Composition Drives Primary Resistance to Cancer Immunotherapy in Renal Cell Carcinoma Patients,2020,retained,exact DOI not previously seen,1,,,
W_211,WoS,10.1007/s00262-025-04118-9,Gut modulation to regulate NF-κB in colorectal and gastric cancer therapy and inflammation,2025,retained,exact DOI not previously seen,1,,,
W_212,WoS,10.1186/s40425-019-0602-4,Toward a comprehensive view of cancer immune responsiveness: a synopsis from the SITC workshop,2019,retained,exact DOI not previously seen,0,,,
W_213,WoS,10.1016/j.ymthe.2024.02.021,Plant-derived vesicle-like nanoparticles: A new tool for inflammatory bowel disease and colitis-associated cancer treatment,2024,retained,exact DOI not previously seen,0,,,
W_214,WoS,10.3390/foods13071133,Weissella cibaria Relieves Gut Inflammation Caused by Escherichia coli through Inflammation Modulation and Gut Microbiota Regulation,2024,retained,exact DOI not previously seen,1,,,
W_215,WoS,10.1007/s12032-024-02416-3,Revealing the therapeutic properties of gut microbiota: transforming cancer immunotherapy from basic to clinical approaches,2024,retained,exact DOI not previously seen,1,,,
W_216,WoS,10.1152/ajpcell.00201.2024,Targeting the gut and tumor microbiome in cancer treatment resistance,2024,retained,exact DOI not previously seen,1,,,
W_217,WoS,10.4252/wjsc.v15.i5.281,How the interplay among the tumor microenvironment and the gut microbiota influences the stemness of colorectal cancer cells,2023,retained,exact DOI not previously seen,1,,,
W_218,WoS,10.1016/j.bbcan.2023.188990,"Modulating the gut microbiota by probiotics, prebiotics, postbiotics, and fecal microbiota transplantation: An emerging trend in cancer patient care",2023,retained,exact DOI not previously seen,1,,,
W_219,WoS,10.1016/s2352-3026(22)00223-x,Faecal microbiota transplantation in patients with haematological malignancies undergoing cellular therapies: from translational research to routine clinical practice,2022,retained,exact DOI not previously seen,1,,,
W_220,WoS,10.3389/fimmu.2025.1575452,Gut dysbiosis in cancer immunotherapy: microbiota-mediated resistance and emerging treatments,2025,retained,exact DOI not previously seen,1,,,
W_221,WoS,10.3389/fonc.2021.741376,"The Role of the Gut Microbiome in Pathogenesis, Biology, and Treatment of Plasma Cell Dyscrasias",2021,retained,exact DOI not previously seen,1,,,
W_222,WoS,10.1080/2162402x.2020.1774298,Trial watch : the gut microbiota as a tool to boost the clinical efficacy of anticancer immunotherapy,2020,retained,exact DOI not previously seen,1,,,
W_223,WoS,10.12998/wjcc.v11.i24.5830,Fecal transplantation in patient with metastatic melanoma refractory to immunotherapy: A case report,2023,retained,exact DOI not previously seen,0,,,
W_224,WoS,10.3389/fimmu.2022.949490,Antitumor effects of fecal microbiota transplantation: Implications for microbiome modulation in cancer treatment,2022,retained,exact DOI not previously seen,1,,,
W_225,WoS,10.3390/cells14221813,The Role of Microbiota in Ovarian Cancer: Implications for Treatment Response and Therapeutic Strategies,2025,retained,exact DOI not previously seen,1,,,
W_226,WoS,10.1126/science.abb5920,Fecal microbiota transplant promotes response in immunotherapy-refractory melanoma patients,2021,retained,exact DOI not previously seen,1,,,
W_227,WoS,10.1126/science.abf3363,Fecal microbiota transplant overcomes resistance to anti-PD-1 therapy in melanoma patients,2021,retained,exact DOI not previously seen,1,,,
W_228,WoS,10.1002/ijc.32003,Fecal microbiota transplantation in cancer management: Current status and perspectives,2019,retained,exact DOI not previously seen,1,,,
W_229,WoS,10.1186/s40164-019-0155-8,Gut microbiome and CAR-T therapy,2019,retained,exact DOI not previously seen,1,,,
W_230,WoS,10.1186/s13099-025-00729-w,Gut microbiome and gastric cancer: microbial interactions and therapeutic potential,2025,retained,exact DOI not previously seen,1,,,
W_231,WoS,10.3389/fimmu.2023.1093233,Case report: Fecal microbiota transplantation in refractory ankylosing spondylitis,2023,retained,exact DOI not previously seen,1,,,
W_232,WoS,10.1080/19490976.2022.2134689,Gut bacterial extracellular vesicles: important players in regulating intestinal microenvironment,2022,retained,exact DOI not previously seen,1,,,
W_233,WoS,10.62347/nvym7096,Gut microbiota in immunomodulation and infection prevention among multiple myeloma patients after chemotherapy: current evidence and clinical prospects,2025,retained,exact DOI not previously seen,0,,,
W_234,WoS,10.17305/bjbms.2020.5016,Dysbiosis of gut microbiota in inflammatory bowel disease: Current therapies and potential for microbiota-modulating therapeutic approaches,2021,retained,exact DOI not previously seen,1,,,
W_235,WoS,10.1186/s40168-022-01289-w,Gut dysbiosis promotes prostate cancer progression and docetaxel resistance via activating NF-κB-IL6-STAT3 axis,2022,retained,exact DOI not previously seen,1,,,
W_236,WoS,10.3390/antibiotics12121667,High Diversity but Monodominance of Multidrug-Resistant Bacteria in Immunocompromised Pediatric Patients with Acute Lymphoblastic Leukemia Developing GVHD Are Not Associated with Changes in Gut Mycobiome,2023,retained,exact DOI not previously seen,0,,,
W_237,WoS,10.1080/19490976.2022.2119055,Gut microbiota modulate radiotherapy-associated antitumor immune responses against hepatocellular carcinoma Via STING signaling,2022,retained,exact DOI not previously seen,1,,,
W_238,WoS,10.1097/md.0000000000029135,The first report on effect of fecal microbiota transplantation as a complementary treatment in a patient with steroid-refractory Cronkhite-Canada syndrome A case report,2022,retained,exact DOI not previously seen,1,,,
W_239,WoS,10.1038/s41522-025-00891-8,Microbiome dysbiosis and chemotherapy resistance in acute myeloid leukemia (AML),2025,retained,exact DOI not previously seen,0,,,
W_240,WoS,10.1053/j.gastro.2020.11.041,"Cancer and the Microbiome-Influence of the Commensal Microbiota on Cancer, Immune Responses, and Immunotherapy",2021,retained,exact DOI not previously seen,0,,,
W_241,WoS,10.1080/14737140.2023.2262765,The long and winding road of faecal microbiota transplants to targeted intervention for improvement of immune checkpoint inhibition therapy,2023,retained,exact DOI not previously seen,1,,,
W_242,WoS,10.3390/cancers14102381,Immunotherapy and Microbiota for Targeting of Liver Tumor-Initiating Stem-like Cells,2022,retained,exact DOI not previously seen,1,,,
W_243,WoS,10.1007/s12094-021-02637-2,Mechanisms of primary and acquired resistance to PD-1/PD-L1 blockade and the emerging role of gut microbiome,2021,retained,exact DOI not previously seen,1,,,
W_244,WoS,10.3389/fimmu.2024.1450927,From microbes to medicine: harnessing the power of the microbiome in esophageal cancer,2024,retained,exact DOI not previously seen,1,,,
W_245,WoS,10.3390/cancers16244132,Metabolites in the Dance: Deciphering Gut-Microbiota-Mediated Metabolic Reprogramming of the Breast Tumor Microenvironment,2024,retained,exact DOI not previously seen,1,,,
W_246,WoS,10.1080/14737140.2021.1844007,The role of the microbiome in drug resistance in gastrointestinal cancers,2021,retained,exact DOI not previously seen,1,,,
W_247,WoS,10.2174/1566524021666210302144720,Leukaemia Infection Diagnosis and Intestinal Flora Disorder,2022,retained,exact DOI not previously seen,0,,,
W_248,WoS,10.3390/biom15091304,A Comprehensive Oncological Biomarker Framework Guiding Precision Medicine,2025,retained,exact DOI not previously seen,1,,,
W_249,WoS,10.1016/j.ebiom.2019.05.066,Fecal microbiota transplantation beyond Clostridioides difficile infections,2019,retained,exact DOI not previously seen,1,,,
W_250,WoS,10.3390/cancers17142294,"Gut Microbiome Alterations in Colorectal Cancer: Mechanisms, Therapeutic Strategies, and Precision Oncology Perspectives",2025,retained,exact DOI not previously seen,1,,,
W_251,WoS,10.31083/j.fbl2904152,Metastasis and the Microbiome: The Impact of Bacteria in Disseminated Colorectal Cancer,2024,retained,exact DOI not previously seen,1,,,
W_252,WoS,10.1186/s12934-020-01330-3,Type 2 diabetes induced microbiome dysbiosis is associated with therapy resistance in pancreatic adenocarcinoma,2020,retained,exact DOI not previously seen,1,,,
W_253,WoS,10.1186/s12885-024-13234-1,"Diet and Immune Effects Trial (DIET)- a randomized, double-blinded dietary intervention study in patients with melanoma receiving immunotherapy",2024,retained,exact DOI not previously seen,1,,,
W_254,WoS,10.1007/s00432-022-04546-5,Gut microbiota: a potential target for improved cancer therapy,2023,retained,exact DOI not previously seen,1,,,
W_255,WoS,10.7150/ijbs.117394,Immunotherapy resistance in MASLD-related hepatocellular carcinoma: special immune microenvironment and gut microbiota,2025,retained,exact DOI not previously seen,1,,,
W_256,WoS,10.1007/s12672-025-03574-0,Gut microbiota as a hidden modulator of chemotherapy: implications for colorectal cancer treatment,2025,retained,exact DOI not previously seen,1,,,
W_257,WoS,10.1177/15347354241269870,Targeting the Gut Microbiome to Improve Immunotherapy Outcomes: A Review,2024,retained,exact DOI not previously seen,1,,,
W_258,WoS,10.1016/j.semcancer.2020.07.006,Microbiome dysbiosis in cancer: Exploring therapeutic strategies to counter the disease,2021,retained,exact DOI not previously seen,1,,,
W_259,WoS,10.3389/fmed.2022.1060581,Fecal microbiota transplantation in non-communicable diseases: Recent advances and protocols,2022,retained,exact DOI not previously seen,1,,,
W_260,WoS,10.4251/wjgo.v17.i6.106393,"Analysis of serum S100A12, soluble advanced glycation end products receptor, and gut microbiome in elderly patients with colorectal cancer",2025,retained,exact DOI not previously seen,1,,,
W_261,WoS,10.3390/biomedicines9030259,Drug-Microbiota Interaction in Colon Cancer Therapy: Impact of Antibiotics,2021,retained,exact DOI not previously seen,0,,,
W_262,WoS,10.7150/thno.35131,Combination Therapy of TGF-β Blockade and Commensal-derived Probiotics Provides Enhanced Antitumor Immune Response and Tumor Suppression,2019,retained,exact DOI not previously seen,1,,,
W_263,WoS,10.1016/j.gpb.2022.07.002,Gut Microbiome in Colorectal Cancer: Clinical Diagnosis and Treatment,2023,retained,exact DOI not previously seen,1,,,
W_264,WoS,10.3892/ijo.2021.5281,Role of the microbiome in systemic therapy for pancreatic ductal adenocarcinoma (Review),2021,retained,exact DOI not previously seen,1,,,
W_265,WoS,10.3748/wjg.v26.i20.2498,Role of gut microbiota-immunity axis in patients undergoing surgery for colorectal cancer: Focus on short and long-term outcomes,2020,retained,exact DOI not previously seen,1,,,
W_266,WoS,10.1016/j.heliyon.2024.e38507,Succinic semialdehyde derived from the gut microbiota can promote the proliferation of adult T-cell leukemia/lymphoma cells,2024,retained,exact DOI not previously seen,1,,,
W_267,WoS,10.3748/wjg.v28.i23.2546,Fecal microbiota transplantation in the metabolic diseases: Current status and perspectives,2022,retained,exact DOI not previously seen,1,,,
W_268,WoS,10.1016/j.hoc.2024.12.005,The Role of the Microbiome in Cancer Therapies Current Evidence and Future Directions,2025,retained,exact DOI not previously seen,0,,,
W_269,WoS,10.1093/jambio/lxaf230,"Intra-tumoral microbial heterogeneity of breast cancer: roles in tumorigenesis, therapeutic responses, and future directions",2025,retained,exact DOI not previously seen,1,,,
W_270,WoS,10.3390/ijms232213750,Influence of the Microbiome Metagenomics and Epigenomics on Gastric Cancer,2022,retained,exact DOI not previously seen,1,,,
W_271,WoS,10.3389/fonc.2024.1489977,Biomarkers for immunotherapy resistance in non-small cell lung cancer,2024,retained,exact DOI not previously seen,1,,,
W_272,WoS,10.1080/19490976.2025.2473504,The gut microbiota: an emerging modulator of drug resistance in hepatocellular carcinoma,2025,retained,exact DOI not previously seen,1,,,
W_273,WoS,10.14218/jcth.2022.00068s,Current Therapeutics in Primary Sclerosing Cholangitis,2023,retained,exact DOI not previously seen,1,,,
W_274,WoS,10.15403/jgld.2014.1121.253.cel,Serendipity in Refractory Celiac Disease: Full Recovery of Duodenal Villi and Clinical Symptoms after Fecal Microbiota Transfer,2016,retained,exact DOI not previously seen,0,,,
W_275,WoS,10.3390/pharmaceutics14040746,The Intake of Coffee Increases the Absorption of Aspirin in Mice by Modifying Gut Microbiome,2022,retained,exact DOI not previously seen,1,,,
W_276,WoS,10.1016/j.drudis.2025.104528,Strategic modulation of the gastrointestinal microbiome to enhance pancreatic cancer immunotherapy,2025,retained,exact DOI not previously seen,1,,,
W_277,WoS,10.3390/cancers13184623,A Perspective on the Role of Microbiome for Colorectal Cancer Treatment,2021,retained,exact DOI not previously seen,1,,,
W_278,WoS,10.1177/15330338251331960,"The Gut Microbiome and Its Multifaceted Role in Cancer Metabolism, Initiation, and Progression: Insights and Therapeutic Implications",2025,retained,exact DOI not previously seen,1,,,
W_279,WoS,10.3390/microorganisms13091980,Microbial Landscapes of the Gut-Biliary Axis: Implications for Benign and Malignant Biliary Tract Diseases,2025,retained,exact DOI not previously seen,1,,,
W_280,WoS,10.1080/14712598.2024.2371543,Targeting gut and intratumoral microbiota: a novel strategy to improve therapy resistance in cancer with a focus on urologic tumors,2024,retained,exact DOI not previously seen,1,,,
W_281,WoS,10.1128/iai.00376-21,The Interplay between Gut Microbiota and the Immune System in Liver Transplant Recipients and Its Role in Infections,2021,retained,exact DOI not previously seen,1,,,
W_282,WoS,10.3390/biology12081151,Intestinal Flora in Chemotherapy Resistance of Biliary Pancreatic Cancer,2023,retained,exact DOI not previously seen,1,,,
W_283,WoS,10.1007/s12094-022-02919-3,Interaction between gut microbiota and tumour chemotherapy,2022,retained,exact DOI not previously seen,1,,,
W_284,WoS,10.1016/j.xcrm.2025.102370,Phocaeicola vulgatus induces immunotherapy resistance in hepatocellular carcinoma via reducing indoleacetic acid production,2025,retained,exact DOI not previously seen,1,,,
W_285,WoS,10.1097/mph.0000000000002023,Fecal Microbiota Transplantation for Treatment of Severe Clostridioides difficile Colitis in a Pediatric Patient With Non-Hodgkin Lymphoma,2021,retained,exact DOI not previously seen,1,,,
W_286,WoS,10.1016/j.chom.2025.05.004,"Bacteroides fragilis promotes chemoresistance in colorectal cancer, and its elimination by phage VA7 restores chemosensitivity",2025,retained,exact DOI not previously seen,1,,,
W_287,WoS,10.1152/ajpcell.00412.2025,Strategies for overcoming ABC transporter-mediated multidrug resistance in colorectal cancer,2025,retained,exact DOI not previously seen,1,,,
W_288,WoS,10.3389/fonc.2022.1002589,Gut microbiota changes and biological mechanism in hepatocellular carcinoma after transarterial chemoembolization treatment,2022,retained,exact DOI not previously seen,1,,,
W_289,WoS,10.1007/s10555-023-10138-7,The emerging role of the gut microbiome in cancer cell plasticity and therapeutic resistance,2024,retained,exact DOI not previously seen,1,,,
W_290,WoS,10.3389/fmicb.2023.1107976,Current evidence and clinical relevance of drug-microbiota interactions in inflammatory bowel disease,2023,retained,exact DOI not previously seen,1,,,
W_291,WoS,10.1016/j.ejca.2023.112948,Original research Faecal microbiota composition is related to response to CDK4/6-inhibitors in metastatic breast cancer: A prospective cross-sectional exploratory study,2023,retained,exact DOI not previously seen,1,,,
W_292,WoS,10.1186/s13099-025-00757-6,Fusobacterium nucleatum and non-coding RNAs: orchestrating oncogenic pathways in colorectal cancer,2025,retained,exact DOI not previously seen,1,,,
W_293,WoS,10.3389/fonc.2025.1634388,HIV-associated gut dysbiosis drives oncogenesis through metabolic-immune crosstalk: mechanisms and therapeutic implications,2025,retained,exact DOI not previously seen,0,,,
W_294,WoS,10.3389/fonc.2023.1208140,Colorectal cancer and therapy response: a focus on the main mechanisms involved,2023,retained,exact DOI not previously seen,1,,,
W_295,WoS,10.7150/jca.46621,Application of machine learning in prediction of Chemotherapy resistant of Ovarian Cancer based on Gut Microbiota,2021,retained,exact DOI not previously seen,1,,,
W_296,WoS,10.1186/s12935-025-03673-6,"Inflammation, microbiota, and pancreatic cancer",2025,retained,exact DOI not previously seen,1,,,
W_297,WoS,10.1016/j.canlet.2025.217975,"Altering the gut microbiome and tumor microenvironment in advanced liver cancer: A phase II study of nivolumab, tadalafil and oral vancomycin in patients with refractory primary hepatocellular carcinoma or liver dominant metastatic cancer from colorectal or pancreatic cancers",2025,retained,exact DOI not previously seen,1,,,
W_298,WoS,10.7150/jca.37445,"Pancreatic Cancer, Gut Microbiota, and Therapeutic Efficacy",2020,retained,exact DOI not previously seen,0,,,
W_299,WoS,10.3390/metabo15090568,Gut Microbiota in Acute Myeloid Leukemia: From Biomarkers to Interventions,2025,retained,exact DOI not previously seen,1,,,
W_300,WoS,10.1089/ars.2021.0243,Novel Anticancer Strategy by Targeting the Gut Microbial Neurotransmitter Signaling to Overcome Immunotherapy Resistance,2023,retained,exact DOI not previously seen,1,,,
W_301,WoS,10.3390/ijms26020730,Dysbiosis-NK Cell Crosstalk in Pancreatic Cancer: Toward a Unified Biomarker Signature for Improved Clinical Outcomes,2025,retained,exact DOI not previously seen,1,,,
W_302,WoS,10.1016/bs.pmbts.2020.04.004,Microbiome and cancer treatment: Are we ready to apply in clinics?,2020,retained,exact DOI not previously seen,0,,,
W_303,WoS,10.1016/j.chom.2023.04.010,Fusobacterium nucleatum-derived succinic acid induces tumor resistance to immunotherapy in colorectal cancer,2023,retained,exact DOI not previously seen,1,,,
W_304,WoS,10.1007/s13238-018-0541-8,"Microbiota transplantation: concept, methodology and strategy for its modernization",2018,retained,exact DOI not previously seen,0,,,
W_305,WoS,10.3390/ijms22126262,Metabolic Reprogramming of Colorectal Cancer Cells and the Microenvironment: Implication for Therapy,2021,retained,exact DOI not previously seen,1,,,
W_306,WoS,10.1186/s12964-020-00596-9,YYFZBJS ameliorates colorectal cancer progression in ApcMin/+ mice by remodeling gut microbiota and inhibiting regulatory T-cell generation,2020,retained,exact DOI not previously seen,0,,,
W_307,WoS,10.3390/ijms26209949,"Molecular Mechanisms and Therapeutic Perspectives of Gut Microbiota, Autophagy, and Apoptosis in Cholangiocarcinoma Pathophysiology",2025,retained,exact DOI not previously seen,1,,,
W_308,WoS,10.3389/fimmu.2024.1428420,Pharmacomicrobiomics in precision cancer therapy: bench to bedside,2024,retained,exact DOI not previously seen,0,,,
W_309,WoS,10.1111/1759-7714.15096,The role of microbiota in esophageal squamous cell carcinoma: A review of the literature,2023,retained,exact DOI not previously seen,1,,,
W_310,WoS,10.3389/fonc.2020.00163,Opportunities and Challenges of the Human Microbiome in Ovarian Cancer,2020,retained,exact DOI not previously seen,1,,,
W_311,WoS,10.1186/s12964-025-02275-z,Combination strategies of gut microbiota in cancer therapy through metabolic reprogramming and immune remodeling,2025,retained,exact DOI not previously seen,1,,,
W_312,WoS,10.1002/med.21989,"The triangular relationship between traditional Chinese medicines, intestinal flora, and colorectal cancer",2024,retained,exact DOI not previously seen,1,,,
W_313,WoS,10.3390/ijms241411855,How Can the Microbiome Induce Carcinogenesis and Modulate Drug Resistance in Cancer Therapy?,2023,retained,exact DOI not previously seen,1,,,
W_314,WoS,10.1172/jci181243,Gut microbial metabolite 4-hydroxybenzeneacetic acid drives colorectal cancer progression via accumulation of immunosuppressive PMN-MDSCs,2025,retained,exact DOI not previously seen,1,,,
W_315,WoS,10.1039/d4fo05449k,Sea cucumber polysaccharides overcome immunotherapy resistance in tumor-bearing mice via modulation of the gut microbiome,2025,retained,exact DOI not previously seen,1,,,
W_316,WoS,10.1016/j.coph.2017.05.003,Immunotherapeutic properties of chemotherapy,2017,retained,exact DOI not previously seen,1,,,
W_317,WoS,10.5812/jjm-122386,Gut Microbial Profile in Patients with Pancreatic Cancer,2022,retained,exact DOI not previously seen,1,,,
W_318,WoS,10.1016/j.lfs.2019.116680,The impact of tumor and gut microbiotas on cancer therapy: Beneficial or detrimental?,2019,retained,exact DOI not previously seen,0,,,
W_319,WoS,10.3389/fphar.2022.1025860,The role of the gut microbiota and probiotics associated with microbial metabolisms in cancer prevention and therapy,2022,retained,exact DOI not previously seen,1,,,
W_320,WoS,10.1007/s12094-024-03710-2,The gut microbiota is altered significantly in primary diffuse large b-cell lymphoma patients and relapse refractory diffuse large b-cell lymphoma patients,2025,retained,exact DOI not previously seen,1,,,
W_321,WoS,10.1080/17425255.2019.1559815,An update on polyphenol disposition via coupled metabolic pathways,2019,retained,exact DOI not previously seen,0,,,
W_322,WoS,10.1002/advs.202105523,Abundance and Metabolism Disruptions of Intratumoral Microbiota by Chemical and Physical Actions Unfreeze Tumor Treatment Resistance,2022,retained,exact DOI not previously seen,1,,,
W_323,WoS,10.1016/j.bbadis.2021.166179,Mice with dysfunctional TGF-β signaling develop altered intestinal microbiome and colorectal cancer resistant to 5FU,2021,retained,exact DOI not previously seen,1,,,
W_324,WoS,10.3390/microorganisms11081898,Probiotic-Derived Bioactive Compounds in Colorectal Cancer Treatment,2023,retained,exact DOI not previously seen,1,,,
W_325,WoS,10.7150/jca.26481,Molecular Mechanisms and Countermeasures of Immunotherapy Resistance in Malignant Tumor,2019,retained,exact DOI not previously seen,1,,,
W_326,WoS,10.7150/jca.96448,Reversal of Platinum-based Chemotherapy Resistance in Ovarian Cancer by Naringin Through Modulation of The Gut Microbiota in a Humanized Nude Mouse Model,2024,retained,exact DOI not previously seen,1,,,
W_327,WoS,10.3390/ijms241411611,"Gut Microbiota, Metabolome, and Body Composition Signatures of Response to Therapy in Patients with Advanced Melanoma",2023,retained,exact DOI not previously seen,1,,,
W_328,WoS,10.3390/microorganisms13061410,The Interplay Between the Gut Microbiota and Colorectal Cancer: A Review of the Literature,2025,retained,exact DOI not previously seen,1,,,
W_329,WoS,10.1002/advs.202207366,A Review of Gut Microbiota-Derived Metabolites in Tumor Progression and Cancer Therapy,2023,retained,exact DOI not previously seen,1,,,
W_330,WoS,10.3390/biomedicines11010157,Pancreatic Cancer Resistance to Treatment: The Role of Microbiota,2023,retained,exact DOI not previously seen,1,,,
W_331,WoS,10.1016/j.xcrm.2023.101355,Multi-omics of the gut microbial ecosystem in patients with microsatellite-instability-high gastrointestinal cancer resistant to immunotherapy,2024,retained,exact DOI not previously seen,1,,,
W_332,WoS,10.1007/s10120-021-01260-y,Interdisciplinary insights into the link between gut microbiome and gastric carcinogenesis-what is currently known?,2022,retained,exact DOI not previously seen,0,,,
W_333,WoS,10.3389/fimmu.2024.1486592,Tigecycline-induced coagulation gene prognostic prediction model and intestinal flora signature in AML,2024,retained,exact DOI not previously seen,1,,,
W_334,WoS,10.3390/pathogens12030468,Role of Gut Microbiota in Breast Cancer and Drug Resistance,2023,retained,exact DOI not previously seen,1,,,
W_335,WoS,10.3390/ijms262411897,Gut Microbiota in the Regulation of Intestinal Drug Transporters: Molecular Mechanisms and Pharmacokinetic Implications,2025,retained,exact DOI not previously seen,1,,,
W_336,WoS,10.3389/fonc.2025.1690541,Gut microbiome alterations and their clinical and biological implications in ovarian cancer: a systematic review,2025,retained,exact DOI not previously seen,1,,,
W_337,WoS,10.3390/app12094094,Understanding the Role of the Microbiome in Cancer Diagnostics and Therapeutics by Creating and Utilizing ML Models,2022,retained,exact DOI not previously seen,1,,,
W_338,WoS,10.3390/cancers13112514,Analysis of the Gut Microbiota: An Emerging Source of Biomarkers for Immune Checkpoint Blockade Therapy in Non-Small Cell Lung Cancer,2021,retained,exact DOI not previously seen,0,,,
W_339,WoS,10.5114/aoms/209544,Potential role of microbiota in ovarian cancer treatment,2025,retained,exact DOI not previously seen,1,,,
W_340,WoS,10.3390/biomedicines12040800,Complementary Therapeutic Effect of Fecal Microbiota Transplantation in Ulcerative Colitis after the Response to Anti-Tumor Necrosis Factor Alpha Agent Was Lost: A Case Report,2024,retained,exact DOI not previously seen,1,,,
W_341,WoS,10.1186/s12967-023-04042-5,Gut microbiota mediated the individualized efficacy of Temozolomide via immunomodulation in glioma,2023,retained,exact DOI not previously seen,1,,,
W_342,WoS,10.1016/j.clbc.2021.09.002,Microbiome Assisted Tumor Microenvironment: Emerging Target of Breast Cancer,2022,retained,exact DOI not previously seen,1,,,
W_343,WoS,10.1186/s10020-025-01166-w,"Role of the oral-gut microbiota axis in pancreatic cancer: a new perspective on tumor pathophysiology, diagnosis, and treatment",2025,retained,exact DOI not previously seen,1,,,
W_344,WoS,10.1080/17474124.2024.2412045,Metabolites derived from gut microbiota mitigate chemoresistance in pancreatic cancer,2024,retained,exact DOI not previously seen,1,,,
W_345,WoS,10.3390/cancers15184426,The Influence of the Microbiome on Immunotherapy for Gastroesophageal Cancer,2023,retained,exact DOI not previously seen,1,,,
W_346,WoS,10.1007/s00411-018-0759-0,A comparative analysis of gut microbiota disturbances in the Gottingen minipig and rhesus macaque models of acute radiation syndrome following bioequivalent radiation exposures,2018,retained,exact DOI not previously seen,0,,,
W_347,WoS,10.1016/j.mtbio.2025.101920,Synergistic ROS/enzyme dual-responsive oral drug delivery system: A novel multi-mechanistic platform for spatiotemporal control and overcoming drug resistance in colorectal cancer therapy,2025,retained,exact DOI not previously seen,1,,,
W_348,WoS,10.34133/research.0744,Unraveling the Role of the Microbiota in Cancer Immunotherapy: A New Frontier,2025,retained,exact DOI not previously seen,1,,,
W_349,WoS,10.1158/1940-6207.capr-19-0362,Chemoprevention of Colorectal Cancer by Anthocyanidins and Mitigation of Metabolic Shifts Induced by Dysbiosis of the Gut Microbiome,2020,retained,exact DOI not previously seen,0,,,
W_350,WoS,10.1016/j.neo.2022.100822,Composition of gastrointestinal microbiota in association with treatment response in individuals with metastatic castrate resistant prostate cancer progressing on enzalutamide and initiating treatment with anti-PD-1 (pembrolizumab),2022,retained,exact DOI not previously seen,1,,,
W_351,WoS,10.1128/msphere.00581-22,Gut-Spleen Axis: Microbiota via Vascular and Immune Pathways Improve Busulfan-Induced Spleen Disruption,2023,retained,exact DOI not previously seen,0,,,
W_352,WoS,10.3390/cancers14030691,Fecal Microbiota Transplant for Hematologic and Oncologic Diseases: Principle and Practice,2022,retained,exact DOI not previously seen,0,,,
W_353,WoS,10.1016/j.phrs.2023.107033,Baicalin circumvents anti-PD-1 resistance by regulating the gut microbiota metabolite short-chain fatty acids,2024,retained,exact DOI not previously seen,1,,,
W_354,WoS,10.2147/jpr.s415642,Fecal Microbiota Transplantation Alleviated Paclitaxel-Induced Peripheral Neuropathy by Interfering with Astrocytes and TLR4/p38MAPK Pathway in Rats,2023,retained,exact DOI not previously seen,1,,,
W_355,WoS,10.1136/bmjopen-2024-097802,"Protocol: Faecal microbiota transfer in liver cancer to overcome resistance to atezolizumab/bevacizumab - a multicentre, randomised, placebo-controlled, double-blind phase II trial (the FLORA trial)",2025,retained,exact DOI not previously seen,1,,,
W_356,WoS,10.1080/19490976.2022.2096328,Obesity enriches for tumor protective microbial metabolites and treatment refractory cells to confer therapy resistance in PDAC,2022,retained,exact DOI not previously seen,1,,,
W_357,WoS,10.3892/ijo.2024.5661,"Microbial metabolites affect tumor progression, immunity and therapy prediction by reshaping the tumor microenvironment (Review)",2024,retained,exact DOI not previously seen,1,,,
W_358,WoS,10.1186/s12935-025-03787-x,The human microbiome: redefining cancer pathogenesis and therapy,2025,retained,exact DOI not previously seen,1,,,
W_359,WoS,10.1146/annurev-immunol-101819-024752,Beyond the Barrier: Unraveling the Mechanisms of Immunotherapy Resistance,2024,retained,exact DOI not previously seen,1,,,
W_360,WoS,10.1038/s41416-021-01365-2,Tumour neoantigen mimicry by microbial species in cancer immunotherapy,2021,retained,exact DOI not previously seen,0,,,
W_361,WoS,10.3389/fphar.2021.736627,Albuca Bracteate Polysaccharides Synergistically Enhance the Anti-Tumor Efficacy of 5-Fluorouracil Against Colorectal Cancer by Modulating β-Catenin Signaling and Intestinal Flora,2021,retained,exact DOI not previously seen,1,,,
W_362,WoS,10.1016/j.ijbiomac.2024.134212,Review of METTL3 in colorectal cancer: From mechanisms to the therapeutic potential,2024,retained,exact DOI not previously seen,1,,,
W_363,WoS,10.3389/fmicb.2018.01607,Comparison of Microbiota in Patients Treated by Surgery or Chemotherapy by 16S rRNA Sequencing Reveals Potential Biomarkers for Colorectal Cancer Therapy,2018,retained,exact DOI not previously seen,1,,,
W_364,WoS,10.3389/fimmu.2025.1597770,Targeting metabolic reprogramming to overcome immune tolerance in melanoma immunotherapy,2025,retained,exact DOI not previously seen,0,,,
W_365,WoS,10.1016/j.celrep.2020.01.035,Prebiotic-Induced Anti-tumor Immunity Attenuates Tumor Growth,2020,retained,exact DOI not previously seen,1,,,
W_366,WoS,10.1371/journal.pone.0324742,Gut microbiota and its influence on the Gut-Brain axis in comparison with chemotherapy patients and cancer-free control data in Breast cancer-A computational perspective,2025,retained,exact DOI not previously seen,1,,,
W_367,WoS,10.1016/j.ajpath.2024.11.004,"Gut Microbiome and Bile Acid Interactions Mechanistic Implications for Cholangiocarcinoma Development, Immune Resistance, and Therapy",2025,retained,exact DOI not previously seen,1,,,
W_368,WoS,10.1186/s12920-019-0494-7,Early gut microbiota signature of aGvHD in children given allogeneic hematopoietic cell transplantation for hematological disorders,2019,retained,exact DOI not previously seen,0,,,
W_369,WoS,10.3389/fcimb.2024.1529871,Exploring the microbiome-gut-testis axis in testicular germ cell tumors,2025,retained,exact DOI not previously seen,0,,,
W_370,WoS,10.3390/biomedicines12010227,Overcoming Microbiome-Acquired Gemcitabine Resistance in Pancreatic Ductal Adenocarcinoma,2024,retained,exact DOI not previously seen,1,,,
W_371,WoS,10.7150/jca.108163,Strategies to Overcome PD-1/PD-L1 Blockade Resistance: Focusing on Combination with Immune Checkpoint Blockades,2025,retained,exact DOI not previously seen,1,,,
W_372,WoS,10.1016/j.apsb.2020.12.021,"Polyoxypregnanes as safe, potent, and specific ABCB1-inhibitory pro-drugs to overcome multidrug resistance in cancer chemotherapy in vitro and in vivo",2021,retained,exact DOI not previously seen,1,,,
W_373,WoS,10.1186/s12964-024-01909-y,Exploring the role of Fusobacterium nucleatum in colorectal cancer: implications for tumor proliferation and chemoresistance,2024,retained,exact DOI not previously seen,1,,,
W_374,WoS,10.1021/acs.nanolett.4c03692,Antibiotic-Augmented Chemodynamic Therapy for Treatment of Helicobacter pylori Infection in the Dynamic Stomach Environment,2024,retained,exact DOI not previously seen,1,,,
W_375,WoS,10.3389/fmicb.2020.00814,Gut Microbiome Influences the Efficacy of PD-1 Antibody Immunotherapy on MSS-Type Colorectal Cancer via Metabolic Pathway,2020,retained,exact DOI not previously seen,1,,,
W_376,WoS,10.1055/a-1506-3476,"Desmethylbellidifolin Attenuates Dextran Sulfate Sodium-Induced Colitis: Impact on Intestinal Barrier, Intestinal Inflammation and Gut Microbiota",2022,retained,exact DOI not previously seen,1,,,
W_377,WoS,10.1007/s00432-025-06393-6,"Phage therapy and the microbiome in hematologic malignancies: opportunities, mechanisms, and early evidence",2025,retained,exact DOI not previously seen,0,,,
W_378,WoS,10.1038/s41467-022-32960-3,CAR-T cell therapy-related cytokine release syndrome and therapeutic response is modulated by the gut microbiome in hematologic malignancies,2022,retained,exact DOI not previously seen,1,,,
W_379,WoS,10.3389/fendo.2025.1628094,Targeting the brain-gut-prostate axis in chronic prostatitis: mechanisms and therapeutics,2025,retained,exact DOI not previously seen,0,,,
W_380,WoS,10.3389/fonc.2020.00902,Gut Microbiota Profiling in Patients With HER2-Negative Metastatic Breast Cancer Receiving Metronomic Chemotherapy of Capecitabine Compared to Those Under Conventional Dosage,2020,retained,exact DOI not previously seen,1,,,
W_381,WoS,10.3390/ijms26125521,"Oleocanthal as a Multifunctional Anti-Cancer Agent: Mechanistic Insights, Advanced Delivery Strategies, and Synergies for Precision Oncology",2025,retained,exact DOI not previously seen,1,,,
W_382,WoS,10.1038/s41571-023-00766-x,Gut microbiota in colorectal cancer development and therapy,2023,retained,exact DOI not previously seen,1,,,
W_383,WoS,10.1016/j.jconrel.2023.09.014,Nano-enabled colorectal cancer therapy,2023,retained,exact DOI not previously seen,1,,,
W_384,WoS,10.1186/s12935-021-01886-z,The dysbiosis signature of Fusobacterium nucleatum in colorectal cancer-cause or consequences? A systematic review,2021,retained,exact DOI not previously seen,0,,,
W_385,WoS,10.1136/gutjnl-2020-321031,"Ginseng polysaccharides alter the gut microbiota and kynurenine/tryptophan ratio, potentiating the antitumour effect of antiprogrammed cell death 1/programmed cell death ligand 1 (anti-PD-1/PD-L1) immunotherapy",2022,retained,exact DOI not previously seen,1,,,
W_386,WoS,10.3389/fcimb.2021.636808,Changes in Microbial Community Composition Related to Sex and Colon Cancer by Nrf2 Knockout,2021,retained,exact DOI not previously seen,0,,,
W_387,WoS,10.1038/s41698-025-00960-3,Bifidobacterium boosts anti-PD-1 effectiveness through JAK pathway in hepatocellular carcinoma,2025,retained,exact DOI not previously seen,1,,,
W_388,WoS,10.3389/fimmu.2022.853540,The Role of the Crosstalk Between Gut Microbiota and Immune Cells in the Pathogenesis and Treatment of Multiple Myeloma,2022,retained,exact DOI not previously seen,1,,,
W_389,WoS,10.1016/j.prp.2025.156235,Microbiota in cancer care: Clinical prospects,2025,retained,exact DOI not previously seen,0,,,
W_390,WoS,10.1016/j.phymed.2025.157559,Shenling Baizhu Powder potentiates immunotherapy response: putative roles of gut microbial remodeling and fatty acid metabolism modulation,2025,retained,exact DOI not previously seen,1,,,
W_391,WoS,10.3892/ol.2019.10433,Fusobacterium nucleatum-positive colorectal cancer,2019,retained,exact DOI not previously seen,1,,,
W_392,WoS,10.1016/j.ijbiomac.2023.125700,Protective effect of plantaricin bio-LP1 bacteriocin on multidrug-resistance Escherichia Coli infection by alleviate the inflammation and modulate of gut-microbiota in BALB/c mice model,2023,retained,exact DOI not previously seen,1,,,
W_393,WoS,10.38212/2224-6614.3346,Ursolic acid restores sensitivity to gemcitabine through the RAGE/NF-κB/MDR1 axis in pancreatic cancer cells and in a mouse xenograft model,2021,retained,exact DOI not previously seen,1,,,
W_394,WoS,10.1182/blood.2024025694,Targeting Enterobacter cloacae attenuates osteolysis by reducing ammonium in multiple myeloma,2025,retained,exact DOI not previously seen,1,,,
W_395,WoS,10.1002/advs.202502714,"Mechanistic Foundations of KRAS-Driven Tumor Ecosystems: Integrating Crosstalk among Immune, Metabolic, Microbial, and Stromal Microenvironment",2025,retained,exact DOI not previously seen,1,,,
W_396,WoS,10.1002/advs.202413128,The Gut Microbiota Affects Anti-TNF Responsiveness by Activating the NAD+ Salvage Pathway in Ulcerative Colitis,2025,retained,exact DOI not previously seen,1,,,
W_397,WoS,10.1128/aac.00004-19,"In Vitro and In Vivo Activities of Zinc Linolenate, a Selective Antibacterial Agent against Helicobacter pylori",2019,retained,exact DOI not previously seen,0,,,
W_398,WoS,10.32725/jab.2021.005,Gut microbial dysbiosis and its association with esophageal cancer,2021,retained,exact DOI not previously seen,0,,,
W_399,WoS,10.1158/0008-5472.can-22-0455,Disruption of the Gut Microbiota Confers Cisplatin Resistance in Epithelial Ovarian Cancer,2022,retained,exact DOI not previously seen,0,,,
W_400,WoS,10.1515/cclm-2017-1163,Exploring the microbiota to better understand gastrointestinal cancers physiology,2018,retained,exact DOI not previously seen,1,,,
W_401,WoS,10.1007/s12275-022-1533-1,Lactobacillus plantarum-derived metabolites sensitize the tumor-suppressive effects of butyrate by regulating the functional expression of SMCT1 in 5-FU-resistant colorectal cancer cells,2022,retained,exact DOI not previously seen,1,,,
W_402,WoS,10.1007/s11906-022-01181-w,Obstructive Sleep Apnea and Hypertension: Updates to a Critical Relationship,2022,retained,exact DOI not previously seen,1,,,
W_403,WoS,10.1016/j.jconrel.2025.114196,Nanodrug-based therapeutic interventions for tumor-associated microbiota modulation,2025,retained,exact DOI not previously seen,0,,,
W_404,WoS,10.3390/metabo13060703,The Interplay between Microbiota and Chemotherapy-Derived Metabolites in Breast Cancer,2023,retained,exact DOI not previously seen,0,,,
W_405,WoS,10.7150/ijbs.59262,C. tropicalis promotes chemotherapy resistance in colon cancer through increasing lactate production to regulate the mismatch repair system,2021,retained,exact DOI not previously seen,0,,,
W_406,WoS,10.3390/ijms24021294,Shaping the Future of Immunotherapy Targets and Biomarkers in Melanoma and Non-Melanoma Cutaneous Cancers,2023,retained,exact DOI not previously seen,1,,,
W_407,WoS,10.1186/s12943-025-02456-x,Microbiome-targeted nanoplatforms and engineering approaches in breast cancer therapy,2025,retained,exact DOI not previously seen,1,,,
W_408,WoS,10.3390/microorganisms12061053,The Role of Bacteria in Central Nervous System Tumors: Opportunities and Challenges,2024,retained,exact DOI not previously seen,1,,,
W_409,WoS,10.3389/fphys.2025.1621358,Dual role of lactate in human health and disease,2025,retained,exact DOI not previously seen,1,,,
W_410,WoS,10.1128/mbio.02120-17,Fecal Microbiota Signatures Are Associated with Response to Ustekinumab Therapy among Crohn's Disease Patients,2018,retained,exact DOI not previously seen,1,,,
W_411,WoS,10.1002/ijc.35456,Decoding the crossroads of aging and cancer through single-cell analysis: Implications for precision oncology,2025,retained,exact DOI not previously seen,0,,,
W_412,WoS,10.1016/j.canlet.2020.07.002,Barrier integrity and chronic inflammation mediated by HIF-1 impact on intestinal tumorigenesis,2020,retained,exact DOI not previously seen,1,,,
W_413,WoS,10.1007/s00262-025-04221-x,Research progress in the construction and application of immunotherapy resistance models,2025,retained,exact DOI not previously seen,1,,,
W_414,WoS,10.1080/1040841x.2022.2035313,The microbiome and precision oncology: an emerging paradigm in anticancer therapy,2022,retained,exact DOI not previously seen,1,,,
W_415,WoS,10.1158/1078-0432.ccr-20-3445,"Gut Microbiome Components Predict Response to Neoadjuvant Chemoradiotherapy in Patients with Locally Advanced Rectal Cancer: A Prospective, Longitudinal Study",2021,retained,exact DOI not previously seen,0,,,
W_416,WoS,10.1016/j.ijpharm.2024.123810,Oral probiotics microgel plus Galunisertib reduced TGF-β blockade resistance and enhanced anti-tumor immune responses in colorectal cancer,2024,retained,exact DOI not previously seen,1,,,
W_417,WoS,10.1080/19490976.2024.2320280,Roles of microbiota in pancreatic cancer development and treatment,2024,retained,exact DOI not previously seen,1,,,
W_418,WoS,10.1142/s0192415x24500885,Research Progress in Ulcerative Colitis: The Role of Traditional Chinese Medicine on Gut Microbiota and Signaling Pathways,2024,retained,exact DOI not previously seen,1,,,
W_419,WoS,10.1186/s13020-024-01032-7,Potential of natural products and gut microbiome in tumor immunotherapy,2024,retained,exact DOI not previously seen,1,,,
W_420,WoS,10.3389/fimmu.2024.1482765,"Non-coding RNAs in bladder cancer, a bridge between gut microbiota and host?",2024,retained,exact DOI not previously seen,1,,,
W_421,WoS,10.3390/ijms26146958,"RETRACTED: The Impact of Fusobacterium nucleatum and the Genotypic Biomarker KRAS on Colorectal Cancer Pathogenesis (Retracted article. See vol. 27, 2026)",2025,retained,exact DOI not previously seen,0,,,
W_422,WoS,10.3389/fonc.2022.995357,Challenges in precision medicine in pancreatic cancer: A focus in cancer stem cells and microbiota,2022,retained,exact DOI not previously seen,0,,,
W_423,WoS,10.3390/microorganisms13122818,Deciphering the Post-Operative Dynamics of Opportunistic Gut Microbiota in Colorectal Cancer Patients,2025,retained,exact DOI not previously seen,1,,,
W_424,WoS,10.3324/haematol.2018.198549,Fecal microbiota transplantation before or after allogeneic hematopoietic transplantation in patients with hematologic malignancies carrying multidrug-resistance bacteria,2019,retained,exact DOI not previously seen,1,,,
W_425,WoS,10.1186/s13099-025-00722-3,Bloodstream infection by Lactobacillus rhamnosus in a haematology patient: why metagenomics can make the difference,2025,retained,exact DOI not previously seen,1,,,
W_426,WoS,10.3389/fmicb.2025.1704491,Spatial microbiome-metabolic crosstalk drives CD8+ T-cell exhaustion through the butyrate-HDAC axis in colorectal cancer,2025,retained,exact DOI not previously seen,1,,,
W_427,WoS,10.1007/s11033-025-10626-9,"Investigating postbiotics as innovative adjuvants: deciphering the gut-breast connection in breast Cancer therapy, from gut microbiome to personalized medicine",2025,retained,exact DOI not previously seen,1,,,
W_428,WoS,10.1186/s10020-020-00234-7,The roles of the gut microbiota-miRNA interaction in the host pathophysiology,2020,retained,exact DOI not previously seen,1,,,
W_429,WoS,10.1016/j.ejmech.2022.114915,Natural quinazolinones: From a treasure house to promising anticancer leads,2023,retained,exact DOI not previously seen,1,,,
W_430,WoS,10.1016/j.freeradbiomed.2024.04.226,Fusobacterium nucleatum induces oxaliplatin resistance by inhibiting ferroptosis through E-cadherin/ β-catenin/GPX4 axis in colorectal cancer,2024,retained,exact DOI not previously seen,1,,,
W_431,WoS,10.3389/fmicb.2023.1274925,Exploring the role of gut microbiota in advancing personalized medicine,2023,retained,exact DOI not previously seen,1,,,
W_432,WoS,10.1016/j.meegid.2021.104946,"Human gut-microbiome interplay: Analysis of clinical studies for the emerging roles of diagnostic microbiology in inflammation, oncogenesis and cancer management",2021,retained,exact DOI not previously seen,0,,,
W_433,WoS,10.1016/j.ijbiomac.2025.146911,Identification of Core gene expression alterations regulated by gut microbiota in tumor progression and immunotherapy resistance through integrative pan-cancer analysis,2025,retained,exact DOI not previously seen,1,,,
W_434,WoS,10.1007/s00277-024-05952-0,Recent advances in acute gastrointestinal graft versus host disease (aGvHD): aspects of steroid-resistant disease,2025,retained,exact DOI not previously seen,0,,,
W_435,WoS,10.3389/fonc.2025.1663975,Pediatric tumor microenvironment: developmental dynamics and therapy resistance,2025,retained,exact DOI not previously seen,0,,,
W_436,WoS,10.1016/j.mtbio.2025.101601,Novel therapeutic strategies and recent advances in gut microbiota synergy with nanotechnology for colorectal cancer treatment,2025,retained,exact DOI not previously seen,0,,,
W_437,WoS,10.3389/fonc.2021.740606,The Microbiome Tumor Axis: How the Microbiome Could Contribute to Clonal Heterogeneity and Disease Outcome in Pancreatic Cancer,2021,retained,exact DOI not previously seen,1,,,
W_438,WoS,10.3390/jcm14228015,Modulating the Gut Microbiota via Rectal Ozone Insufflation in Gynecological Cancer Patients with Radiotherapy/Chemotherapy-Induced Pelvic Toxicity: A Proposed Clinical Study Protocol,2025,retained,exact DOI not previously seen,1,,,
W_439,WoS,10.3389/fcell.2021.732192,Toll Like Receptors as Sensors of the Tumor Microbial Dysbiosis: Implications in Cancer Progression,2021,retained,exact DOI not previously seen,0,,,
W_440,WoS,10.3389/fmicb.2018.03099,Anti-breast Cancer Enhancement of a Polysaccharide From Spore of Ganoderma lucidum With Paclitaxel: Suppression on Tumor Metabolism With Gut Microbiota Reshaping,2018,retained,exact DOI not previously seen,1,,,
W_441,WoS,10.1186/s13046-018-0985-y,Fusobacterium nucleatum promotes chemoresistance to 5-fluorouracil by upregulation of BIRC3 expression in colorectal cancer,2019,retained,exact DOI not previously seen,1,,,
W_442,WoS,10.3389/fimmu.2025.1620895,Molecular pathology of lymphoma and its treatment strategies: from mechanistic elucidation to precision medicine,2025,retained,exact DOI not previously seen,1,,,
W_443,WoS,10.1038/s41564-024-01695-w,Peptostreptococcus anaerobius mediates anti-PD1 therapy resistance and exacerbates colorectal cancer via myeloid-derived suppressor cells in mice,2024,retained,exact DOI not previously seen,1,,,
W_444,WoS,10.1097/md.0000000000022129,Treatment of intestinal graft-versus-host disease with unrelated donor fecal microbiota transplantation capsules A case report,2020,retained,exact DOI not previously seen,1,,,
W_445,WoS,10.3390/ijms24054997,Microbiota-Derived Natural Products Targeting Cancer Stem Cells: Inside the Gut Pharma Factory,2023,retained,exact DOI not previously seen,1,,,
W_446,WoS,10.1016/j.phymed.2025.157233,Huang-Lian-Jie-Du decoction enhances Capecitabine-Oxaliplatin efficacy via Akkermansia muciniphila and CD8+T cells in colorectal cancer,2025,retained,exact DOI not previously seen,1,,,
W_447,WoS,10.1016/j.eclinm.2023.102315,"Fecal microbiota transplantation plus tislelizumab and fruquintinib in refractory microsatellite stable metastatic colorectal cancer: an open-label, single-arm, phase II trial (RENMIN-215)",2023,retained,exact DOI not previously seen,1,,,
W_448,WoS,10.1007/s12602-024-10356-7,Functional Effects of Probiotic Lactiplantibacillus plantarum in Alleviation Multidrug-Resistant Escherichia coli-Associated Colitis in BALB/c Mice Model,2025,retained,exact DOI not previously seen,0,,,
W_449,WoS,10.1186/s12885-025-15309-z,Analysis of the predictive effect of gut microbiota changes on the occurrence of chemotherapy resistance in pancreatic cancer patients based on nomogram prediction models,2025,retained,exact DOI not previously seen,1,,,
W_450,WoS,10.1016/j.biopha.2022.113163,"Butyrate, a postbiotic of intestinal bacteria, affects pancreatic cancer and gemcitabine response in in vitro and in vivo models",2022,retained,exact DOI not previously seen,1,,,
W_451,WoS,10.3389/fmicb.2025.1599691,Tumor-associated bacteria activate PRDX1-driven glycolysis to promote immune evasion and PD-1 antibody resistance in hepatocellular carcinoma,2025,retained,exact DOI not previously seen,1,,,
W_452,WoS,10.3892/ijo.2018.4570,Mechanisms underlying the effects of stress on tumorigenesis and metastasis (Review),2018,retained,exact DOI not previously seen,1,,,
W_453,WoS,10.1186/s40001-023-01179-3,Roxadustat alleviates the inflammatory status in patients receiving maintenance hemodialysis with erythropoiesis-stimulating agent resistance by increasing the short-chain fatty acids producing gut bacteria,2023,retained,exact DOI not previously seen,1,,,
W_454,WoS,10.1007/s11154-019-09518-8,Keto microbiota: A powerful contributor to host disease recovery,2019,retained,exact DOI not previously seen,1,,,
W_455,WoS,10.1002/cam4.6860,Association of blood cell-based inflammatory markers with gut microbiota and cancer incidence in the Rotterdam study,2024,retained,exact DOI not previously seen,0,,,
W_456,WoS,10.1017/erm.2025.10029,Microbiome-driven resistance in cervical cancer therapy: from mechanistic dissection to clinical translation,2025,retained,exact DOI not previously seen,1,,,
W_457,WoS,10.1038/s43018-024-00794-1,Determinants of resistance and response to melanoma therapy,2024,retained,exact DOI not previously seen,0,,,
W_458,WoS,10.1016/j.drup.2022.100864,"Role of drug catabolism, modulation of oncogenic signaling and tumor microenvironment in microbe-mediated pancreatic cancer chemoresistance",2022,retained,exact DOI not previously seen,1,,,
W_459,WoS,10.1080/14787210.2016.1234376,The epidemiology of Clostridium difficile infection in patients with cancer,2016,retained,exact DOI not previously seen,1,,,
W_460,WoS,10.1177/2050640619839918,The impact of technical and clinical factors on fecal microbiota transfer outcomes for the treatment of recurrent Clostridioides difficile infections in Germany,2019,retained,exact DOI not previously seen,1,,,
W_461,WoS,10.1155/2022/4472509,Anticancer Effect of Puerarin on Ovarian Cancer Progression Contributes to the Tumor Suppressor Gene Expression and Gut Microbiota Modulation,2022,retained,exact DOI not previously seen,1,,,
W_462,WoS,10.3390/biomedicines10040832,Bacteria-Mediated Modulatory Strategies for Colorectal Cancer Treatment,2022,retained,exact DOI not previously seen,1,,,
W_463,WoS,10.1038/s41467-020-14290-4,Tumor heterogeneity and clonal cooperation influence the immune selection of IFN-γ-signaling mutant cancer cells,2020,retained,exact DOI not previously seen,0,,,
W_464,WoS,10.1016/j.nantod.2021.101329,Combination gut microbiota modulation and chemotherapy for orthotopic colorectal cancer therapy,2021,retained,exact DOI not previously seen,1,,,
W_465,WoS,10.1080/13102818.2021.1953400,Negative impact of antibiotic administration on the clinical activity in patients with advanced gastric cancer,2021,retained,exact DOI not previously seen,1,,,
W_466,WoS,10.1126/scitranslmed.aat7807,The hallmarks of successful anticancer immunotherapy,2018,retained,exact DOI not previously seen,0,,,
W_467,WoS,,"21ST ANNUAL MEETING OF THE EUROPEAN SOCIETY FOR PIGMENT CELL RESEARCH (ESPCR), RENNES, FRANCE 24TH-27TH SEPTEMBER 2018 ABSTRACTS",2018,retained,no DOI in export; title checked,0,no DOI; no near-duplicate title found,S_917,0.392
W_468,WoS,10.1097/hep.0000000000000237,Mechanisms of drug resistance in HCC,2024,retained,exact DOI not previously seen,1,,,
W_469,WoS,10.3389/fimmu.2022.1051987,"The effect of the intratumoral microbiome on tumor occurrence, progression, prognosis and treatment",2022,retained,exact DOI not previously seen,0,,,
W_470,WoS,10.2174/0115748928269276231120103256,Mechanisms of Anti-PD Therapy Resistance in Digestive System Neoplasms,2025,retained,exact DOI not previously seen,1,,,
W_471,WoS,10.1007/s40263-025-01195-3,"Peripheral Immune-Inflammatory Pathways in Major Depressive Disorder, Bipolar Disorder, and Schizophrenia: Exploring Their Potential as Treatment Targets",2025,retained,exact DOI not previously seen,1,,,
W_472,WoS,10.1016/j.cell.2017.07.008,Fusobacterium nucleatum Promotes Chemoresistance to Colorectal Cancer by Modulating Autophagy,2017,retained,exact DOI not previously seen,1,,,
W_473,WoS,10.1002/cam4.6298,Potential role of intratumor bacteria outside the gastrointestinal tract: More than passengers,2023,retained,exact DOI not previously seen,1,,,
W_474,WoS,10.1186/s13568-025-01989-0,Integrative mendelian randomization and multi-omics analysis reveal a gut microbiota-metabolite-CXCL10 axis in breast cancer,2025,retained,exact DOI not previously seen,1,,,
W_475,WoS,10.2174/1871520616666151116124549,Yin and Yang of Polyphenols in Cancer Prevention: A Short Review,2016,retained,exact DOI not previously seen,1,,,
W_476,WoS,10.1080/19490976.2023.2197836,Fusobacterium nucleatum promotes esophageal squamous cell carcinoma progression and chemoresistance by enhancing the secretion of chemotherapy-induced senescence-associated secretory phenotype via activation of DNA damage response pathway,2023,retained,exact DOI not previously seen,1,,,
W_477,WoS,10.4014/jmb.2301.01031,Anticancer Effects of Gut Microbiota-Derived Short-Chain Fatty Acids in Cancers,2023,retained,exact DOI not previously seen,1,,,
W_478,WoS,10.1053/j.gastro.2022.06.069,Integrated Analysis of Colorectal Cancer Reveals Cross-Cohort Gut Microbial Signatures and Associated Serum Metabolites,2022,retained,exact DOI not previously seen,0,,,
W_479,WoS,10.3390/antibiotics13100919,Beyond Antibiotics: What the Future Holds,2024,retained,exact DOI not previously seen,0,,,
W_480,WoS,10.1371/journal.pone.0311731,Safety and efficacy of fecal microbiota transplantation for viral diseases: A systematic review of clinical trials,2024,retained,exact DOI not previously seen,0,,,
W_481,WoS,10.1038/s41467-024-51534-z,Probiotics functionalized with a gallium-polyphenol network modulate the intratumor microbiota and promote anti-tumor immune responses in pancreatic cancer,2024,retained,exact DOI not previously seen,1,,,
W_482,WoS,10.3390/pathogens14010002,Intratumoral Fusobacterium nucleatum in Pancreatic Cancer: Current and Future Perspectives,2025,retained,exact DOI not previously seen,1,,,
W_483,WoS,10.3390/biomedicines12071450,Resistant Starch-Encapsulated Probiotics Attenuate Colorectal Cancer Cachexia and 5-Fluorouracil-Induced Microbial Dysbiosis,2024,retained,exact DOI not previously seen,1,,,
W_484,WoS,10.3390/cancers13061231,Pancreatic Cancer Meets Human Microbiota: Close Encounters of the Third Kind,2021,retained,exact DOI not previously seen,0,,,
W_485,WoS,10.1021/acs.jnatprod.3c00782,Cannabidiol Inhibits Epithelial Ovarian Cancer: Role of Gut Microbiome,2024,retained,exact DOI not previously seen,1,,,
W_486,WoS,10.7150/jca.88854,Shenling Baizhu Decoction (SLBZD) may play a synergistic role of tirelizumab in the treatment of colorectal cancer by influencing the imbalance of colon flora and Tumor microenvironment,2024,retained,exact DOI not previously seen,1,,,
W_487,WoS,10.3389/fphar.2025.1633286,"Clinical research, mechanisms, and prospects of flavonoids from Herba Patriniae in the treatment of colorectal cancer",2025,retained,exact DOI not previously seen,1,,,
W_488,WoS,10.1038/s41418-021-00753-8,Multifaceted modes of action of the anticancer probiotic Enterococcus hirae,2021,retained,exact DOI not previously seen,1,,,
W_489,WoS,10.1093/procel/pwae005,Microbiota enterotoxigenic Bacteroides fragilis-secreted BFT-1 promotes breast cancer cell stemness and chemoresistance through its functional receptor NOD1,2024,retained,exact DOI not previously seen,1,,,
W_490,WoS,10.3389/fonc.2021.784457,The Effect of Radiation and Chemoradiation Therapy on the Head and Neck Mucosal Microbiome: A Review,2021,retained,exact DOI not previously seen,1,,,
W_491,WoS,10.1002/adma.202302551,Inhalable Capsular Polysaccharide-Camouflaged Gallium-Polyphenol Nanoparticles Enhance Lung Cancer Chemotherapy by Depleting Local Lung Microbiota,2023,retained,exact DOI not previously seen,1,,,
W_492,WoS,10.3390/cancers16213707,The Influence of the Microbiome on the Complications of Radiotherapy and Its Effectiveness in Patients with Laryngeal Cancer,2024,retained,exact DOI not previously seen,1,,,
W_493,WoS,10.1155/mi/5035877,Influence of Fusobacterium nucleatum on Tumor Necrosis Factor Alpha Therapy in Ulcerative Colitis,2025,retained,exact DOI not previously seen,1,,,
W_494,WoS,10.1016/j.nantod.2024.102288,Blocking Fusobacterium nucleatum-host cell interactions with responsive supramolecular GalNAc-derived nanoplatform for enhanced chemotherapy in colorectal cancer,2024,retained,exact DOI not previously seen,1,,,
W_495,WoS,10.1021/acs.molpharmaceut.8b00875,Gut Microbiota-Mediated Bile Acid Transformations Alter the Cellular Response to Multidrug Resistant Transporter Substrates in Vitro: Focus on P-glycoprotein,2018,retained,exact DOI not previously seen,1,,,
W_496,WoS,10.1021/acs.molpharmaceut.5c00677,Recent Advances in Nanomedicine for Modulating Intratumoral Bacteria in Cancer Therapy,2025,retained,exact DOI not previously seen,0,,,
W_497,WoS,10.1158/1078-0432.ccr-23-0195,Short-Chain Fatty Acid Production by Gut Microbiota Predicts Treatment Response in Multiple Myeloma,2024,retained,exact DOI not previously seen,0,,,
W_498,WoS,10.1007/s12672-024-01585-x,Unraveling the role of gut microbiota and immune cells in thyroid cancer and tumor drug resistance,2024,retained,exact DOI not previously seen,1,,,
W_499,WoS,10.1111/tid.13216,"Successful treatment of fulminant Clostridioides difficile infection with emergent fecal microbiota transplantation in a patient with acute myeloid leukemia and prolonged, severe neutropenia",2020,retained,exact DOI not previously seen,1,,,
W_500,WoS,10.1016/j.trecan.2018.01.008,Beyond` Tissue Stiffness and Bioadhesivity: Advanced Biomaterials to Model Tumor Microenvironments and Drug Resistance,2018,retained,exact DOI not previously seen,1,,,
W_501,WoS,10.1002/advs.202206957,Gastric Acid-Responsive ROS Nanogenerators for Effective Treatment of Helicobacter pylori Infection without Disrupting Homeostasis of Intestinal Flora,2023,retained,exact DOI not previously seen,1,,,
W_502,WoS,10.3389/fmicb.2025.1559033,Significant changes in gut microbiota and SCFAs among patients with newly diagnosed acute myeloid leukemia,2025,retained,exact DOI not previously seen,1,,,
W_503,WoS,10.1016/j.biopha.2022.113081,Xihuang Pill enhances anticancer effect of anlotinib by regulating gut microbiota composition and tumor angiogenesis pathway,2022,retained,exact DOI not previously seen,1,,,
W_504,WoS,10.3390/ijms17111786,Circadian Rhythm Shapes the Gut Microbiota Affecting Host Radiosensitivity,2016,retained,exact DOI not previously seen,1,,,
W_505,WoS,10.3389/fonc.2022.924290,Autophagy: A Versatile Player in the Progression of Colorectal Cancer and Drug Resistance,2022,retained,exact DOI not previously seen,1,,,
W_506,WoS,10.1016/j.cell.2021.07.029,Dysregulation of ILC3s unleashes progression and immunotherapy resistance in colon cancer,2021,retained,exact DOI not previously seen,1,,,
W_507,WoS,10.1002/jcp.30260,Emerging role of RNF2 in cancer: From bench to bedside,2021,retained,exact DOI not previously seen,1,,,
W_508,WoS,,Extracellular vesicles in Inter-Kingdom communication in gastrointestinal cancer,2021,retained,no DOI in export; title checked,0,no DOI; no near-duplicate title found,S_1202,0.567
W_509,WoS,10.1016/j.celrep.2019.04.001,Integrated In Vitro and In Silico Modeling Delineates the Molecular Effects of a Synbiotic Regimen on Colorectal-Cancer-Derived Cells,2019,retained,exact DOI not previously seen,1,,,
W_510,WoS,10.3389/fimmu.2025.1642091,"Tumor-associated macrophages in colon cancer immunotherapy: mechanisms, natural product interventions, and microenvironment remodeling",2025,retained,exact DOI not previously seen,1,,,
W_511,WoS,10.1155/2022/6565300,Characterization of Butyrate-Resistant Colorectal Cancer Cell Lines and the Cytotoxicity of Anticancer Drugs against These Cells,2022,retained,exact DOI not previously seen,1,,,
W_512,WoS,10.1016/j.jconrel.2023.09.028,Delivery of short chain fatty acid butyrate to overcome Fusobacterium nucleatum-induced chemoresistance,2023,retained,exact DOI not previously seen,1,,,
W_513,WoS,10.1016/j.ijbiomac.2024.136828,Targeting purine metabolism-related enzymes for therapeutic intervention: A review from molecular mechanism to therapeutic breakthrough,2024,retained,exact DOI not previously seen,1,,,
W_514,WoS,10.1124/dmd.118.083402,How to Determine the Role of the Microbiome in Drug Disposition,2018,retained,exact DOI not previously seen,0,,,
W_515,WoS,10.1016/j.bbcan.2023.188943,"The correlation between gut and intra-tumor microbiota and PDAC: Etiology, diagnostics and therapeutics",2023,retained,exact DOI not previously seen,1,,,
W_516,WoS,10.1007/s12672-024-01704-8,Crosstalk between gut microbiota and cancer chemotherapy: current status and trends,2024,retained,exact DOI not previously seen,1,,,
W_517,WoS,10.1016/j.biopha.2023.114295,Metabolite interactions between host and microbiota during health and disease: Which feeds the other?,2023,retained,exact DOI not previously seen,0,,,
W_518,WoS,10.3390/biom15081165,Effect of Nematodes-Bacteria Complex Metabolites on Cancer and Tumor Progression,2025,retained,exact DOI not previously seen,1,,,
W_519,WoS,10.3389/fcimb.2025.1562831,Gut microbiome is associated with radiotherapy response in lung cancer patients with brain metastases,2025,retained,exact DOI not previously seen,1,,,
W_520,WoS,10.1016/j.jcmgh.2021.06.001,Lactobacillus rhamnosus GG Orchestrates an Antitumor Immune Response,2021,retained,exact DOI not previously seen,1,,,
W_521,WoS,10.1186/s41065-025-00483-8,METTL3 mediates m6A methylation modification of ULBP2 and affects the progression of cervical cancer,2025,retained,exact DOI not previously seen,1,,,
W_522,WoS,10.3390/pharmaceutics17070851,Effect of Hepatic Impairment on the Pharmacokinetics of Baicalin in Rats: Critical Roles of Gut Microbiota and Hepatic Transporters,2025,retained,exact DOI not previously seen,1,,,
W_523,WoS,10.1016/j.ijmm.2020.151425,Microbiota and cancer: host cellular mechanisms activated by gut microbial metabolites,2020,retained,exact DOI not previously seen,0,,,
W_524,WoS,10.3389/fimmu.2023.1230681,Deciphering the mechanism of Peptostreptococcus anaerobius-induced chemoresistance in colorectal cancer: the important roles of MDSC recruitment and EMT activation,2023,retained,exact DOI not previously seen,1,,,
W_525,WoS,10.1016/j.dmpk.2019.01.001,Proteomic analysis of small intestinal epithelial cells in antibiotic-treated mice: Changes in drug transporters and metabolizing enzymes,2019,retained,exact DOI not previously seen,0,,,
W_526,WoS,10.3389/fnut.2025.1686056,Effects of the ketogenic diet on skin-potential benefits and risks,2025,retained,exact DOI not previously seen,0,,,
W_527,WoS,10.1007/s12079-022-00695-x,Role of interleukin-6-mediated inflammation in the pathogenesis of inflammatory bowel disease: focus on the available therapeutic approaches and gut microbiome,2023,retained,exact DOI not previously seen,1,,,
W_528,WoS,10.1016/j.jnutbio.2022.109172,Adaptation of the gut holobiont to malnutrition during mouse pregnancy depends on the type of nutritional adversity,2023,retained,exact DOI not previously seen,1,,,
W_529,WoS,10.1016/j.jep.2025.119319,Glycyrrhiza uralensis Fisch. Attenuates Dioscorea bulbifera L.-induced liver injury by regulating the FXR/Nrf2-BAs-related proteins and intestinal microbiota,2025,retained,exact DOI not previously seen,1,,,
W_530,WoS,10.1097/sga.0000000000000794,Fecal Microbiota Transplantation Alleviates Severe PD-1 Inhibitor-Associated Colitis Caused by Neoadjuvant Therapy for Esophageal Cancer,2024,retained,exact DOI not previously seen,1,,,
W_531,WoS,10.4251/wjgo.v17.i12.112936,Tumor-resident microorganisms as clinical biomarkers in primary liver cancer: A systematic review of current evidence,2025,retained,exact DOI not previously seen,1,,,
W_532,WoS,10.1038/s41467-025-61161-x,Gut microbial bile and amino acid metabolism associate with peanut oral immunotherapy failure,2025,retained,exact DOI not previously seen,1,,,
W_533,WoS,10.3389/fcell.2021.710165,Fusobacterium nucleatum Acts as a Pro-carcinogenic Bacterium in Colorectal Cancer: From Association to Causality,2021,retained,exact DOI not previously seen,1,,,
W_534,WoS,10.1016/j.chom.2019.06.004,Non-traditional Antibacterial Therapeutic Options and Challenges,2019,retained,exact DOI not previously seen,0,,,
W_535,WoS,10.3390/biom12020156,Adrenomedullin: Not Just Another Gastrointestinal Peptide,2022,retained,exact DOI not previously seen,0,,,
W_536,WoS,10.3389/fphar.2024.1510851,Intratumor microbiome-derived butyrate promotes chemo-resistance in colorectal cancer,2025,retained,exact DOI not previously seen,1,,,
W_537,WoS,10.3390/biomedicines13051261,Spatial Heterogeneity of Intratumoral Microbiota: A New Frontier in Cancer Immunotherapy Resistance,2025,retained,exact DOI not previously seen,1,,,
W_538,WoS,10.3389/fimmu.2025.1675677,Microbial metabolites and their influence on the tumor microenvironment,2025,retained,exact DOI not previously seen,1,,,
W_539,WoS,10.1007/978-3-030-24100-1_10,Oncobiome at the Forefront of a Novel Molecular Mechanism to Understand the Microbiome and Cancer,2019,retained,exact DOI not previously seen,0,,,
W_540,WoS,10.1080/14787210.2025.2569831,"Updates on Candida albicans infections: pathogenesis, resistance, and emerging nanopharmaceutical strategies",2025,retained,exact DOI not previously seen,1,,,
W_541,WoS,10.3748/wjg.v27.i42.7340,Gut microbiome composition can predict the response to nivolumab in advanced hepatocellular carcinoma patients,2021,retained,exact DOI not previously seen,1,,,
W_542,WoS,10.1177/03936155221088884,The complexity of cancer immunotherapy illustrated through skin tumors,2022,retained,exact DOI not previously seen,1,,,
W_543,WoS,10.3390/cimb47100815,Quinoa and Colonic Health: A Review of Bioactive Components and Mechanistic Insights,2025,retained,exact DOI not previously seen,1,,,
W_544,WoS,10.1016/j.ijpharm.2025.125758,Unraveling the pharmaceutical excipient-drug interactions: The effects of polyethylene glycol copolymers on drug metabolism and transport systems,2025,retained,exact DOI not previously seen,0,,,
W_545,WoS,10.1016/j.pharmthera.2018.06.010,Novel therapeutic strategy for cancer and autoimmune conditions: Modulating cell metabolism and redox capacity,2018,retained,exact DOI not previously seen,1,,,
W_546,WoS,10.1007/s11033-025-10361-1,Integrating alternative therapies in overcoming chemotherapy resistance in tumors,2025,retained,exact DOI not previously seen,1,,,
W_547,WoS,10.1016/j.actbio.2025.06.008,Sonosensitizer-doped framework theranostic nanoprobe for enhanced spatiotemporal eradication of helicobacter pylori with photoacoustic imaging guidance,2025,retained,exact DOI not previously seen,1,,,
W_548,WoS,10.3389/fcimb.2025.1692312,Crosstalk between neutrophil extracellular traps and gut microbiota in ulcerative colitis: traditional Chinese medicine strategies,2025,retained,exact DOI not previously seen,1,,,
W_549,WoS,10.3390/ijms231810906,Cancer Resistance to Immunotherapy: Molecular Mechanisms and Tackling Strategies,2022,retained,exact DOI not previously seen,0,,,
W_550,WoS,10.1186/s12957-025-03713-5,Case report of clostridium difficile infection after rectal resection with ileostomy,2025,retained,exact DOI not previously seen,1,,,
W_551,WoS,10.1016/j.trecan.2025.08.005,Host and microbiome lipid metabolism in colorectal cancer development and therapy,2025,retained,exact DOI not previously seen,1,,,
W_552,WoS,10.1016/j.bbcan.2022.188733,The huge clinical potential of microbiota in the treatment of pancreatic cancer: The next frontier,2022,retained,exact DOI not previously seen,1,,,
W_553,WoS,10.1007/s12275-020-0375-y,Lactobacillus-derived metabolites enhance the antitumor activity of 5-FU and inhibit metastatic behavior in 5-FU-resistant colorectal cancer cells by regulating claudin-1 expression,2020,retained,exact DOI not previously seen,0,,,
W_554,WoS,10.1007/s10620-021-07024-z,Fecal Microbiota Transplantation Is Safe for Clostridiodies difficile Infection in Patients with Solid Tumors Undergoing Chemotherapy,2022,retained,exact DOI not previously seen,1,,,
W_555,WoS,10.3390/cancers14235974,The Microbiome in PDAC-Vantage Point for Future Therapies?,2022,retained,exact DOI not previously seen,0,,,
W_556,WoS,,Resident Bacteria in Breast Cancer Tissue: Pathogenic Agents or Harmless Commensals?,2018,retained,no DOI in export; title checked,0,no DOI; no near-duplicate title found,S_56,0.5
W_557,WoS,10.62347/xkuj3012,Updated outcomes and exploratory analysis of RENMIN-215: tislelizumab plus fruquintinib and fecal microbiota transplantation in refractory microsatellite stable metastatic colorectal cancer,2024,retained,exact DOI not previously seen,0,,,
W_558,WoS,10.3322/caac.21652,Blueprint for cancer research: Critical gaps and opportunities,2021,retained,exact DOI not previously seen,0,,,
W_559,WoS,10.1002/ctm2.70093,Disentangling the molecular mystery of tumour-microbiota interactions: Microbial metabolites,2024,retained,exact DOI not previously seen,0,,,
W_560,WoS,10.1186/s13048-025-01921-x,"Advances in ovarian cancer: biological insights, therapeutic innovations, and future perspectives",2025,retained,exact DOI not previously seen,0,,,
W_561,WoS,10.1073/pnas.2205574119,Epithelial chemerin-CMKLR1 signaling restricts microbiota-driven colonic neutrophilia and tumorigenesis by up-regulating lactoperoxidase,2022,retained,exact DOI not previously seen,1,,,
W_562,WoS,10.1016/j.biopha.2024.117283,Therapeutic potential of rifaximin in liver diseases,2024,retained,exact DOI not previously seen,0,,,
W_563,WoS,10.3390/nu14224723,Prospects of Probiotic Adjuvant Drugs in Clinical Treatment,2022,retained,exact DOI not previously seen,0,,,
W_564,WoS,10.1016/j.phymed.2024.156161,Cepharanthine sensitizes gastric cancer cells to chemotherapy by targeting TRIB3-FOXO3-FOXM1 axis to inhibit autophagy,2024,retained,exact DOI not previously seen,1,,,
W_565,WoS,10.1016/j.phymed.2024.155906,Gegen Qinlian Decoction reverses oxaliplatin resistance in colorectal cancer by inhibiting YTHDF1-regulated m6A modification of GLS1,2024,retained,exact DOI not previously seen,1,,,
W_566,WoS,10.3390/cancers13143596,The Next-Generation of Combination Cancer Immunotherapy: Epigenetic Immunomodulators Transmogrify Immune Training to Enhance Immunotherapy,2021,retained,exact DOI not previously seen,1,,,
W_567,WoS,10.1371/journal.pone.0184578,Mycoplasma-associated multidrug resistance of hepatocarcinoma cells requires the interaction of P37 and Annexin A2,2017,retained,exact DOI not previously seen,0,,,
W_568,WoS,10.1016/j.apsb.2023.11.018,The emerging tumor microbe microenvironment: From delineation to multidisciplinary approach-based interventions,2024,retained,exact DOI not previously seen,1,,,
W_569,WoS,10.1016/j.addr.2025.115647,Overcoming therapy resistance in pancreatic cancer: challenges and emerging strategies,2025,retained,exact DOI not previously seen,1,,,
W_570,WoS,10.1038/s41467-025-67047-2,Tissue-resident microbiota impacts colorectal cancer progression and prognosis,2025,retained,exact DOI not previously seen,0,,,
W_571,WoS,10.1016/j.urolonc.2020.12.011,Investigating the association between the urinary microbiome and bladder cancer: An exploratory study,2021,retained,exact DOI not previously seen,1,,,
W_572,WoS,10.1080/19490976.2024.2333790,Fusobacterium nucleatum induces chemoresistance in colorectal cancer by inhibiting pyroptosis via the Hippo pathway,2024,retained,exact DOI not previously seen,1,,,
W_573,WoS,10.3390/molecules27248810,Natural Polyphenols for Treatment of Colorectal Cancer,2022,retained,exact DOI not previously seen,1,,,
W_574,WoS,10.1016/j.cmet.2023.11.019,Targeting gut microbial nitrogen recycling and cellular uptake of ammonium to improve bortezomib resistance in multiple myeloma,2024,retained,exact DOI not previously seen,1,,,
W_575,WoS,10.1093/humrep/deac094,The healthy female microbiome across body sites: effect of hormonal contraceptives and the menstrual cycle,2022,retained,exact DOI not previously seen,0,,,
W_576,WoS,10.1039/d4tb02409e,Strategic use of nanomaterials as double-edged therapeutics to control carcinogenesis via regulation of dysbiosis and bacterial infection: current status and future prospects,2025,retained,exact DOI not previously seen,1,,,
W_577,WoS,10.7150/thno.70754,Microbial metabolite restricts 5-fluorouracil-resistant colonic tumor progression by sensitizing drug transporters via regulation of FOXO3-FOXM1 axis,2022,retained,exact DOI not previously seen,1,,,
W_578,WoS,10.1126/sciimmunol.abf7235,XIAP restrains TNF-driven intestinal inflammation and dysbiosis by promoting innate immune responses of Paneth and dendritic cells,2021,retained,exact DOI not previously seen,1,,,
W_579,WoS,10.1038/s41598-025-00976-6,"Biliary microbiome profiling via 16 S rRNA amplicon sequencing in patients with cholangiocarcinoma, pancreatic carcinoma and choledocholithiasis",2025,retained,exact DOI not previously seen,1,,,
W_580,WoS,10.3390/cancers15245859,Human Intestinal Organoids and Microphysiological Systems for Modeling Radiotoxicity and Assessing Radioprotective Agents,2023,retained,exact DOI not previously seen,1,,,
W_581,WoS,10.1002/hep4.1566,Therapeutic Targeting of Myeloperoxidase Attenuates NASH in Mice,2020,retained,exact DOI not previously seen,0,,,
W_582,WoS,10.1038/s41598-025-30385-8,Butyrate prevents chemotherapy-induced gastrointestinal toxicity and microbial dysbiosis,2025,retained,exact DOI not previously seen,0,,,
W_583,WoS,10.1038/s41467-025-67169-7,Chemotherapy-driven intestinal dysbiosis and indole-3-propionic acid rewire myelopoiesis to promote a metastasis-refractory state,2025,retained,exact DOI not previously seen,0,,,
W_584,WoS,10.3389/fphar.2024.1436021,Appraisal of postbiotics in cancer therapy,2024,retained,exact DOI not previously seen,1,,,
W_585,WoS,,Ulcerative Colitis: Rapid Evidence Review,2022,retained,no DOI in export; title checked,1,no DOI; no near-duplicate title found,W_783,0.642
W_586,WoS,10.1128/msphere.00068-21,Biotransformation of Doxorubicin Promotes Resilience in Simplified Intestinal Microbial Communities,2021,retained,exact DOI not previously seen,0,,,
W_587,WoS,10.1080/21645515.2022.2159706,9th Immunotherapy of Cancer conference (ITOC): A meeting report,2022,retained,exact DOI not previously seen,1,,,
W_588,WoS,10.4251/wjgo.v15.i5.713,Intratumour microbiome of pancreatic cancer,2023,retained,exact DOI not previously seen,1,,,
W_589,WoS,10.1111/cas.13497,Pretreatment with probiotic Bifico ameliorates colitis-associated cancer in mice: Transcriptome and gut flora profiling,2018,retained,exact DOI not previously seen,0,,,
W_590,WoS,10.3390/ijms26146954,Analyzing the Blueprint: Exploring the Molecular Profile of Metastasis and Therapeutic Resistance,2025,retained,exact DOI not previously seen,1,,,
W_591,WoS,10.1007/s11912-024-01591-w,"Unveiling the Hidden Links: Periodontal Disease, Fusobacterium Nucleatum, and Cancers",2024,retained,exact DOI not previously seen,1,,,
W_592,WoS,10.1016/j.oraloncology.2025.107513,Turning tumor microenvironmental foes to friends: A new opportunity for thyroid cancer therapy and redifferentiation,2025,retained,exact DOI not previously seen,0,,,
W_593,WoS,10.1016/j.arr.2025.102820,"The role of intratumoral microbiome in the occurrence, proliferation, metastasis of colorectal cancer and its underlying therapeutic strategies",2025,retained,exact DOI not previously seen,1,,,
W_594,WoS,10.1182/asheducation-2018.1.236,Biology-driven developments in the therapy of acute graft-versus-host disease,2018,retained,exact DOI not previously seen,1,,,
W_595,WoS,10.1111/omi.12475,The role of Fusobacterium nucleatum in cancer and its implications for clinical applications,2024,retained,exact DOI not previously seen,0,,,
W_596,WoS,10.1080/08923973.2024.2308252,The protective effect of teprenone in TNBS-induced ulcerative colitis rats by modulating the gut microbiota and reducing inflammatory response,2024,retained,exact DOI not previously seen,1,,,
W_597,WoS,10.1097/dcr.0000000000003207,Evidence-Based Approach to Chronic Antibiotic Refractory Pouchitis: A Review,2024,retained,exact DOI not previously seen,1,,,
W_598,WoS,10.1038/s41575-024-00920-5,Pouchitis: pathophysiology and management,2024,retained,exact DOI not previously seen,1,,,
W_599,WoS,10.3389/fcimb.2025.1528578,Saussurea costus alleviates ulcerative colitis by regulating the gut microbiota and improving intestinal barrier integrity,2025,retained,exact DOI not previously seen,1,,,
W_600,WoS,10.3389/fphar.2025.1667731,"Curcumin in colorectal cancer: mechanistic insights, pharmacological limitations, and translational perspectives",2025,retained,exact DOI not previously seen,1,,,
W_601,WoS,10.1039/d4tb00103f,Engineering lauric acid-based nanodrug delivery systems for restoring chemosensitivity and improving biocompatibility of 5-FU and OxPt against Fn-associated colorectal tumor,2024,retained,exact DOI not previously seen,0,,,
W_602,WoS,10.1186/s13020-025-01124-y,Natural anti-cancer products: insights from herbal medicine,2025,retained,exact DOI not previously seen,1,,,
W_603,WoS,10.1016/j.prp.2024.155387,Fecal microbiome extract downregulates the expression of key proteins at the interface between airway remodelling and lung cancer pathogenesis in vitro,2024,retained,exact DOI not previously seen,1,,,
W_604,WoS,10.1146/annurev-immunol-070621-030155,Resistance Mechanisms to Anti-PD Cancer Immunotherapy,2022,retained,exact DOI not previously seen,1,,,
W_605,WoS,10.3389/fimmu.2025.1735873,The metabolism-immune axis in colorectal cancer: remodeling the tumor microenvironment through metabolite signaling,2025,retained,exact DOI not previously seen,1,,,
W_606,WoS,10.15666/aeer/1804_55055525,"PRIMARY NON-RESPONSE IN INFLAMMATORY BOWEL DISEASE, DEFINITION, POTENTIAL CAUSES, THERAPEUTIC DRUG MONITORING AND MICROBIOTA - A REVIEW",2020,retained,exact DOI not previously seen,1,,,
W_607,WoS,10.1186/s13099-024-00660-6,Washed microbiota transplantation stopped recurrent sepsis in a patient with myelofibrosis: a case report,2024,retained,exact DOI not previously seen,1,,,
W_608,WoS,10.1016/j.ejmech.2021.113967,"Indoleamine 2,3-dioxygenase 1 (IDO1) inhibitors and PROTAC-based degraders for cancer therapy",2022,retained,exact DOI not previously seen,0,,,
W_609,WoS,10.3390/antibiotics14010009,"Unraveling the Anti-Cancer Mechanisms of Antibiotics: Current Insights, Controversies, and Future Perspectives",2025,retained,exact DOI not previously seen,1,,,
W_610,WoS,10.3389/fimmu.2025.1692684,Recent advances in gut microbiota metabolite regulation of hepatic pregnane X receptor,2025,retained,exact DOI not previously seen,0,,,
W_611,WoS,10.2174/0113892002393013250812093213,Natural Compounds as Potential Therapeutics for Pancreatic Cancer: A Narrative Review,2025,retained,exact DOI not previously seen,1,,,
W_612,WoS,10.4014/jmb.2408.08026,Innovative Bacterial Therapies and Genetic Engineering Approaches in Colorectal Cancer: A Review of Emerging Strategies and Clinical Implications,2024,retained,exact DOI not previously seen,1,,,
W_613,WoS,10.1016/j.biopha.2024.116203,Tumor immunotherapy resistance: Revealing the mechanism of PD-1 / PD-L1-mediated tumor immune escape,2024,retained,exact DOI not previously seen,1,,,
W_614,WoS,10.1016/j.semcancer.2021.11.007,"Insights into the role of gut and intratumor microbiota in pancreatic ductal adenocarcinoma as new key players in preventive, diagnostic and therapeutic perspective",2022,retained,exact DOI not previously seen,0,,,
W_615,WoS,10.1002/smtd.202401611,Advances in Engineered Phages for Disease Treatment,2025,retained,exact DOI not previously seen,0,,,
W_616,WoS,10.3390/biomedicines13040964,Molecular Alterations in Gastric Intestinal Metaplasia Shed Light on Alteration of Methionine Metabolism: Insight into New Diagnostic and Treatment Approaches,2025,retained,exact DOI not previously seen,1,,,
W_617,WoS,10.1186/s13071-022-05418-0,Higher amoebic and metronidazole resistant forms of Blastocystis sp. seen in schizophrenic patients,2022,retained,exact DOI not previously seen,1,,,
W_618,WoS,10.1016/j.tips.2020.11.006,Tryptophan Metabolism as a Pharmacological Target,2021,retained,exact DOI not previously seen,0,,,
W_619,WoS,10.1002/adbi.202500023,Bacterial Quorum Sensing: A Double-Edged Sword in Cancer Development,2025,retained,exact DOI not previously seen,0,,,
W_620,WoS,10.3390/microorganisms11082004,The Pathogenicity of Fusobacterium nucleatum Modulated by Dietary Fibers-A Possible Missing Link between the Dietary Composition and the Risk of Colorectal Cancer,2023,retained,exact DOI not previously seen,1,,,
W_621,WoS,10.1093/ibd/izaa111,Fungal Dysbiosis Aggravates Pouchitis in a Rat Model of Ileal Pouch Anal Anastomosis,2020,retained,exact DOI not previously seen,1,,,
W_622,WoS,10.3389/fphar.2021.651813,"Natural-Derived Polysaccharides From Plants, Mushrooms, and Seaweeds for the Treatment of Inflammatory Bowel Disease",2021,retained,exact DOI not previously seen,1,,,
W_623,WoS,10.1016/j.bbcan.2025.189425,Elucidating cellular origins and TME dynamic evolution in NSCLC through multi-omics technologies,2025,retained,exact DOI not previously seen,1,,,
W_624,WoS,10.1007/s12672-025-03686-7,The crosstalk between MiRNAs and autophagy in leukemia: mechanisms and therapeutic insights,2025,retained,exact DOI not previously seen,0,,,
W_625,WoS,10.1016/j.trecan.2022.07.002,Inflammation: the incubator of the tumor microenvironment,2022,retained,exact DOI not previously seen,1,,,
W_626,WoS,10.3390/cancers15133468,The Hippo Pathway Effectors YAP/TAZ-TEAD Oncoproteins as Emerging Therapeutic Targets in the Tumor Microenvironment,2023,retained,exact DOI not previously seen,1,,,
W_627,WoS,10.1021/acsami.3c01210,Tumor-Targeting Nanoassembly for Enhanced Colorectal Cancer Therapy by Eliminating Intratumoral Fusobacterium nucleatum,2023,retained,exact DOI not previously seen,0,,,
W_628,WoS,10.3892/or.2016.4838,Butyrate-mediated acquisition of chemoresistance by human colon cancer cells,2016,retained,exact DOI not previously seen,1,,,
W_629,WoS,10.1007/s10067-024-07267-x,Refractory psoriatic arthritis: emerging concepts in whole process management,2025,retained,exact DOI not previously seen,0,,,
W_630,WoS,10.1186/s12935-025-03641-0,Application prospects of ferroptosis in colorectal cancer,2025,retained,exact DOI not previously seen,1,,,
W_631,WoS,10.3892/mmr.2021.12001,A combination of PD-1/PD-L1 inhibitors: The prospect of overcoming the weakness of tumor immunotherapy,2021,retained,exact DOI not previously seen,0,,,
W_632,WoS,10.1038/s41698-021-00142-x,A tumor microenvironment-specific gene expression signature predicts chemotherapy resistance in colorectal cancer patients,2021,retained,exact DOI not previously seen,1,,,
W_633,WoS,10.1038/s41419-025-07454-x,CAR-T therapy dilemma and innovative design strategies for next generation,2025,retained,exact DOI not previously seen,1,,,
W_634,WoS,10.1080/15384047.2017.1345396,Therapeutic implications of bioactive sphingolipids: A focus on colorectal cancer,2017,retained,exact DOI not previously seen,1,,,
W_635,WoS,10.1016/j.bbcan.2023.189014,Role of the intratumoral microbiome in tumor progression and therapeutics implications,2023,retained,exact DOI not previously seen,0,,,
W_636,WoS,10.1016/j.bbcan.2025.189355,Decoding the role of intratumoral microbiota in gastric cancer,2025,retained,exact DOI not previously seen,1,,,
W_637,WoS,10.1016/j.nantod.2023.101994,Clearing intratumoral bacteria to augment tumor-therapeutic response by engineering antimicrobial dendritic mesoporous silica nanomedicine,2023,retained,exact DOI not previously seen,0,,,
W_638,WoS,10.3390/cancers14235977,Investigational Microbiological Therapy for Glioma,2022,retained,exact DOI not previously seen,1,,,
W_639,WoS,10.1038/s41416-022-02044-6,Metformin abrogates Fusobacterium nucleatum-induced chemoresistance in colorectal cancer by inhibiting miR-361-5p/sonic hedgehog signaling-regulated stemness,2023,retained,exact DOI not previously seen,0,,,
W_640,WoS,10.1111/tid.13717,Impact of broad-spectrum antibiotic exposures and multidrug-resistant gram-negative bacteremia on hematopoietic cell transplantation outcomes,2021,retained,exact DOI not previously seen,0,,,
W_641,WoS,10.1016/j.semcancer.2025.06.009,The microbiome-immune cell interaction network: Advancing tumor immunotherapy,2025,retained,exact DOI not previously seen,0,,,
W_642,WoS,10.1186/s12967-025-07546-4,The application of AI-driven and engineered intratumoral microbes in cancer therapy,2025,retained,exact DOI not previously seen,0,,,
W_643,WoS,10.1016/j.neo.2020.12.008,Implications of the microbiome in the development and treatment of pancreatic cancer: Thinking outside of the box by looking inside the gut,2021,retained,exact DOI not previously seen,0,,,
W_644,WoS,10.4251/wjgo.v16.i12.4565,Unraveling the role of cancer-associated fibroblasts in colorectal cancer,2024,retained,exact DOI not previously seen,1,,,
W_645,WoS,10.3390/antiox13121544,"Vanillin Has Potent Antibacterial, Antioxidant, and Anti-Inflammatory Activities In Vitro and in Mouse Colitis Induced by Multidrug-Resistant Escherichia coli",2024,retained,exact DOI not previously seen,1,,,
W_646,WoS,10.1016/j.jphotobiol.2025.113155,Exploring the phototherapy modalities and dosages for an ingestible light-emitting diode capsule to eliminate Helicobacter pylori infection,2025,retained,exact DOI not previously seen,0,,,
W_647,WoS,10.1016/j.ebiom.2024.105041,Desulfovibrio desulfuricans and its derived metabolites confer resistance to FOLFOX through METTL3,2024,retained,exact DOI not previously seen,1,,,
W_648,WoS,10.4240/wjgs.v17.i7.107110,Multi-omics perspectives for gastrointestinal malignancy: A systematic review,2025,retained,exact DOI not previously seen,0,,,
W_649,WoS,10.1002/bab.2738,Genetically Engineered Bacteria as a Promising Therapeutic Strategy Against Cancer: A Comprehensive Review,2025,retained,exact DOI not previously seen,1,,,
W_650,WoS,10.3389/fonc.2022.882874,Prediction of Pathogenic Factors in Dysbiotic Gut Microbiomes of Colorectal Cancer Patients Using Reverse Microbiomics,2022,retained,exact DOI not previously seen,1,,,
W_651,WoS,10.1007/s12672-025-02719-5,Advances in the role of baicalin and baicalein in colon cancer: mechanisms and therapeutic potential,2025,retained,exact DOI not previously seen,0,,,
W_652,WoS,10.1016/j.omto.2023.04.007,New insights and options into the mechanisms and effects of combined targeted therapy and immunotherapy in prostate cancer,2023,retained,exact DOI not previously seen,0,,,
W_653,WoS,10.3389/fonc.2022.932709,Lung microbiome in children with hematological malignancies and lower respiratory tract infections,2022,retained,exact DOI not previously seen,1,,,
W_654,WoS,10.1111/cas.70201,"Microbial and Metabolic Disorders in Cervical Cancer: Structural Insights, Biomarkers, Mechanisms, and Therapeutic Strategies",2025,retained,exact DOI not previously seen,1,,,
W_655,WoS,10.1002/smll.202505651,Targeting Intratumoral Bacteria for Cancer Treatment,2025,retained,exact DOI not previously seen,0,,,
W_656,WoS,10.7150/jca.61618,The Regulatory Network of MicroRNA in the Metabolism of Colorectal Cancer,2021,retained,exact DOI not previously seen,1,,,
W_657,WoS,10.1016/j.ijantimicag.2023.106923,New insights into the antimicrobial action and protective therapeutic effect of tirapazamine towards Escherichia coli- infected mice,2023,retained,exact DOI not previously seen,1,,,
W_658,WoS,10.3389/fonc.2021.704001,TPL Inhibits the Invasion and Migration of Drug-Resistant Ovarian Cancer by Targeting the PI3K/AKT/NF-κB-Signaling Pathway to Inhibit the Polarization of M2 TAMs,2021,retained,exact DOI not previously seen,1,,,
W_659,WoS,10.1016/j.bcp.2023.115797,Aryl hydrocarbon receptor (AhR) and pregnane X receptor (PXR) play both distinct and common roles in the regulation of colon homeostasis and intestinal carcinogenesis,2023,retained,exact DOI not previously seen,1,,,
W_660,WoS,10.3390/nu17233712,"Microbial Metabolite, Macro Impact: Urolithin A in the Nexus of Insulin Resistance and Colorectal Tumorigenesis",2025,retained,exact DOI not previously seen,1,,,
W_661,WoS,10.1016/j.molmed.2025.03.010,Acquired resistance to immunotherapy in solid tumors,2025,retained,exact DOI not previously seen,1,,,
W_662,WoS,10.1186/s40880-017-0217-4,Cancer chemoprevention through dietary flavonoids: what's limiting?,2017,retained,exact DOI not previously seen,0,,,
W_663,WoS,10.3390/cancers17203348,"Fusobacteriumnucleatum: Pathophysiological and Clinical Involvement in Inflammatory Bowel Diseases, Colorectal Cancer and Cardiovascular Diseases",2025,retained,exact DOI not previously seen,1,,,
W_664,WoS,10.3390/ijms24065069,Modulation of the Tumor Microenvironment by Microbiota-Derived Short-Chain Fatty Acids: Impact in Colorectal Cancer Therapy,2023,retained,exact DOI not previously seen,1,,,
W_665,WoS,10.1007/s12602-024-10405-1,"Probiotic Mixture Attenuates Colorectal Tumorigenesis in Murine AOM/DSS Model by Suppressing STAT3, Inducing Apoptotic p53 and Modulating Gut Microbiota",2025,retained,exact DOI not previously seen,1,,,
W_666,WoS,10.3390/ijms25052984,"Molecular Frontiers in Melanoma: Pathogenesis, Diagnosis, and Therapeutic Advances",2024,retained,exact DOI not previously seen,1,,,
W_667,WoS,10.1002/mbo3.70036,Assessing Diversity Scaling in Lung Cancer Microbiome Across Individuals and Tissue Types,2025,retained,exact DOI not previously seen,1,,,
W_668,WoS,10.1038/s41571-024-00908-9,Exploiting bacteria for cancer immunotherapy,2024,retained,exact DOI not previously seen,1,,,
W_669,WoS,10.3390/pathogens8020045,The Hidden Cost of Modern Medical Interventions: How Medical Advances Have Shaped the Prevalence of Human Fungal Disease,2019,retained,exact DOI not previously seen,1,,,
W_670,WoS,10.3389/fmicb.2025.1637272,Revisiting berberine for the prevention and treatment of Fusobacterium nucleatum-induced colorectal cancer from a dynamic perspective,2025,retained,exact DOI not previously seen,1,,,
W_671,WoS,10.1002/cam4.70703,The Kynurenine Pathway and Indole Pathway in Tryptophan Metabolism Influence Tumor Progression,2025,retained,exact DOI not previously seen,1,,,
W_672,WoS,10.3390/nu16060802,Organosulfur Compounds in Colorectal Cancer Prevention and Progression,2024,retained,exact DOI not previously seen,1,,,
W_673,WoS,10.1007/s11626-025-01058-7,Enhancement of 5-fluorouracil efficacy in colorectal cancer cells through thymidylate synthase inhibition by sodium propionate,2025,retained,exact DOI not previously seen,1,,,
W_674,WoS,10.1016/j.critrevonc.2019.102824,"Tumor microbiome: Pancreatic cancer and duodenal fluids contain multitudes, ...but do they contradict themselves?",2019,retained,exact DOI not previously seen,0,,,
W_675,WoS,10.1016/j.cmet.2022.11.013,Microenvironmental ammonia enhances T cell exhaustion in colorectal cancer,2023,retained,exact DOI not previously seen,1,,,
W_676,WoS,10.1128/spectrum.01839-23,Lactobacillus rhamnosus HN001 facilitates the efficacy of dual PI3K/mTOR inhibition prolonging cardiac transplant survival and enhancing antitumor effect,2024,retained,exact DOI not previously seen,0,,,
W_677,WoS,10.3389/fimmu.2025.1603032,Lipid metabolic reprogramming in colorectal cancer: mechanisms and therapeutic strategies,2025,retained,exact DOI not previously seen,1,,,
W_678,WoS,10.3390/healthcare13080923,New Therapeutic Challenges in Pediatric Gastroenterology: A Narrative Review,2025,retained,exact DOI not previously seen,1,,,
W_679,WoS,10.3390/toxins17100513,The Ambivalent Nature of Bacteroides fragilis and the Interaction with Clostridioides difficile: Benefits and Disadvantages for the Human Host,2025,retained,exact DOI not previously seen,0,,,
W_680,WoS,10.1016/j.heliyon.2024.e39547,Existence and distribution of the microbiome in tumour tissues of children with hepatoblastoma,2024,retained,exact DOI not previously seen,1,,,
W_681,WoS,10.1038/s41698-025-00892-y,Multidimensional differences of right- and left-sided colorectal cancer and their impact on targeted therapies,2025,retained,exact DOI not previously seen,0,,,
W_682,WoS,10.3389/fcimb.2022.938608,Relationship between Helicobacter pylori infection and gastrointestinal microecology,2022,retained,exact DOI not previously seen,1,,,
W_683,WoS,10.1016/j.celrep.2025.116473,PreTA-mediated metabolism of 5-fluorouracil by intratumoral Citrobacter freundii drives chemoresistance in pancreatic cancer,2025,retained,exact DOI not previously seen,1,,,
W_684,WoS,10.1371/journal.pone.0158227,Short-Term Surveillance of Cytokines and C-Reactive Protein Cannot Predict Efficacy of Fecal Microbiota Transplantation for Ulcerative Colitis,2016,retained,exact DOI not previously seen,1,,,
W_685,WoS,10.1016/j.jbc.2024.107171,Deciphering the role of Enterococcus faecium cytidine deaminase in gemcitabine resistance of gallbladder cancer,2024,retained,exact DOI not previously seen,1,,,
W_686,WoS,10.1186/s12885-019-5676-3,"PRIMMO study protocol: a phase II study combining PD-1 blockade, radiation and immunomodulation to tackle cervical and uterine cancer",2019,retained,exact DOI not previously seen,1,,,
W_687,WoS,10.1038/s41388-022-02584-4,Breast cancer and neurotransmitters: emerging insights on mechanisms and therapeutic directions,2023,retained,exact DOI not previously seen,1,,,
W_688,WoS,10.1016/j.heliyon.2024.e37511,Single-cell RNA sequencing analysis reveals the distinct features of colorectal cancer with or without Fusobacterium nucleatum infection in PD-L1 blockade therapy,2024,retained,exact DOI not previously seen,0,,,
W_689,WoS,10.1128/cmr.00212-24,BCG therapy in bladder cancer and its tumor microenvironment interactions,2025,retained,exact DOI not previously seen,1,,,
W_690,WoS,10.1016/j.fct.2016.03.011,In vivo relevant mixed urolithins and ellagic acid inhibit phenotypic and molecular colon cancer stem cell features: A new potentiality for ellagitannin metabolites against cancer,2016,retained,exact DOI not previously seen,1,,,
W_691,WoS,10.1016/j.eimc.2021.01.005,La asociaci?n entre Fusobacterium nucleatum y el c?ncer colorrectal: una revisi?n sistem?tica y metaan?lisis,2022,retained,exact DOI not previously seen,0,,,
W_692,WoS,10.1111/imcb.12001,"The good, the (not so) bad and the ugly of immune homeostasis in melanoma",2018,retained,exact DOI not previously seen,0,,,
W_693,WoS,10.1007/s12275-023-00100-1,miR-135b Aggravates Fusobacterium nucleatum-Induced Cisplatin Resistance in Colorectal Cancer by Targeting KLF13,2024,retained,exact DOI not previously seen,0,,,
W_694,WoS,10.3389/fimmu.2022.1038650,Glucose metabolism and tumour microenvironment in pancreatic cancer: A key link in cancer progression,2022,retained,exact DOI not previously seen,0,,,
W_695,WoS,10.1158/1078-0432.ccr-18-3781,Targeting the Tumor Microenvironment in Radiation Oncology: Proceedings from the 2018 ASTRO-AACR Research Workshop,2019,retained,exact DOI not previously seen,1,,,
W_696,WoS,10.1158/1078-0432.ccr-19-0318,Intratumoral Fusobacterium Nucleatum Levels Predict Therapeutic Response to Neoadjuvant Chemotherapy in Esophageal Squamous Cell Carcinoma,2019,retained,exact DOI not previously seen,0,,,
W_697,WoS,10.3390/pharmaceutics17070820,"Phage Therapy in Managing Multidrug-Resistant (MDR) Infections in Cancer Therapy: Innovations, Complications, and Future Directions",2025,retained,exact DOI not previously seen,1,,,
W_698,WoS,10.3892/mmr.2025.13456,Potential of lactylation as a therapeutic target in cancer treatment (Review),2025,retained,exact DOI not previously seen,1,,,
W_699,WoS,10.1016/j.jcmgh.2022.03.008,The Host-Microbiome Response to Hyperbaric Oxygen Therapy in Ulcerative Colitis Patients,2022,retained,exact DOI not previously seen,0,,,
W_700,WoS,10.1016/j.ghir.2016.09.006,Two years in IGF research,2016,retained,exact DOI not previously seen,1,,,
W_701,WoS,10.3389/fcell.2022.1012254,Lactate drives cellular DNA repair capacity: Role of lactate and related short-chain fatty acids in cervical cancer chemoresistance and viral infection,2022,retained,exact DOI not previously seen,1,,,
W_702,WoS,10.1136/jitc-2021-003675,Dendritic cell vaccines targeting tumor blood vessel antigens in combination with dasatinib induce therapeutic immune responses in patients with checkpoint-refractory advanced melanoma,2021,retained,exact DOI not previously seen,0,,,
W_703,WoS,10.1016/j.cej.2025.168657,Redox-responsive nanodrug enhances cascaded chemo-immunotherapy via tandem chemoresistant microbiome depletion and efferocytosis blockade,2025,retained,exact DOI not previously seen,1,,,
W_704,WoS,10.1159/000503099,Management of the Elderly Inflammatory Bowel Disease Patient,2020,retained,exact DOI not previously seen,0,,,
W_705,WoS,10.3389/fimmu.2024.1457562,"Daikenchuto, a Japanese herbal medicine, ameliorates experimental colitis in a murine model by inducing secretory leukocyte protease inhibitor and modulating the gut microbiota",2024,retained,exact DOI not previously seen,1,,,
W_706,WoS,10.1007/s11033-025-11047-4,Modulation of NF-κB pathway in cancer therapy by sodium butyrate and Isoproterenol,2025,retained,exact DOI not previously seen,1,,,
W_707,WoS,10.1016/j.jep.2025.119972,Current evidence for Banxia Xiexin decoction in gastrointestinal tumors and future research perspectives,2025,retained,exact DOI not previously seen,1,,,
W_708,WoS,10.1016/j.jri.2024.104241,"Potential tools for predicting response to chemotherapy in OC: Assessment of immune dysbiosis, participant's self-rated health and microbial dynamics",2024,retained,exact DOI not previously seen,1,,,
W_709,WoS,10.1007/978-3-319-50520-6_10,Helicobacter pylori-Induced Changes in Gastric Acid Secretion and Upper Gastrointestinal Disease,2017,retained,exact DOI not previously seen,0,,,
W_710,WoS,10.1177/1721727x241260258,p-Cymene and pachymic acid alleviate adalimumab-resistance cell line inflammatory response via inhibiting PI3K/AKT/mTOR signaling pathway,2024,retained,exact DOI not previously seen,0,,,
W_711,WoS,10.1186/s12916-019-1380-z,Celiac disease: a comprehensive current review,2019,retained,exact DOI not previously seen,1,,,
W_712,WoS,10.1016/j.imlet.2021.02.007,The onco-immunological implications of Fusobacterium nucleatum in breast cancer,2021,retained,exact DOI not previously seen,1,,,
W_713,WoS,10.1080/14737159.2018.1544495,The microbiome of pancreatic cancer: from molecular diagnostics to new therapeutic approaches to overcome chemoresistance caused by metabolic inactivation of gemcitabine,2018,retained,exact DOI not previously seen,1,,,
W_714,WoS,10.1016/j.phrs.2025.107902,Intratumor microbiome-derived butyrate enhances progesterone sensitivity by inducing ferroptosis in endometrial cancer,2025,retained,exact DOI not previously seen,1,,,
W_715,WoS,10.3390/ijms242316888,Bile Microbiome Signatures Associated with Pancreatic Ductal Adenocarcinoma Compared to Benign Disease: A UK Pilot Study,2023,retained,exact DOI not previously seen,1,,,
W_716,WoS,10.1097/meg.0000000000001288,Recurrent Clostridium difficile infection is associated with treatment failure and prolonged illness in cancer patients,2019,retained,exact DOI not previously seen,0,,,
W_717,WoS,10.3390/cells11111780,Small Extracellular Vesicles: Key Forces Mediating the Development and Metastasis of Colorectal Cancer,2022,retained,exact DOI not previously seen,0,,,
W_718,WoS,10.1093/gastro/goae072,Advances in the management of complications from cirrhosis,2024,retained,exact DOI not previously seen,0,,,
W_719,WoS,10.14336/ad.2023.0520,MYC Oncogene: A Druggable Target for Treating Cancers with Natural Products,2024,retained,exact DOI not previously seen,1,,,
W_720,WoS,10.1155/2018/6237239,Helicobacter pylori Infection and Gastric Dysbiosis: Can Probiotics Administration Be Useful to Treat This Condition?,2018,retained,exact DOI not previously seen,1,,,
W_721,WoS,10.1093/ecco-jcc/jjaa039,Metabonomics and the Gut Microbiome Associated With Primary Response to Anti-TNF Therapy in Crohn's Disease,2020,retained,exact DOI not previously seen,1,,,
W_722,WoS,10.1016/j.cej.2023.141982,The colorectal cancer-specific microbiome regulation and immune response activation via an artificial biomimetic nanovaccine,2023,retained,exact DOI not previously seen,1,,,
W_723,WoS,10.7554/elife.83140,Evolved bacterial resistance to the chemotherapy gemcitabine modulates its efficacy in co-cultured cancer cells,2023,retained,exact DOI not previously seen,1,,,
W_724,WoS,10.3389/fonc.2023.1148930,Three-dimensional heterotypic colorectal cancer spheroid models for evaluation of drug response,2023,retained,exact DOI not previously seen,0,,,
W_725,WoS,10.3390/biomedicines11051319,"Obesity, the Adipose Organ and Cancer in Humans: Association or Causation?",2023,retained,exact DOI not previously seen,1,,,
W_726,WoS,10.4251/wjgo.v16.i9.3781,Erythropoietin-induced hepatocyte receptor A2 regulates effect of pyroptosis on gastrointestinal colorectal cancer occurrence and metastasis resistance,2024,retained,exact DOI not previously seen,0,,,
W_727,WoS,10.3389/fmicb.2025.1596900,Bloodstream infections epidemiology and clinical outcomes after 1 year post allogeneic hematogenous stem cell transplantation,2025,retained,exact DOI not previously seen,1,,,
W_728,WoS,10.5114/ceji.2024.136376,Immunological relationship between Helicobacter pylori and anti-tumor necrosis factor α agents in inflammatory bowel disease,2024,retained,exact DOI not previously seen,0,,,
W_729,WoS,10.1186/s40168-025-02133-7,Lipid accumulation inhibition strategies alleviate Fusobacterium nucleatum-infected colorectal cancer,2025,retained,exact DOI not previously seen,1,,,
W_730,WoS,10.1128/aac.01921-20,Dihydrotanshinone I Is Effective against Drug-Resistant Helicobacter pylori In Vitro and In Vivo,2021,retained,exact DOI not previously seen,1,,,
W_731,WoS,10.1016/j.bpg.2017.10.002,Action and function of Chromobacterium violaceum in health and disease: Violacein as a promising metabolite to counteract gastroenterological diseases,2017,retained,exact DOI not previously seen,0,,,
W_732,WoS,10.1186/s12866-021-02339-3,Role of biliary stent and neoadjuvant chemotherapy in the pancreatic tumor microbiome,2021,retained,exact DOI not previously seen,1,,,
W_733,WoS,10.1038/s41522-025-00882-9,CRISPR-engineered microbiome: living therapeutics revolutionize blood cancer immunotherapy,2025,retained,exact DOI not previously seen,0,,,
W_734,WoS,10.1158/1940-6207.capr-16-0209,Targeting Inflammation in Cancer Prevention and Therapy,2016,retained,exact DOI not previously seen,1,,,
W_735,WoS,10.3390/ijms22105246,Heterogeneity of Colorectal Cancer Progression: Molecular Gas and Brakes,2021,retained,exact DOI not previously seen,1,,,
W_736,WoS,10.3390/ijms19113331,Pancreatic Cancer and Obesity: Molecular Mechanisms of Cell Transformation and Chemoresistance,2018,retained,exact DOI not previously seen,1,,,
W_737,WoS,10.2147/dddt.s557114,"Rhubarb: Traditional Uses, Phytochemistry, Multiomics-Based Novel Pharmacological and Toxicological Mechanisms",2025,retained,exact DOI not previously seen,1,,,
W_738,WoS,10.1097/qco.0000000000000768,Predictors of multidrug resistant Pseudomonas aeruginosa involvement in bloodstream infections,2021,retained,exact DOI not previously seen,0,,,
W_739,WoS,10.1080/14728222.2025.2500420,"Multidimensional insights into squalene epoxidase drug development: in vitro mechanisms, in silico modeling, and in vivo implications",2025,retained,exact DOI not previously seen,1,,,
W_740,WoS,10.3389/fcimb.2023.1101291,Fusobacterium nucleatum induces a tumor microenvironment with diminished adaptive immunity against colorectal cancers,2023,retained,exact DOI not previously seen,0,,,
W_741,WoS,10.1080/17474124.2022.2032662,Cytomegalovirus in ulcerative colitis: an evidence-based approach to diagnosis and treatment,2022,retained,exact DOI not previously seen,1,,,
W_742,WoS,10.1038/s41590-020-0761-y,Regulation and modulation of antitumor immunity in pancreatic cancer,2020,retained,exact DOI not previously seen,1,,,
W_743,WoS,10.3390/biomedicines13020339,Probiotic-Derived Metabolites from Lactiplantibacillus plantarum OC01 Reprogram Tumor-Associated Macrophages to an Inflammatory Anti-Tumoral Phenotype: Impact on Colorectal Cancer Cell Proliferation and Migration,2025,retained,exact DOI not previously seen,1,,,
W_744,WoS,10.6004/jnccn.2019.5021,Biomarker Testing for Immunotherapy,2019,retained,exact DOI not previously seen,0,,,
W_745,WoS,10.3389/fimmu.2024.1346211,Different evasion strategies in multiple myeloma,2024,retained,exact DOI not previously seen,1,,,
W_746,WoS,10.2174/0109298673257429231108072717,Inflammation and Stem Cell Stochasticity of HPV-induced Cervical Cancer: Epigenetics b ased Biomarkers through Microbiome and Metabolome for Personalized Medicine: A Systematic Review,2025,retained,exact DOI not previously seen,1,,,
W_747,WoS,10.1007/s12032-025-03042-3,"Next-generation oncology: integrative therapeutic frontiers at the crossroads of precision genomics, immuno-engineering, and tumor microenvironment modulation",2025,retained,exact DOI not previously seen,1,,,
W_748,WoS,10.3390/metabo13080938,Metabolic Alteration of MCF-7 Cells upon Indirect Exposure to E. coli Secretome: A Model of Studying the Microbiota Effect on Human Breast Tissue,2023,retained,exact DOI not previously seen,1,,,
W_749,WoS,10.3390/biomedicines11041166,Pathogenesis of Hepatocellular Carcinoma: The Interplay of Apoptosis and Autophagy,2023,retained,exact DOI not previously seen,1,,,
W_750,WoS,10.1016/j.jtct.2023.04.007,Mechanisms of Resistance and Treatment of Relapse after CAR T-cell Therapy for Large B-cell Lymphoma and Multiple Myeloma,2023,retained,exact DOI not previously seen,1,,,
W_751,WoS,10.1111/1751-2980.12595,Impact of Klebsiella pneumoniae in lower gastrointestinal tract diseases,2018,retained,exact DOI not previously seen,1,,,
W_752,WoS,10.19852/j.cnki.jtcm.20230328.002,"Therapy of replenishing Yin and regulating Yang for manic episode in bipolar disorder: study protocol for a prospective, double-blind, randomized controlled trial",2023,retained,exact DOI not previously seen,1,,,
W_753,WoS,10.22038/ijbms.2020.43016.10115,Anti-cancer properties of Escherichia coil Nissle 1917 against HT-29 colon cancer cells through regulation of Bax/Bcl-xL and AKT/PTEN signaling pathways,2020,retained,exact DOI not previously seen,0,,,
W_754,WoS,10.3389/fphar.2020.00106,Fusobacterium nucleatum Activates Endoplasmic Reticulum Stress to Promote Crohn's Disease Development via the Upregulation of CARD3 Expression,2020,retained,exact DOI not previously seen,0,,,
W_755,WoS,10.3389/fcimb.2022.976710,Refractory Helicobacter pylori infection and the gastric microbiota,2022,retained,exact DOI not previously seen,1,,,
W_756,WoS,10.3390/ijms232112888,Patient-Derived Multiple Myeloma 3D Models for Personalized Medicine-Are We There Yet?,2022,retained,exact DOI not previously seen,0,,,
W_757,WoS,10.3389/fonc.2022.976065,Patient-derived cancer models: Valuable platforms for anticancer drug testing,2022,retained,exact DOI not previously seen,1,,,
W_758,WoS,10.3390/ani15101359,"The Beneficial Use of Artemisia annua, Artemisinin, and Other Compounds in Animal Health",2025,retained,exact DOI not previously seen,0,,,
W_759,WoS,10.1111/prd.12426,Fusobacterium nucleatum and cancer,2022,retained,exact DOI not previously seen,0,,,
W_760,WoS,10.3389/fimmu.2025.1717062,Reprogramming the tumor microenvironment to overcome immunotherapy resistance in pancreatic cancer,2025,retained,exact DOI not previously seen,0,,,
W_761,WoS,10.1007/s10495-025-02085-1,Effects of microplastics on chemo-resistance and tumorigenesis of colorectal cancer,2025,retained,exact DOI not previously seen,1,,,
W_762,WoS,10.1002/jev2.70070,Fusobacterium nucleatum-Derived Outer Membrane Vesicles Promote Immunotherapy Resistance via Changes in Tryptophan Metabolism in Tumour-Associated Macrophages,2025,retained,exact DOI not previously seen,1,,,
W_763,WoS,10.1615/jenvironpatholtoxicoloncol.2022041294,Melatonin: A Potential Antineoplastic Agent in Breast Cancer,2022,retained,exact DOI not previously seen,0,,,
W_764,WoS,10.1038/s42255-024-01066-z,Concurrent loss of LKB1 and KEAP1 enhances SHMT-mediated antioxidant defence in KRAS-mutant lung cancer,2024,retained,exact DOI not previously seen,0,,,
W_765,WoS,10.1111/apt.13436,Review article: the potential mechanisms of action of rifaximin in the management of inflammatory bowel diseases,2016,retained,exact DOI not previously seen,1,,,
W_766,WoS,10.1186/s13046-023-02787-x,"Role of the DEAD-box RNA helicase DDX5 (p68) in cancer DNA repair, immune suppression, cancer metabolic control, virus infection promotion, and human microbiome (microbiota) negative influence",2023,retained,exact DOI not previously seen,1,,,
W_767,WoS,10.1590/0074-02760250014,The impact of probiotic administration in vivo on peritoneal mouse macrophages infected by Leishmania amazonensis ex vivo,2025,retained,exact DOI not previously seen,0,,,
W_768,WoS,10.1080/01635581.2023.2267779,Effects of Probiotics on Chemotherapy-induced Diarrhea,2023,retained,exact DOI not previously seen,1,,,
W_769,WoS,10.3390/biomedicines12040735,A Comprehensive Exploration of Therapeutic Strategies in Inflammatory Bowel Diseases: Insights from Human and Animal Studies,2024,retained,exact DOI not previously seen,0,,,
W_770,WoS,10.1007/s00018-024-05484-w,Neutrophil-centric analysis of gastric cancer: prognostic modeling and molecular insights,2024,retained,exact DOI not previously seen,1,,,
W_771,WoS,10.21037/atm.2019.09.26,Impact of bariatric surgery on cancer risk reduction,2020,retained,exact DOI not previously seen,0,,,
W_772,WoS,10.3389/fnut.2025.1696289,Bioactive components and delivery strategies of food-medicine homologous substances in lung cancer therapy: current advances and clinical translation,2025,retained,exact DOI not previously seen,1,,,
W_773,WoS,10.1016/j.micres.2022.127012,Putative probiotics decrease cell viability and enhance chemotherapy effectiveness in human cancer cells: role of butyrate and secreted proteins,2022,retained,exact DOI not previously seen,0,,,
W_774,WoS,10.1124/dmd.116.074609,In Vitro Interactions of Epacadostat and its Major Metabolites with Human Efflux and Uptake Transporters: Implications for Pharmacokinetics and Drug Interactions,2017,retained,exact DOI not previously seen,1,,,
W_775,WoS,10.1093/ibd/izad195,Management of Perianal Fistulizing Crohn's Disease,2023,retained,exact DOI not previously seen,1,,,
W_776,WoS,10.1038/s41598-017-03466-6,Microbial Signatures Associated with Oropharyngeal and Oral Squamous Cell Carcinomas,2017,retained,exact DOI not previously seen,0,,,
W_777,WoS,10.3390/cancers17172794,Targeting the Tumor Immune Microenvironment in Triple-Negative Breast Cancer: The Promise of Polyphenols,2025,retained,exact DOI not previously seen,1,,,
W_778,WoS,10.1016/j.semcancer.2022.11.012,Holistic immunomodulation for small cell lung cancer,2023,retained,exact DOI not previously seen,0,,,
W_779,WoS,10.1016/j.biopha.2020.110409,Probiotics for cancer alternative prevention and treatment,2020,retained,exact DOI not previously seen,1,,,
W_780,WoS,10.22514/jomh.2024.180,A potential target for the prevention and therapy of colon cancer: focused on men's clinical features,2024,retained,exact DOI not previously seen,0,,,
W_781,WoS,10.1021/acsami.4c05921,Inhibition of Transmural Inflammation in Crohn's Disease by Orally Administered Tumor Necrosis Factor-Alpha Deoxyribozymes-Loaded Pyroptosis Nanoinhibitors,2024,retained,exact DOI not previously seen,0,,,
W_782,WoS,10.1097/sla.0000000000003393,Driver Gene Mutations and Epigenetics in Colorectal Cancer,2020,retained,exact DOI not previously seen,1,,,
W_783,WoS,10.1038/s41572-020-0205-x,Ulcerative colitis,2020,retained,exact DOI not previously seen,0,,,
W_784,WoS,10.1158/0008-5472.can-24-1609,"Fungal Influences on Cancer Initiation, Progression, and Response to Treatment",2025,retained,exact DOI not previously seen,1,,,
W_785,WoS,10.1136/jitc-2022-004717,Complement downregulation promotes an inflammatory signature that renders colorectal cancer susceptible to immunotherapy,2022,retained,exact DOI not previously seen,1,,,
W_786,WoS,10.1126/sciadv.add2789,Nitroreductase-instructed supramolecular assemblies for microbiome regulation to enhance colorectal cancer treatments,2022,retained,exact DOI not previously seen,1,,,
W_787,WoS,10.1016/j.ijid.2019.01.039,Improving treatment outcomes for MDR-TB - Novel host-directed therapies and personalised medicine of the future,2019,retained,exact DOI not previously seen,1,,,
W_788,WoS,10.1080/19490976.2024.2310215,Colibactin-producing Escherichia coli enhance resistance to chemotherapeutic drugs by promoting epithelial to mesenchymal transition and cancer stem cell emergence,2024,retained,exact DOI not previously seen,1,,,
W_789,WoS,10.3389/fgene.2022.925338,Pyroptosis-Related Signature as Potential Biomarkers for Predicting Prognosis and Therapy Response in Colorectal Cancer Patients,2022,retained,exact DOI not previously seen,1,,,
W_790,WoS,10.1016/j.pbiomolbio.2025.02.003,Advancing targeted therapies in pancreatic cancer: Leveraging molecular abberrations for therapeutic success,2025,retained,exact DOI not previously seen,1,,,
W_791,WoS,10.1142/s0192415x23500416,Ginsenosides are Promising Medicine for Tumor and Inflammation: A Review,2023,retained,exact DOI not previously seen,1,,,
W_792,WoS,10.1080/17512433.2019.1630272,The clinical application of fruquintinib on colorectal cancer,2019,retained,exact DOI not previously seen,0,,,
W_793,WoS,10.1007/s11864-025-01343-3,"Revolutionizing Breast Cancer Therapeutics: Intersecting Frontiers of Precision Medicine, Nanotechnology, and Drug Delivery Innovations",2025,retained,exact DOI not previously seen,1,,,
W_794,WoS,10.1186/s12879-025-10756-2,Altered KEGG pathways are associated with different immunologic responses to antiretroviral therapy in HIV-infected men who have sex with men,2025,retained,exact DOI not previously seen,1,,,
W_795,WoS,10.1016/j.actbio.2025.02.013,Multifunctional nanodrug for simultaneously combating chemoresistance and immunosuppression in Fusobacterium nucleatum-associated colorectal cancer,2025,retained,exact DOI not previously seen,0,,,
W_796,WoS,10.3390/ijms25179577,The Potential Use of Arsenic Trioxide in the Treatment of Systemic Lupus Erythematosus,2024,retained,exact DOI not previously seen,1,,,
W_797,WoS,10.1038/s41392-021-00831-w,Ketogenic diet for human diseases: the underlying mechanisms and potential for clinical implementations,2022,retained,exact DOI not previously seen,0,,,
W_798,WoS,10.1080/17474124.2025.2488884,Medical management of acute severe ulcerative colitis in the hospitalized patient,2025,retained,exact DOI not previously seen,0,,,
W_799,WoS,10.3389/fphar.2025.1551411,Microbiota and metabolomic profiling coupled with machine learning to identify biomarkers and drug targets in nasopharyngeal carcinoma,2025,retained,exact DOI not previously seen,1,,,
W_800,WoS,10.3389/fimmu.2023.1253064,Functions and mechanisms of lactylation in carcinogenesis and immunosuppression,2023,retained,exact DOI not previously seen,1,,,
W_801,WoS,10.1039/c8ra01662c,An inflammatory memory and angiogenic self-assembling nanofiber hydrogel scaffold seeded with Akkermansia muciniphila to accelerate the healing of diabetic ischemic ulcers,2018,retained,exact DOI not previously seen,1,,,
W_802,WoS,10.2147/ott.s145949,"Clinical significance of Fusobacterium nucleatum, epithelial-mesenchymal transition, and cancer stem cell markers in stage III/IV colorectal cancer patients",2017,retained,exact DOI not previously seen,1,,,
W_803,WoS,10.1016/j.clinre.2023.102247,Gastric microbiota in patients with gastric MALT lymphoma according to Helicobacter pylori infection,2024,retained,exact DOI not previously seen,1,,,
W_804,WoS,10.3389/fendo.2025.1536155,The intratumor microbiota and thyroid cancer: a review,2025,retained,exact DOI not previously seen,1,,,
W_805,WoS,10.18632/oncotarget.7206,Expression of the bitter receptor T2R38 in pancreatic cancer: localization in lipid droplets and activation by a bacteria-derived quorum-sensing molecule,2016,retained,exact DOI not previously seen,1,,,
W_806,WoS,10.3390/ijms241310423,Biochemical Recurrence in Prostate Cancer Is Associated with the Composition of Lactobacillus: Microbiome Analysis of Prostatic Tissue,2023,retained,exact DOI not previously seen,1,,,
W_807,WoS,10.1093/oncolo/oyac076,Recent FDA Approvals in the Treatment of Graft-Versus-Host Disease,2022,retained,exact DOI not previously seen,1,,,
W_808,WoS,10.1016/j.jiac.2025.102709,Extended-pulsed fidaxomicin therapy for recurrent Clostridioides difficile infection after standard vancomycin and fidaxomicin failure: A case report,2025,retained,exact DOI not previously seen,1,,,
W_809,WoS,10.1128/msphere.01185-20,Specific Norovirus Interaction with Lewis x and Lewis a on Human Intestinal Inflammatory Mucosa during Refractory Inflammatory Bowel Disease,2021,retained,exact DOI not previously seen,0,,,
W_810,WoS,10.1186/s12879-023-08766-z,Adult zebrafish infected by clinically isolated Klebsiella pneumoniae with different virulence showed increased intestinal inflammation and disturbed intestinal microbial biodiversity,2023,retained,exact DOI not previously seen,1,,,
W_811,WoS,10.6133/apjcn.202406_33(2).0002,Role of dietary nutrients and metabolism in colorectal cancer,2024,retained,exact DOI not previously seen,1,,,
W_812,WoS,10.3390/cancers13184732,"Senescence in HBV-, HCV- and NAFLD- Mediated Hepatocellular Carcinoma and Senotherapeutics: Current Evidence and Future Perspective",2021,retained,exact DOI not previously seen,0,,,
W_813,WoS,10.1073/pnas.1710408114,Selective killing of Helicobacter pylori with pH-responsive helix-coil conformation transitionable antimicrobial polypeptides,2017,retained,exact DOI not previously seen,0,,,
W_814,WoS,10.1016/j.phymed.2025.157509,"A comprehensive review of six dietary polyphenols in colorectal cancer: Pharmacokinetics, mechanism and therapeutic potentials",2025,retained,exact DOI not previously seen,0,,,
W_815,WoS,10.3390/biomedicines10071758,Bladder Tissue Microbiome Composition in Patients of Bladder Cancer or Benign Prostatic Hyperplasia and Related Human Beta Defensin Levels,2022,retained,exact DOI not previously seen,1,,,
W_816,WoS,10.3389/fimmu.2021.757836,Recent Metabolic Advances for Preventing and Treating Acute and Chronic Graft Versus Host Disease,2021,retained,exact DOI not previously seen,1,,,
W_817,WoS,10.1186/s13071-023-05922-x,"Transcriptomic, 16S ribosomal ribonucleic acid and network pharmacology analyses shed light on the anticoccidial mechanism of green tea polyphenols against Eimeria tenella infection in Wuliangshan black-boned chickens",2023,retained,exact DOI not previously seen,0,,,
W_818,WoS,10.1016/j.cis.2024.103270,Single-cell encapsulation systems for probiotic delivery: Armor probiotics,2024,retained,exact DOI not previously seen,0,,,
W_819,WoS,10.3390/ijms26167823,"Investigating the Impact of Fusobacterium nucleatum on Oxidative Stress, Chemoresistance, and Inflammation in Inflammatory Bowel Disease and Colorectal Cancer: Rationale and Design of a Clinical Trial",2025,retained,exact DOI not previously seen,1,,,
W_820,WoS,10.1177/17562848231173331,Precision medicine and drug optimization in adult inflammatory bowel disease patients,2023,retained,exact DOI not previously seen,1,,,
W_821,WoS,10.1016/j.chempr.2024.01.030,Fusobacterium nucleatum-mimicking nanovehicles to overcome chemoresistance for breast cancer treatment by eliminating tumor-colonizing bacteria,2024,retained,exact DOI not previously seen,0,,,
W_822,WoS,10.1038/s41598-024-56336-3,Effective treatment of Clostridioides difficile infection improves survival and affects graft-versus-host disease: a multicenter study by the Polish Adult Leukemia Group,2024,retained,exact DOI not previously seen,0,,,
W_823,WoS,10.1016/j.mtbio.2025.102493,Microbiota-directed lactic acid depleting nanoenzyme reactivates antitumor immunity and chemosensitivity in hypoxic tumor,2025,retained,exact DOI not previously seen,1,,,
W_824,WoS,10.3389/fcell.2022.896591,The Role of Tissue-Resident Macrophages in the Development and Treatment of Inflammatory Bowel Disease,2022,retained,exact DOI not previously seen,0,,,
W_825,WoS,10.1016/j.biotechadv.2018.11.011,Dietary phytochemicals in colorectal cancer prevention and treatment: A focus on the molecular mechanisms involved,2020,retained,exact DOI not previously seen,1,,,
W_826,WoS,10.3390/cancers14246111,Sodium New Houttuyfonate Inhibits Cancer-Promoting Fusobacterium nucleatum (Fn) to Reduce Colorectal Cancer Progression,2022,retained,exact DOI not previously seen,1,,,
W_827,WoS,10.3390/biom15071018,Role of Oral Bacteria in Mediating Gemcitabine Resistance in Pancreatic Cancer,2025,retained,exact DOI not previously seen,1,,,
W_828,WoS,10.1007/978-3-030-44518-8_9,Toll-Like Receptors (TLRs) in the Tumor Microenvironment (TME): A Dragon-Like Weapon in a Non-fantasy Game of Thrones,2020,retained,exact DOI not previously seen,0,,,
W_829,WoS,10.3389/fchem.2020.00600,New Roadmaps for Non-muscle-invasive Bladder Cancer With Unfavorable Prognosis,2020,retained,exact DOI not previously seen,1,,,
W_830,WoS,10.3390/antibiotics10101163,Carriage of Multidrug-Resistant Bacteria in Healthy People: Recognition of Several Risk Groups,2021,retained,exact DOI not previously seen,0,,,
W_831,WoS,10.1080/14737159.2023.2281482,The tumor immune microenvironment in pancreatic cancer and its potential in the identification of immunotherapy biomarkers,2023,retained,exact DOI not previously seen,1,,,
W_832,WoS,10.1089/mdr.2020.0469,Severe Pneumonia Caused by Methicillin-Resistant Staphylococcus pseudintermedius in an Oncology Patient: Case Report and Literature Review,2022,retained,exact DOI not previously seen,0,,,
W_833,WoS,10.3390/molecules26113121,"Synthesis and Characterization of Some New Quinoxalin-2(1H)one and 2-Methyl-3H-quinazolin-4-one Derivatives Targeting the Onset and Progression of CRC with SAR, Molecular Docking, and ADMET Analyses",2021,retained,exact DOI not previously seen,1,,,
W_834,WoS,10.1093/ecco-jcc/jjz195,"Predictors of Primary Response to Biologic Treatment [Anti-TNF, Vedolizumab, and Ustekinumab] in Patients With Inflammatory Bowel Disease: From Basic Science to Clinical Practice",2020,retained,exact DOI not previously seen,0,,,
W_835,WoS,10.1186/s12943-024-02137-1,"Prostate cancer microenvironment: multidimensional regulation of immune cells, vascular system, stromal cells, and microbiota",2024,retained,exact DOI not previously seen,1,,,
W_836,WoS,10.1016/j.jnutbio.2018.02.018,"Butyrate, a dietary fiber derivative that improves irinotecan effect in colon cancer cells",2018,retained,exact DOI not previously seen,1,,,
W_837,WoS,10.1371/journal.pone.0211098,Retrospective evaluation of nitrofurantoin and pivmecillinam for the treatment of lower urinary tract infections in men,2019,retained,exact DOI not previously seen,1,,,
W_838,WoS,10.1186/s12943-021-01461-0,Crosstalk between autophagy and microbiota in cancer progression,2021,retained,exact DOI not previously seen,0,,,
W_839,WoS,10.1093/oncolo/oyae323,Pembrolizumab ± paricalcitol in metastatic pancreatic cancer postmaximal cytoreduction,2025,retained,exact DOI not previously seen,1,,,
W_840,WoS,10.3390/cells14070540,Insights into Autophagy in Microbiome Therapeutic Approaches for Drug-Resistant Tuberculosis,2025,retained,exact DOI not previously seen,1,,,
W_841,WoS,10.1016/j.ijpharm.2025.125549,"Polymer-lipid hybrid microcarriers for oral codelivery of paclitaxel and tributyrin: development, optimization, and cytotoxicity in cells and spheroids of colorectal cancer",2025,retained,exact DOI not previously seen,0,,,
W_842,WoS,10.1073/pnas.2418155122,Structural basis for immune cell binding of Fusobacterium nucleatum via the trimeric autotransporter adhesin CbpF,2025,retained,exact DOI not previously seen,1,,,
W_843,WoS,10.1159/000531474,Recent developments in diagnostic and prognostic biomarkers for colorectal cancer: a narrative review,2023,retained,exact DOI not previously seen,1,,,
W_844,WoS,10.1016/j.bbcan.2017.06.005,Extracellular vesicles in gastrointestinal cancer in conjunction with microbiota: On the border of Kingdoms,2017,retained,exact DOI not previously seen,1,,,
W_845,WoS,10.3390/cells12010138,The Cytokine Network in Colorectal Cancer: Implications for New Treatment Strategies,2023,retained,exact DOI not previously seen,1,,,
W_846,WoS,10.1016/j.radonc.2021.09.013,The baseline oral microbiota predicts the response of locally advanced oral squamous cell carcinoma patients to induction chemotherapy: A prospective longitudinal study,2021,retained,exact DOI not previously seen,0,,,
W_847,WoS,10.2174/0109298673409273251103055503,Ferroptosis Targeting by β-Sitosterol in Cervical Cancer Radiotherapy,2025,retained,exact DOI not previously seen,1,,,
W_848,WoS,10.3389/fphar.2023.1120616,Potential of natural flavonols and flavanones in the treatment of ulcerative colitis,2023,retained,exact DOI not previously seen,1,,,
W_849,WoS,10.3892/etm.2023.12068,Effect and mechanism of total ginsenosides repairing SDS-induced Drosophila enteritis model based on MAPK pathway,2023,retained,exact DOI not previously seen,0,,,
W_850,WoS,10.1186/s13099-025-00775-4,Fusobacterium nucleatum: a transboundary pathogen in host-microbiota networks,2025,retained,exact DOI not previously seen,0,,,
W_851,WoS,10.1016/j.apmt.2025.102952,Antimicrobial peptide clears bacteria from tumors to enhance gemcitabine therapy for pancreatic cancer,2025,retained,exact DOI not previously seen,0,,,
W_852,WoS,10.1080/19490976.2024.2320291,The colibactin-producing Escherichia coli alters the tumor microenvironment to immunosuppressive lipid overload facilitating colorectal cancer progression and chemoresistance,2024,retained,exact DOI not previously seen,1,,,
W_853,WoS,10.1186/s12935-025-03944-2,Integration of multi-omics approaches in exploring intra-tumoral heterogeneity,2025,retained,exact DOI not previously seen,1,,,
W_854,WoS,10.1007/s40820-020-00560-9,Bacteria-Mediated Synergistic Cancer Therapy: Small Microbiome Has a Big Hope,2021,retained,exact DOI not previously seen,0,,,
W_855,WoS,10.1016/j.actbio.2023.11.019,Amphiphilic polymeric nanodrug integrated with superparamagnetic iron oxide nanoparticles for synergistic antibacterial and antitumor therapy of colorectal cancer,2024,retained,exact DOI not previously seen,0,,,
W_856,WoS,10.1016/j.exger.2021.111438,Curcumin as a great contributor for the treatment and mitigation of colorectal cancer,2021,retained,exact DOI not previously seen,0,,,
W_857,WoS,10.3389/fendo.2024.1396022,Effects of T2DM on cancer progression: pivotal precipitating factors and underlying mechanisms,2024,retained,exact DOI not previously seen,1,,,
W_858,WoS,10.3389/fbioe.2024.1447176,From competition to cure: the development of live biotherapeutic products for anticancer therapy in the iGEM competition,2024,retained,exact DOI not previously seen,0,,,
W_859,WoS,10.1016/j.reth.2025.02.015,Comprehensive bibliometric analysis and perspectives on therapies targeting colon cancer stem cells over a 40-year period,2025,retained,exact DOI not previously seen,1,,,
W_860,WoS,10.3390/pharmaceutics16010018,Lactobacillus johnsonii LJO02 (DSM 33828) Cell-Free Supernatant and Vitamin D Improve Wound Healing and Reduce Interleukin-6 Production in Staphylococcus aureus-Infected Human Keratinocytes,2024,retained,exact DOI not previously seen,1,,,
W_861,WoS,10.1039/d3tb01805a,Genetically engineered bacteria: a new frontier in targeted drug delivery,2023,retained,exact DOI not previously seen,1,,,
W_862,WoS,10.1371/journal.pone.0180372,N-(3-oxododecanoyl)-L-homoserine lactone interactions in the breast tumor microenvironment: Implications for breast cancer viability and proliferation in vitro,2017,retained,exact DOI not previously seen,1,,,
W_863,WoS,10.1002/smll.202200743,Effective Therapy of Drug-Resistant Bacterial Infection by Killing Planktonic Bacteria and Destructing Biofilms with Cationic Photosensitizer Based on Phosphindole Oxide,2022,retained,exact DOI not previously seen,0,,,
W_864,WoS,10.3390/cancers15225385,Stem Cell Origin of Cancer: Clinical Implications for Cancer Immunity and Immunotherapy,2023,retained,exact DOI not previously seen,1,,,
W_865,WoS,10.1002/1878-0261.12983,Mutated circulating tumor DNA as a liquid biopsy in lung cancer detection and treatment,2021,retained,exact DOI not previously seen,0,,,
W_866,WoS,10.1016/j.celrep.2025.115358,De-coding the complex role of microbial metabolites in cancer,2025,retained,exact DOI not previously seen,1,,,
W_867,WoS,10.3389/fcell.2025.1623276,Research progress on NAT10-mediated acetylation in normal development and disease,2025,retained,exact DOI not previously seen,1,,,
W_868,WoS,10.1080/17425247.2020.1748005,Orally delivered targeted nanotherapeutics for the treatment of colorectal cancer,2020,retained,exact DOI not previously seen,1,,,
W_869,WoS,10.1080/17460441.2023.2157402,Tachyplesin I and its derivatives: A pharmaco-chemical perspective on their antimicrobial and antitumor potential,2022,retained,exact DOI not previously seen,1,,,
W_870,WoS,10.1186/s12943-024-02047-2,Deciphering the tumor immune microenvironment from a multidimensional omics perspective: insight into next-generation CAR-T cell immunotherapy and beyond,2024,retained,exact DOI not previously seen,0,,,
W_871,WoS,10.1080/20002297.2018.1563410,Possible role of Porphyromonas gingivalis in orodigestive cancers,2019,retained,exact DOI not previously seen,1,,,
W_872,WoS,10.3389/fonc.2025.1537805,Uncovering the research evolution and hotspots of metabolism in renal cell carcinoma over the last decade,2025,retained,exact DOI not previously seen,1,,,
W_873,WoS,10.1186/s12943-025-02419-2,Cellular senescence in cancer: from mechanism paradoxes to precision therapeutics,2025,retained,exact DOI not previously seen,1,,,
W_874,WoS,10.3389/fimmu.2025.1665530,Fundamental and emerging insights into innate and adaptive immunity in inflammatory bowel diseases,2025,retained,exact DOI not previously seen,0,,,
W_875,WoS,10.1016/j.addr.2023.114960,"Candidiasis: From cutaneous to systemic, new perspectives of potential targets and therapeutic strategies",2023,retained,exact DOI not previously seen,0,,,
W_876,WoS,10.1002/advs.202306174,Escherichia coli-Induced cGLIS3-Mediated Stress Granules Activate the NF-κB Pathway to Promote Intrahepatic Cholangiocarcinoma Progression,2024,retained,exact DOI not previously seen,0,,,
W_877,WoS,10.1016/j.trsl.2015.07.003,Therapeutic targeting of inflammation and tryptophan metabolism in colon and gastrointestinal cancer,2016,retained,exact DOI not previously seen,0,,,
W_878,WoS,10.3389/fcimb.2025.1586442,The activity of cell-free supernatant of Lactobacillus crispatus M247: a promising treatment against vaginal infections,2025,retained,exact DOI not previously seen,1,,,
W_879,WoS,10.1111/codi.13314,Function and clinical implications of short-chain fatty acids in patients with mixed refractory constipation,2016,retained,exact DOI not previously seen,0,,,
W_880,WoS,10.1088/1758-5090/acc279,Microphysiological systems to study colorectal cancer: state-of-the-art,2023,retained,exact DOI not previously seen,1,,,
W_881,WoS,10.3390/cancers17172938,The Underlying Mechanisms and Emerging Strategies to Overcome Resistance in Breast Cancer,2025,retained,exact DOI not previously seen,1,,,
W_882,WoS,10.1016/j.semcancer.2018.02.010,Genomics and emerging biomarkers for immunotherapy of colorectal cancer,2018,retained,exact DOI not previously seen,0,,,
W_883,WoS,10.3390/microorganisms13102317,Bacterial Infections and Their Cell Wall Ligands Differentially Modulate Doxorubicin Sensitivity in Triple-Negative Breast Cancer Cells,2025,retained,exact DOI not previously seen,0,,,
W_884,WoS,10.17235/reed.2019.6336/2019,Vedolizumab for treatment of chronic refractory pouchitis: a systematic review with pool analysis,2020,retained,exact DOI not previously seen,0,,,
W_885,WoS,10.1016/j.xcrm.2023.101376,Tolerance to colibactin correlates with homologous recombination proficiency and resistance to irinotecan in colorectal cancer cells,2024,retained,exact DOI not previously seen,1,,,
W_886,WoS,10.1016/j.dnarep.2024.103739,Repair of genomic interstrand crosslinks,2024,retained,exact DOI not previously seen,1,,,
W_887,WoS,10.1039/d0bm01537g,Antibacterial nanosystems for cancer therapy,2020,retained,exact DOI not previously seen,0,,,
W_888,WoS,10.1016/j.smim.2017.09.005,The yin and yang of leukotriene B4 mediated inflammation in cancer,2017,retained,exact DOI not previously seen,1,,,
W_889,WoS,10.1002/mnfr.70152,Sodium Butyrate Enhances 5-Fluorouracil Sensitivity Through Thymidylate Synthase Regulation and Cell-Cycle Modulation in Gastric Cancer,2025,retained,exact DOI not previously seen,1,,,
W_890,WoS,10.1016/j.coph.2020.09.013,Genomic landscape analyses in cervical carcinoma and consequences for treatment,2020,retained,exact DOI not previously seen,1,,,
W_891,WoS,10.3390/ijms262210874,Beyond Rodents: Alternative Animal Models in Colorectal Cancer Research,2025,retained,exact DOI not previously seen,0,,,
W_892,WoS,10.3390/antiox15010048,Regulation of Intestinal Butyrate Transporters by Oxidative and Inflammatory Status,2025,retained,exact DOI not previously seen,0,,,
W_893,WoS,10.3390/cancers13194932,"The Heterogeneity of the Tumor Microenvironment as Essential Determinant of Development, Progression and Therapy Response of Pancreatic Cancer",2021,retained,exact DOI not previously seen,0,,,
W_894,WoS,10.1016/j.disamonth.2019.02.004,A comprehensive review and update on ulcerative colitis,2019,retained,exact DOI not previously seen,1,,,
W_895,WoS,10.3390/ijms231710104,Roles of Antimicrobial Peptides in Gynecological Cancers,2022,retained,exact DOI not previously seen,1,,,
W_896,WoS,10.1124/dmd.115.066712,"Organic Anion Transporting Polypeptide (OATP)2B1 Contributes to Gastrointestinal Toxicity of Anticancer Drug SN-38, Active Metabolite of Irinotecan Hydrochloride",2016,retained,exact DOI not previously seen,0,,,
W_897,WoS,10.1002/ijc.32920,Colibactin-positive Escherichia coli induce a procarcinogenic immune environment leading to immunotherapy resistance in colorectal cancer,2020,retained,exact DOI not previously seen,0,,,
W_898,WoS,10.1093/cid/cix114,"Effectiveness of Probiotic, Prebiotic, and Synbiotic Therapies in Reducing Postoperative Complications: A Systematic Review and Network Meta-analysis",2017,retained,exact DOI not previously seen,0,,,
W_899,WoS,10.1111/all.14632,Advances and novel developments in mechanisms of allergic inflammation,2020,retained,exact DOI not previously seen,1,,,
W_900,WoS,10.1097/pas.0000000000001639,Frontiers in Celiac Disease Where Autoimmunity and Environment Meet,2022,retained,exact DOI not previously seen,0,,,
W_901,WoS,10.3390/cancers12051153,Metabolism and Immune Modulation in Patients with Solid Tumors: Systematic Review of Preclinical and Clinical Evidence,2020,retained,exact DOI not previously seen,1,,,
W_902,WoS,10.1186/s12943-025-02402-x,Chronic stress: a fourth etiology in tumorigenesis?,2025,retained,exact DOI not previously seen,1,,,
W_903,WoS,10.1158/0008-5472.can-21-2273,ANGPTL4-Mediated Promotion of Glycolysis Facilitates the Colonization of Fusobacterium nucleatum in Colorectal Cancer,2021,retained,exact DOI not previously seen,0,,,
W_904,WoS,10.1186/s12885-025-14326-2,STARKAP Protocol: preliminary assessment of safety and tolerability of dostarlimab in combination antiretroviral therapy (cART)-refractory HIV associated Kaposi's Sarcoma,2025,retained,exact DOI not previously seen,0,,,
W_905,WoS,10.3390/cancers12113234,"Recent Discoveries of Diagnostic, Prognostic and Predictive Biomarkers for Pancreatic Cancer",2020,retained,exact DOI not previously seen,1,,,
W_906,WoS,10.3390/cancers14030675,Systemic Effects Reflected in Specific Biomarker Patterns Are Instrumental for the Paradigm Change in Prostate Cancer Management: A Strategic Paper,2022,retained,exact DOI not previously seen,1,,,
W_907,WoS,10.1016/j.jep.2022.115084,Potential activity of Traditional Chinese Medicine against Ulcerative colitis: A review,2022,retained,exact DOI not previously seen,1,,,
W_908,WoS,10.3892/ijo.2020.5096,Probiotic-derived ferrichrome inhibits the growth of refractory pancreatic cancer cells,2020,retained,exact DOI not previously seen,1,,,
W_909,WoS,10.1155/2020/4092472,Probiotics Can Boost the Antitumor Immunity of CD8+T Cells in BALB/c Mice and Patients with Colorectal Carcinoma,2020,retained,exact DOI not previously seen,1,,,
W_910,WoS,10.1016/j.cell.2025.07.016,Vagal blockade of the brain-liver axis deters cancer-associated cachexia,2025,retained,exact DOI not previously seen,0,,,
W_911,WoS,10.2174/0118715206354948250226103832,Quercetin's Potential Therapeutic Role in Human Colorectal Cancer: An Effective Strategy for Prevention and Treatment,2025,retained,exact DOI not previously seen,0,,,
W_912,WoS,10.1007/s12672-025-02745-3,Integrated analysis unraveling the immunologic and clinical prognostic values of synaptotagmin like 4 in pan-cancer,2025,retained,exact DOI not previously seen,0,,,
W_913,WoS,10.1080/17474086.2024.2383401,How can we optimize antifungal use and stewardship in the treatment of acute leukemia?,2024,retained,exact DOI not previously seen,1,,,
W_914,WoS,10.1590/0074-02760250056,The activity of miltefosine combined with oral probiotics in a mouse model of cutaneous leishmaniasis,2025,retained,exact DOI not previously seen,0,,,
W_915,WoS,10.2174/0113816128303514240517054617,Curcumin in Cancer Prevention: Insights from Clinical Trials and Strategies to Enhance Bioavailability,2024,retained,exact DOI not previously seen,0,,,
W_916,WoS,10.1016/j.cclet.2025.110907,Recent progress on drug delivery systems of regulating intratumoral bacteria for tumor therapy,2025,retained,exact DOI not previously seen,0,,,
W_917,WoS,10.1002/adfm.202421288,Engineered Bio-Heterojunction for Effective Treatment of Colorectal Cancer Through Intratumoral Bacteria Scavenging and Autophagy Regulation,2025,retained,exact DOI not previously seen,0,,,
W_918,WoS,10.3748/wjg.v28.i48.6827,"Clinical diagnosis and management of pancreatic cancer: Markers, molecular mechanisms, and treatment options",2022,retained,exact DOI not previously seen,0,,,
W_919,WoS,10.1155/2019/8941471,The Role of MicroRNA in Paediatric Acute Lymphoblastic Leukaemia: Challenges for Diagnosis and Therapy,2019,retained,exact DOI not previously seen,1,,,
W_920,WoS,10.1001/jamanetworkopen.2023.4254,Association of Antibiotic Receipt With Survival Among Patients With Metastatic Pancreatic Ductal Adenocarcinoma Receiving Chemotherapy,2023,retained,exact DOI not previously seen,0,,,
W_921,WoS,10.1097/cco.0000000000001188,Predictors of response to CD19 chimeric antigen receptor T-cell therapy in large B-cell lymphoma: a consolidated review,2025,retained,exact DOI not previously seen,1,,,
W_922,WoS,10.3390/ijms26199700,Curcumin and Acute Myeloid Leukemia: Synergistic Effects with Targeted Therapy,2025,retained,exact DOI not previously seen,1,,,
W_923,WoS,10.3390/nu11040709,High Levels of Prebiotic Resistant Starch in Diet Modulate Gene Expression and Metabolomic Profile in Pancreatic Cancer Xenograft Mice,2019,retained,exact DOI not previously seen,0,,,
W_924,WoS,10.1016/j.omto.2020.06.015,Combination of Detoxified Pneumolysin Derivative ΔA146Ply and Berbamine as a Treatment Approach for Breast Cancer,2020,retained,exact DOI not previously seen,0,,,
W_925,WoS,10.3390/cancers14225482,Research Trend and Detailed Insights into the Molecular Mechanisms of Food Bioactive Compounds against Cancer: A Comprehensive Review with Special Emphasis on Probiotics,2022,retained,exact DOI not previously seen,1,,,
W_926,WoS,10.1186/s12896-024-00835-8,Derivation of a novel antimicrobial peptide from the Red Sea Brine Pools modified to enhance its anticancer activity against U2OS cells,2024,retained,exact DOI not previously seen,1,,,
W_927,WoS,10.1007/s12032-023-02074-x,Current advances in microbial-based cancer therapies,2023,retained,exact DOI not previously seen,1,,,
W_928,WoS,10.3389/fmicb.2023.1183247,Antimicrobial peptides as drugs with double response against Mycobacterium tuberculosis coinfections in lung cancer,2023,retained,exact DOI not previously seen,0,,,
W_929,WoS,10.1002/prp2.616,Introducing variability in targeting the microtubules: Review of current mechanisms and future directions in colchicine therapy,2020,retained,exact DOI not previously seen,1,,,
W_930,WoS,10.1128/iai.00855-19,Cooperativity between Stenotrophomonas maltophilia and Pseudomonas aeruginosa during Polymicrobial Airway Infections,2020,retained,exact DOI not previously seen,0,,,
W_931,WoS,10.1002/adma.202206765,Dual-Cascade Responsive Nanoparticles Enhance Pancreatic Cancer Therapy by Eliminating Tumor-Resident Intracellular Bacteria,2022,retained,exact DOI not previously seen,0,,,
W_932,WoS,10.1038/s41388-025-03408-x,Multifaceted roles of OCT4 in tumor microenvironment: biology and therapeutic implications,2025,retained,exact DOI not previously seen,0,,,
W_933,WoS,10.1111/febs.17123,"Exploring the human archaeome: its relevance for health and disease, and its complex interplay with the human immune system",2025,retained,exact DOI not previously seen,1,,,
W_934,WoS,10.1093/ajcn/nqz145,The impact of keto-adaptation on exercise performance and the role of metabolic-regulating cytokines,2019,retained,exact DOI not previously seen,1,,,
W_935,WoS,10.1002/bjs.12003,Influence of Klebsiella pneumoniae and quinolone treatment on prognosis in patients with pancreatic cancer,2021,retained,exact DOI not previously seen,1,,,
W_936,WoS,10.1159/000527422,New and Emerging Treatments for Inflammatory Bowel Disease,2023,retained,exact DOI not previously seen,1,,,
W_937,WoS,10.18632/oncotarget.15284,Intratumoral lactate metabolism in barrett's esophagus and adenocarcinoma,2017,retained,exact DOI not previously seen,0,,,
W_938,WoS,10.1186/s12967-024-05564-2,The multifaceted role of the stroma in the healthy prostate and prostate cancer,2024,retained,exact DOI not previously seen,1,,,
W_939,WoS,10.3892/etm.2021.10562,Tumor microenvironment is not an 'innocent bystander' in the resistance to treatment of head and neck cancers (Review),2021,retained,exact DOI not previously seen,0,,,
W_940,WoS,10.4252/wjsc.v12.i10.1113,"Medical, ethical, and legal aspects of hematopoietic stem cell transplantation for Crohn's disease in Brazil",2020,retained,exact DOI not previously seen,1,,,
W_941,WoS,10.1007/s11684-025-1176-9,Metabolic biomarkers for predicting onset and severity of CAR-T therapy-induced cytokine release syndrome in multiple myeloma,2025,retained,exact DOI not previously seen,0,,,
W_942,WoS,10.1002/adfm.202425625,A Sequential Therapeutic Strategy Based on Aptamer/Polymer-Functionalized PDA/Ag for Precise Acinetobacter Baumannii Imaging and Pneumonia Treatment,2025,retained,exact DOI not previously seen,0,,,
W_943,WoS,10.1021/acs.molpharmaceut.4c00264,Lipopolysaccharide Induces Resistance to CAR-T Cell Therapy of Colorectal Cancer Cells through TGF-β-Mediated Stemness Enhancement,2025,retained,exact DOI not previously seen,0,,,
W_944,WoS,10.1016/j.jgar.2018.05.009,Comparison between disk diffusion and agar dilution methods to determine in vitro susceptibility of Corynebacterium spp. clinical isolates and update of their susceptibility,2018,retained,exact DOI not previously seen,0,,,
W_945,WoS,10.1016/j.actbio.2024.06.042,Antibacterial tellurium-containing polycarbonate drug carriers to eliminate intratumor bacteria for synergetic chemotherapy against colorectal cancer,2024,retained,exact DOI not previously seen,1,,,
W_946,WoS,10.1186/s12964-025-02550-z,Fusobacterium nucleatum-reprogrammed adipocytes promote tumor cisplatin resistance through the CCL2-CCR2 axis in the necrotic metastatic neck nodes of head and neck carcinoma,2025,retained,exact DOI not previously seen,0,,,
W_947,WoS,10.3389/fendo.2025.1530578,Metabolism and epigenetics in cancer: toward personalized treatment,2025,retained,exact DOI not previously seen,0,,,
W_948,WoS,10.1002/jbm.a.37732,Bioengineered carbohydrate polymers for colon-specific drug release: Current trends and future prospects,2024,retained,exact DOI not previously seen,1,,,
W_949,WoS,10.2169/internalmedicine.1314-22,"Efficacy and Safety of Synbiotics in Patients Undergoing Autologous Hematopoietic Stem Cell Transplantation: A Randomized, Double-blinded, Placebo-controlled Pilot Study",2023,retained,exact DOI not previously seen,0,,,
W_950,WoS,10.1097/meg.0000000000001168,A locus at 7p14.3 predisposes to refractory celiac disease progression from celiac disease,2018,retained,exact DOI not previously seen,1,,,
W_951,WoS,10.1158/1078-0432.ccr-21-0163,Pilot Clinical Trial of Perioperative Durvalumab and Tremelimumab in the Treatment of Resectable Colorectal Cancer Liver Metastases,2021,retained,exact DOI not previously seen,0,,,
W_952,WoS,10.32604/biocell.2024.055848,Unveiling the predictive power of bacterial response-related genes signature in hepatocellular carcinoma: with bioinformatics analyses and experimental approaches,2024,retained,exact DOI not previously seen,0,,,
W_953,WoS,10.3390/gels11110873,Oral Delivery of a GI-Stable Apigenin-Cyclodextrin Complex via Pectin-Coated Nanoliposomes In Situ Gel: A DoE-Optimized Targeted Colon Cancer Therapy by Modulating Gut Drug Sensitivity,2025,retained,exact DOI not previously seen,1,,,
W_954,WoS,10.1016/s1875-5364(25)60842-9,The prospect and underlying mechanisms of Chinese medicine in treating periodontitis,2025,retained,exact DOI not previously seen,0,,,
W_955,WoS,10.1186/s40001-025-03073-6,"Nuclear receptors in metabolic, inflammatory, and oncologic diseases: mechanisms, therapeutic advances, and future directions",2025,retained,exact DOI not previously seen,0,,,
W_956,WoS,10.1182/blood.2020005957,Glucagon-like peptide 2 for intestinal stem cell and Paneth cell repair during graft-versus-host disease in mice and humans,2020,retained,exact DOI not previously seen,1,,,
W_957,WoS,10.1177/1759720x20951733,Uveitis in spondyloarthritis,2020,retained,exact DOI not previously seen,1,,,
W_958,WoS,10.1097/meg.0000000000001223,Oral vancomycin induces sustained deep remission in adult patients with ulcerative colitis and primary sclerosing cholangitis,2018,retained,exact DOI not previously seen,1,,,
W_959,WoS,10.1186/s12885-021-08060-8,The EPICURE study: a pilot prospective cohort study of heterogeneous and massive data integration in metastatic breast cancer patients,2021,retained,exact DOI not previously seen,1,,,
W_960,WoS,10.1177/1098612x231186834,Feline chronic gingivostomatitis current concepts in clinical management,2023,retained,exact DOI not previously seen,0,,,
W_961,WoS,10.3389/fvets.2021.758379,Immunotherapy With Egg Yolk Eimeria sp.-Specific Immunoglobulins in SPF Leghorn Chicks Elicits Successful Protection Against Eimeria tenella Infection,2021,retained,exact DOI not previously seen,1,,,
W_962,WoS,10.1016/j.autrev.2021.103017,The influence of cytokines on the complex pathology of ulcerative colitis,2022,retained,exact DOI not previously seen,1,,,
W_963,WoS,10.3390/cancers13051000,Subversion of Niche-Signalling Pathways in Colorectal Cancer: What Makes and Breaks the Intestinal Stem Cell,2021,retained,exact DOI not previously seen,1,,,
W_964,WoS,10.1016/j.heliyon.2024.e37583,Association of bacteriomes with drug susceptibility in lesions of pulmonary tuberculosis patients,2024,retained,exact DOI not previously seen,0,,,
W_965,WoS,,One year in review 2016: Belicet's syndrome,2016,retained,no DOI in export; title checked,0,no DOI; no near-duplicate title found,S_1161,0.877
W_966,WoS,10.1371/journal.pone.0316492,Colonization with extended-spectrum β-lactamase and carbapenemase-producing Enterobacterales in Ethiopia: A systematic review and meta-analysis,2025,retained,exact DOI not previously seen,0,,,
W_967,WoS,10.12998/wjcc.v11.i17.4105,Flared inflammatory episode transforms advanced myelodysplastic syndrome into aplastic pancytopenia: A case report and literature review,2023,retained,exact DOI not previously seen,0,,,
W_968,WoS,10.1097/mib.0000000000000889,Helminth Regulation of Immunity: A Three-pronged Approach to Treat Colitis,2016,retained,exact DOI not previously seen,0,,,
W_969,WoS,10.3389/fvets.2018.00166,Zoonotic Diseases and Phytochemical Medicines for Microbial Infections in Veterinary Science: Current State and Future Perspective,2018,retained,exact DOI not previously seen,1,,,
W_970,WoS,10.1186/s12967-023-04109-3,Microbiota-derived tryptophan metabolites indole-3-lactic acid is associated with intestinal ischemia/reperfusion injury via positive regulation of YAP and Nrf2,2023,retained,exact DOI not previously seen,0,,,
W_971,WoS,10.3389/fimmu.2022.947407,Immune features of the peritumoral stroma in pancreatic ductal adenocarcinoma,2022,retained,exact DOI not previously seen,1,,,
W_972,WoS,10.1080/27697061.2023.2288081,Case Report: Initial Successful Treatment of Migraine and Irritable Bowel Syndrome With a Low-FODMAP Diet,2024,retained,exact DOI not previously seen,0,,,
W_973,WoS,10.1097/md.0000000000044325,From crisis to recovery: A case report on nursing strategies for hepatitis E post-cardiac arrest,2025,retained,exact DOI not previously seen,1,,,
W_974,WoS,10.3389/fonc.2021.760789,Inhibition of Bromodomain and Extra Terminal (BET) Domain Activity Modulates the IL-23R/IL-17 Axis and Suppresses Acute Graft-Versus-Host Disease,2021,retained,exact DOI not previously seen,0,,,
W_975,WoS,10.1128/mbio.02062-21,Modulation of the Host Cell Transcriptome and Epigenome by Fusobacterium nucleatum,2021,retained,exact DOI not previously seen,0,,,
W_976,WoS,10.1038/ajg.2016.55,Duration of Inflammatory Bowel Disease Is Associated With Increased Risk of Cholangiocarcinoma in Patients With Primary Sclerosing Cholangitis and IBD,2016,retained,exact DOI not previously seen,0,,,
W_977,WoS,10.1186/s12879-018-3413-1,Preoperative oral antibiotic prophylaxis reduces Pseudomonas aeruginosa surgical site infections after elective colorectal surgery: a multicenter prospective cohort study,2018,retained,exact DOI not previously seen,0,,,
W_978,WoS,10.1016/j.disamonth.2017.07.001,A comprehensive review and update on Crohn's disease,2018,retained,exact DOI not previously seen,1,,,
S_5,Scopus,10.3892/ijo.2025.5813,Therapeutic potentials of plant‑based antioxidants on colorectal cancer: Challenges and perspectives (Review),2025,retained,exact DOI not previously seen,0,,,
S_7,Scopus,10.1002/adhm.202500641,A pH-Responsive Theranostic Nanoprobe for Ultrasonic-Triggered Eradication of Helicobacter pylori In Vivo Under Magnetic Resonance Imaging Guiding,2025,retained,exact DOI not previously seen,0,,,
S_9,Scopus,10.1111/petr.70246,Primary Prevention of Clostridioides difficile Infection With Oral Vancomycin in Pediatric Hematopoietic Stem Cell Transplant Patients,2025,retained,exact DOI not previously seen,0,,,
S_11,Scopus,10.1073/pnas.2500632122,Neuronal ALKAL2 and its ALK receptor contribute to the development of colitis-associated colorectal cancer,2025,retained,exact DOI not previously seen,0,,,
S_15,Scopus,10.1007/s00210-025-04240-6,Deciphering cGAS-STING signaling: implications for tumor immunity and hepatocellular carcinoma,2025,retained,exact DOI not previously seen,0,,,
S_17,Scopus,10.1080/19420862.2024.2432403,Targeting RGMb interactions: Discovery and preclinical characterization of potent anti-RGMb antibodies blocking multiple ligand bindings,2024,retained,exact DOI not previously seen,0,,,
S_18,Scopus,10.3389/fimmu.2025.1524563,Big lessons from the little Akkermansia muciniphila in hepatocellular carcinoma,2025,retained,exact DOI not previously seen,0,,,
S_21,Scopus,10.1038/s41522-025-00766-y,Gut bacteria and the host synergies promote resveratrol metabolism and induce tolerance in ALD mice,2025,retained,exact DOI not previously seen,0,,,
S_22,Scopus,10.3389/fcimb.2025.1567981,Microbiota profiling from biopsied tissues in complex infections: a diagnostic and prognostic analysis through metagenomic next-generation sequencing,2025,retained,exact DOI not previously seen,0,,,
S_23,Scopus,10.1186/s12943-024-02193-7,Metabolic targeting of regulatory T cells in oral squamous cell carcinoma: new horizons in immunotherapy,2024,retained,exact DOI not previously seen,0,,,
S_24,Scopus,10.3390/vetsci12060541,Faecal Microbiota Transplantation as an Adjuvant Treatment for Extraintestinal Disorders: Translating Insights from Human Medicine to Veterinary Practice,2025,retained,exact DOI not previously seen,0,,,
S_25,Scopus,10.21037/tcr-24-2150,Treatment of immune checkpoint inhibitor-related colitis: a narrative review,2024,retained,exact DOI not previously seen,0,,,
S_26,Scopus,10.4252/wjsc.v16.i12.1110,"Interplay and therapeutic implications of colorectal cancer stem cells, tumor microenvironment, and gut microbiota",2024,retained,exact DOI not previously seen,0,,,
S_32,Scopus,10.3390/metabo14010078,The Kidney–Gut Axis as a Novel Target for Nutritional Intervention to Counteract Chronic Kidney Disease Progression,2024,retained,exact DOI not previously seen,0,,,
S_34,Scopus,10.1017/ice.2024.153,Multicenter study on Clostridioides difficile infections in Mexico: Exploring the landscape,2024,retained,exact DOI not previously seen,0,,,
S_36,Scopus,10.1186/s12885-025-13514-4,"Safety and efficacy of oral cancer vaccine B440 in patients with PD-1/PD-L1 inhibitor-resistant advanced urothelial cancer: a study protocol for a phase 1 multicenter, open-label, single-arm clinical trial",2025,retained,exact DOI not previously seen,0,,,
S_37,Scopus,10.1016/j.addr.2024.115345,Targeting bacterial metabolites in tumor for cancer therapy: An alternative approach for targeting tumor-associated bacteria,2024,retained,exact DOI not previously seen,0,,,
S_40,Scopus,10.3390/cancers17050715,Threading the Needle: Navigating Novel Immunotherapeutics in Pancreatic Ductal Adenocarcinoma,2025,retained,exact DOI not previously seen,0,,,
S_41,Scopus,10.1016/j.bneo.2025.100114,Gut Faecalibacterium abundance in patients with plasma cell disorders is associated with survival after autologous HSCT,2025,retained,exact DOI not previously seen,0,,,
S_42,Scopus,10.1016/j.drup.2025.101215,"Resistance to immunotherapy in non-small cell lung cancer: Unraveling causes, developing effective strategies, and exploring potential breakthroughs",2025,retained,exact DOI not previously seen,0,,,
S_44,Scopus,10.1097/ppo.0000000000000702,Investigational Approaches for Treatment of Melanoma Patients Progressing after Standard of Care,2024,retained,exact DOI not previously seen,0,,,
S_49,Scopus,10.1002/psp4.13091,Evaluation of the potential impact on pharmacokinetics of various cytochrome P450 substrates of increasing IL-6 levels following administration of the T-cell bispecific engager glofitamab,2024,retained,exact DOI not previously seen,0,,,
S_52,Scopus,10.1002/cam4.70940,Influence of Citrobacter freundii on NINJ2 Expression and Oxaliplatin Resistance in Colorectal Cancer,2025,retained,exact DOI not previously seen,0,,,
S_56,Scopus,10.1128/mbio.03422-24,Improving breast cancer treatments using pharmacomicrobiomics,2025,retained,exact DOI not previously seen,0,,,
S_61,Scopus,10.1002/cac2.12520,Cell fate regulation governed by p53: Friends or reversible foes in cancer therapy,2024,retained,exact DOI not previously seen,0,,,
S_63,Scopus,10.1093/jncics/pkaf024,"Antibiotic treatment and survival in patients with resected, early-stage pancreatic ductal adenocarcinoma receiving chemotherapy",2025,retained,exact DOI not previously seen,0,,,
S_64,Scopus,10.1002/smll.202505845,Gastrointestinal Environment Intelligent-Responsive Nanozyme for the Treatment of Multidrug-Resistant Helicobacter pylori Infection,2025,retained,exact DOI not previously seen,0,,,
S_66,Scopus,10.3748/wjg.v30.i41.4496,Harnessing the power of Calculus bovis: Anti-cancer properties and Wnt pathway modulation in hepatocellular carcinoma,2024,retained,exact DOI not previously seen,0,,,
S_67,Scopus,10.1016/j.jhazmat.2024.137006,Laboratory-simulated marine heatwave enhances physiological damage to mussels exposed to titanium dioxide nanoparticles by disrupting the gut−hepatopancreas axis,2025,retained,exact DOI not previously seen,0,,,
S_68,Scopus,10.1016/j.prmcm.2024.100360,"Anti-bacterial and anti-inflammatory properties of ethanol extract of Melicope pteleifolia, an ethnomedicine in Southwest China",2024,retained,exact DOI not previously seen,0,,,
S_69,Scopus,10.1186/s43556-025-00248-9,"Tumor microbiome: roles in tumor initiation, progression, and therapy",2025,retained,exact DOI not previously seen,0,,,
S_71,Scopus,10.1016/j.enceco.2025.03.005,Microplastics: An emerging environmental risk factor for gut microbiota dysbiosis and cancer development?,2025,retained,exact DOI not previously seen,0,,,
S_76,Scopus,10.3389/fmicb.2025.1604999,Pulmonary microbiome and metabolome signatures associate with chemotherapy response in lung cancer patients,2025,retained,exact DOI not previously seen,0,,,
S_77,Scopus,10.1097/mcg.0000000000002108,Oral Capsule FMT Combined With Bezlotoxumab Is a Successful Rescue Protocol Following Failure of FMT Alone in the Treatment of Recurrent C. difficile Infection,2025,retained,exact DOI not previously seen,0,,,
S_82,Scopus,10.3389/fimmu.2025.1551445,"An updated review on immune checkpoint inhibitor-induced colitis: epidemiology, pathogenesis, treatment strategies, and the role of traditional Chinese medicine",2025,retained,exact DOI not previously seen,0,,,
S_83,Scopus,10.1186/s12974-024-03123-6,Decoding Behcet’s Uveitis: an In-depth review of pathogenesis and therapeutic advances,2024,retained,exact DOI not previously seen,0,,,
S_88,Scopus,10.3390/jcm14134446,Investigating the Role of the Sinus Microbiome and Cytokine Profile in the SNOT-22 Response After Functional Endoscopic Sinus Surgery in Chronic Rhinosinusitis Patients,2025,retained,exact DOI not previously seen,0,,,
S_89,Scopus,10.3390/ijms25179659,Predictive Biomarkers and Resistance Mechanisms of Checkpoint Inhibitors in Malignant Solid Tumors,2024,retained,exact DOI not previously seen,0,,,
S_92,Scopus,10.7150/ntno.110966,Unveiling the potential of Urolithin A in Cancer Therapy: Mechanistic Insights to Future Perspectives of Nanomedicine,2025,retained,exact DOI not previously seen,0,,,
S_93,Scopus,10.3390/immuno5030032,Cancer Resistance to Immunotherapy,2025,retained,exact DOI not previously seen,0,,,
S_95,Scopus,10.1007/s12016-025-09022-9,Emerging Mechanisms and Biomarkers Associated with T-Cells and B-Cells in Autoimmune Disorders,2025,retained,exact DOI not previously seen,0,,,
S_101,Scopus,10.1002/mco2.70412,The Role of Immune Checkpoint Inhibitors in Cancer Therapy: Mechanism and Therapeutic Advances,2025,retained,exact DOI not previously seen,0,,,
S_102,Scopus,10.1089/dna.2024.0101,Isoorientin Alleviates DSS-Treated Acute Colitis in Mice by Regulating Intestinal Epithelial P-Glycoprotein (P-gp) Expression,2024,retained,exact DOI not previously seen,0,,,
S_105,Scopus,10.1007/s12035-024-04022-w,Microglia in Microbiota-Gut-Brain Axis: A Hub in Epilepsy,2024,retained,exact DOI not previously seen,0,,,
S_106,Scopus,10.1186/s43556-025-00352-w,Drug resistance in cancer: molecular mechanisms and emerging treatment strategies,2025,retained,exact DOI not previously seen,0,,,
S_107,Scopus,10.1016/j.bmt.2025.100119,Multi-omics advances in understanding cancer drug resistance,2025,retained,exact DOI not previously seen,0,,,
S_108,Scopus,10.32113/wcrj_202512_2969,THE POTENTIAL AND LIMITATIONS OF MIR-150-3P AS A CISPLATIN SENSITIZER IN NSCLC: A COMMENT ON MIR-150-3P ENHANCES THE SENSITIVITY OF NON-SMALL CELL LUNG CANCER TO CISPLATIN BY DOWN-REGULATING THE EXPRESSION OF AKT2,2025,retained,exact DOI not previously seen,0,,,
S_112,Scopus,10.3389/fimmu.2025.1596583,Advances and challenges in immunotherapy in head and neck cancer,2025,retained,exact DOI not previously seen,0,,,
S_116,Scopus,10.3389/fcell.2025.1650909,"Advances in understanding the role of inflammatory factors and immune cells in the pathology of epilepsy, mediated by neuroimmune interactions within the gut-brain axis",2025,retained,exact DOI not previously seen,0,,,
S_119,Scopus,10.51821/88.3.14064,Real-world Effectiveness and Safety of Tofacitinib in Multi-Refractory Ulcerative Colitis: insights from a Belgian Cohort with prior Anti-TNF and Vedolizumab Exposure,2025,retained,exact DOI not previously seen,0,,,
S_122,Scopus,10.3389/fmed.2025.1538528,Bacteroides fragilis 839 ameliorates anti-tuberculosis drugs-induced liver injury by suppressing inflammation and regulating gut microbiota in mice,2025,retained,exact DOI not previously seen,0,,,
S_123,Scopus,10.1016/j.jep.2023.117689,Clinical efficacy and molecular mechanism of Chinese medicine in the treatment of autoimmune thyroiditis,2024,retained,exact DOI not previously seen,0,,,
S_127,Scopus,10.1080/07391102.2023.2239901,"Explore the underlying oral efficacy of α-, β-, γ-Cyclodextrin against the ulcerative colitis using in vitro and in vivo studies assisted by network pharmacology",2024,retained,exact DOI not previously seen,0,,,
S_129,Scopus,10.1136/jitc-2024-011281,Unlocking the power of the microbiome for successful cancer immunotherapy,2025,retained,exact DOI not previously seen,0,,,
S_131,Scopus,10.1200/jco.2024.42.16_suppl.2660,First-line treatment of fecal microbiota transplantation for immune-mediated colitis.,2024,retained,exact DOI not previously seen,0,,,
S_132,Scopus,10.1186/s13099-025-00726-z,"Tripartite interplay: immune reconstitution dynamics in AIDS, gut microbiota, and Helicobacter pylori infection: current advances and therapeutic prospects",2025,retained,exact DOI not previously seen,0,,,
S_133,Scopus,10.1007/s11101-023-09866-z,Dietary polyphenols ameliorate inflammatory bowel diseases: advances and future perspectives to maximize their nutraceutical applications,2025,retained,exact DOI not previously seen,0,,,
S_136,Scopus,10.1128/spectrum.01621-23,Identification of a microbial sub-community from the feral chicken gut that reduces Salmonella colonization and improves gut health in a gnotobiotic chicken model,2024,retained,exact DOI not previously seen,0,,,
S_140,Scopus,10.3389/fmed.2024.1497756,Gut dysbiosis is associated with difficult-to-treat rheumatoid arthritis,2024,retained,exact DOI not previously seen,0,,,
S_144,Scopus,10.15212/bioi-2025-0040,Effects of the Intestinal Microbiome and Metabolites on Neoadjuvant Chemotherapy Efficacy in Breast Cancer,2025,retained,exact DOI not previously seen,0,,,
S_148,Scopus,10.3390/ijms25052789,Cellular and Molecular Determinants of Biologic Drugs Resistance and Therapeutic Failure in Inflammatory Bowel Disease,2024,retained,exact DOI not previously seen,0,,,
S_150,Scopus,10.1136/jitc-2025-011929,"SITC vision: Opportunities for deeper understanding of mechanisms of anti-tumor activity, toxicity, and resistance to optimize cancer immunotherapy",2025,retained,exact DOI not previously seen,0,,,
S_151,Scopus,10.1016/j.semcdb.2024.03.001,Symbiotic symphony: Understanding host-microbiota dialogues in a spatial context,2024,retained,exact DOI not previously seen,0,,,
S_155,Scopus,10.1016/j.trecan.2023.09.013,Linking ABC transporters to the hallmarks of cancer,2024,retained,exact DOI not previously seen,0,,,
S_156,Scopus,10.3389/fphar.2025.1560271,Therapeutic effects of medicinal and food-based traditional herbal couples on type 2 diabetes mellitus based on pharmacodynamics and pharmacokinetics,2025,retained,exact DOI not previously seen,0,,,
S_158,Scopus,10.20517/cdr.2024.154,Mechanisms of immunotherapy resistance in small cell lung cancer,2024,retained,exact DOI not previously seen,0,,,
S_159,Scopus,10.1016/j.berh.2025.102090,Pipeline treatments on psoriatic disease,2025,retained,exact DOI not previously seen,0,,,
S_161,Scopus,10.1080/14787210.2025.2513461,Lessons from the past: what does the future of clinical management of infection after solid organ transplantation look like?,2025,retained,exact DOI not previously seen,0,,,
S_162,Scopus,10.1080/19490976.2025.2575923,Design and application of synthetic human gut microbial communities,2025,retained,exact DOI not previously seen,0,,,
S_165,Scopus,10.3390/ijms26168029,Mechanisms and Therapeutic Advances of PXR in Metabolic Diseases and Cancer,2025,retained,exact DOI not previously seen,0,,,
S_167,Scopus,10.1136/jitc-2023-008769,Preclinical activity of allogeneic SLAMF7-specific CAR T-cells (UCARTCS1) in multiple myeloma,2024,retained,exact DOI not previously seen,0,,,
S_169,Scopus,10.3390/children12050609,Ocular Manifestations in Children with Vernal Keratoconjunctivitis,2025,retained,exact DOI not previously seen,0,,,
S_177,Scopus,10.1016/j.ajg.2024.07.008,Washed microbiota transplantation combined with biological agents promotes histological remission in refractory severe ulcerative colitis with recurrent intestinal infection: A case report,2024,retained,exact DOI not previously seen,0,,,
S_178,Scopus,10.1038/s41417-024-00736-0,Emerging roles of circular RNAs in regulating the hallmarks of thyroid cancer,2024,retained,exact DOI not previously seen,0,,,
S_181,Scopus,10.3390/pharmaceutics17121575,Inulin Reverses Intestinal Mrp2 Downregulation in a Diet-Induced Obesity Mouse Model: Role of Intestinal Microbiota as a Pivotal Modulator,2025,retained,exact DOI not previously seen,0,,,
S_183,Scopus,10.1016/j.intimp.2024.111989,"Deciphering and overcoming Anti-PD-1 resistance in Melanoma: A comprehensive review of Mechanisms, biomarker Developments, and therapeutic strategies",2024,retained,exact DOI not previously seen,0,,,
S_185,Scopus,10.1007/s00408-024-00681-7,First Exploration of the Altered Microbial Gut–Lung Axis in the Pathogenesis of Human Refractory Chronic Cough,2024,retained,exact DOI not previously seen,0,,,
S_186,Scopus,10.1016/j.bioactmat.2023.10.028,An olsalazine nanoneedle-embedded inulin hydrogel reshapes intestinal homeostasis in inflammatory bowel disease,2024,retained,exact DOI not previously seen,0,,,
S_187,Scopus,10.1002/cpt.3546,"Microdose Cocktail Study Reveals the Activity and Key Influencing Factors of OATP1B, P-Gp, BCRP, and CYP3A in End-Stage Renal Disease Patients",2025,retained,exact DOI not previously seen,0,,,
S_188,Scopus,10.1002/mco2.70121,The Malignant Transformation of Viral Hepatitis to Hepatocellular Carcinoma: Mechanisms and Interventions,2025,retained,exact DOI not previously seen,0,,,
S_189,Scopus,10.1016/j.cgh.2024.01.013,Coconut Water Induces Clinical Remission in Mild to Moderate Ulcerative Colitis: Double-blind Placebo-controlled Trial,2024,retained,exact DOI not previously seen,0,,,
S_192,Scopus,10.1038/s41409-024-02391-3,"Incidence, risk factors and therapy response of acute graft-versus-host disease after myeloablative hematopoietic stem cell transplantation with posttransplant cyclophosphamide",2024,retained,exact DOI not previously seen,0,,,
S_195,Scopus,10.1080/15384047.2024.2342599,Understanding and overcoming resistance to immunotherapy in genitourinary cancers,2024,retained,exact DOI not previously seen,0,,,
S_197,Scopus,10.1055/s-0043-1777768,Evaluation of Plant Essential Oils as Natural Alternatives for Alcohol-based Mouthwashes: Spotlight-Lemongrass and Citronella Java,2024,retained,exact DOI not previously seen,0,,,
S_198,Scopus,10.15421/022412,Biological mechanisms of resistance to immune checkpoint inhibitors and overcoming this resistance: Challenges in medical oncology,2024,retained,exact DOI not previously seen,0,,,
S_205,Scopus,10.1158/1078-0432.ccr-25-0278,Facts and Hopes: Toward the Next Quantum Leap in Melanoma,2025,retained,exact DOI not previously seen,0,,,
S_206,Scopus,10.1177/17562848251316412,"Pouchitis unveiled: exploring clinical features, diagnosis, and cutting-edge treatments",2025,retained,exact DOI not previously seen,0,,,
S_210,Scopus,10.1002/vrc2.943,Oesophageal squamous cell carcinoma in a blue-fronted Amazon parrot (Amazona aestiva),2024,retained,exact DOI not previously seen,0,,,
S_218,Scopus,10.1186/s12876-025-04387-9,"Pathophysiological mechanisms, diagnostic innovations, and multimodal therapeutic strategies for slow transit constipation",2025,retained,exact DOI not previously seen,0,,,
S_221,Scopus,10.1038/s41392-024-01895-0,A deep learning-driven discovery of berberine derivatives as novel antibacterial against multidrug-resistant Helicobacter pylori,2024,retained,exact DOI not previously seen,0,,,
S_222,Scopus,10.1016/j.celbio.2025.100092,Biomimetic “Trojan Horse” nanoparticles with biotactic behavior toward tumor-associated bacteria for targeted therapy of colorectal cancer,2025,retained,exact DOI not previously seen,0,,,
S_224,Scopus,10.3389/fphar.2025.1581138,"2-Dodecyl-6-methoxycyclohexa-2,5-dien-1,4-dione alleviates liver fibrosis and improves intestinal flora and bile acid metabolism",2025,retained,exact DOI not previously seen,0,,,
S_229,Scopus,10.1016/j.esmogo.2025.100204,The increasing burden of early-onset pancreatic and biliary tract cancers: a review of risk factors,2025,retained,exact DOI not previously seen,0,,,
S_231,Scopus,10.1615/critrevoncog.2024056468,Review Article: Understanding the Role of the Microbiome in Breast Cancer Progression,2025,retained,exact DOI not previously seen,0,,,
S_235,Scopus,10.1093/nar/gkad818,VARIDT 3.0: the phenotypic and regulatory variability of drug transporter,2024,retained,exact DOI not previously seen,0,,,
S_240,Scopus,10.3389/fimmu.2025.1595977,The gut-immune axis in primary immune thrombocytopenia (ITP): a paradigm shifts in treatment approaches,2025,retained,exact DOI not previously seen,0,,,
S_246,Scopus,10.3390/pediatric17040077,Antibiotic Effect on Clinical Response and Remission in Pediatric Inflammatory Bowel Disease,2025,retained,exact DOI not previously seen,0,,,
S_247,Scopus,10.1007/s10495-024-02046-0,The gut microbial metabolite phenylacetylglutamine increases susceptibility to atrial fibrillation after myocardial infarction through ferroptosis and NLRP3 inflammasome,2025,retained,exact DOI not previously seen,0,,,
S_249,Scopus,10.1016/j.apsb.2024.04.027,"The role of botanical triterpenoids and steroids in bile acid metabolism, transport, and signaling: Pharmacological and toxicological implications",2024,retained,exact DOI not previously seen,0,,,
S_252,Scopus,10.1016/j.critrevonc.2024.104403,A viable remedy for overcoming resistance to anti-PD-1 immunotherapy: Fecal microbiota transplantation,2024,retained,exact DOI not previously seen,0,,,
S_253,Scopus,10.1016/j.biopha.2025.118875,Immune checkpoint inhibition in renal cell carcinoma: Mechanisms of resistance and emerging therapeutic strategies,2025,retained,exact DOI not previously seen,0,,,
S_257,Scopus,10.1136/jitc-2025-013213,Toward a better pan-tumor predictive signature for unleashing precision immuno-oncology,2025,retained,exact DOI not previously seen,0,,,
S_258,Scopus,10.1016/j.biopha.2025.118014,"Combination therapy with immune checkpoint inhibitors in colorectal cancer: Challenges, resistance mechanisms, and the role of microbiota",2025,retained,exact DOI not previously seen,0,,,
S_263,Scopus,10.1142/s0192415x25500120,Ameliorative Effect of Glycyrrhizic Acid on Diosbulbin B-Induced Liver Injury and Its Mechanism,2025,retained,exact DOI not previously seen,0,,,
S_266,Scopus,10.1097/mog.0000000000000986,"The colitis may be microscopic, but the diarrhea is not: Update on the treatment of microscopic colitis and immune checkpoint inhibitor colitis",2024,retained,exact DOI not previously seen,0,,,
S_267,Scopus,10.3390/cancers17132244,Emerging Techniques of Translational Research in Immuno-Oncology: A Focus on Non-Small Cell Lung Cancer,2025,retained,exact DOI not previously seen,0,,,
S_269,Scopus,10.1007/s12029-025-01324-7,Overcoming the Challenge: A Comprehensive Review of Neoadjuvant Treatment Resistance in Rectal Cancer,2025,retained,exact DOI not previously seen,0,,,
S_277,Scopus,10.1093/dote/doaf102,Lessons learned: endoscopy with 96-hour ambulatory esophageal pH monitoring as a tool to avoid proton pump inhibitor use in cancer patients with refractory gastroesophageal reflux,2025,retained,exact DOI not previously seen,0,,,
S_279,Scopus,10.1146/annurev-pharmtox-061124-102218,Gut Microbiota–Related Biomarkers in Immuno-Oncology,2025,retained,exact DOI not previously seen,0,,,
S_280,Scopus,10.1080/21691401.2025.2475088,The integration of metabolites from Forsythia suspensa and gut microbiota ameliorates drug-induced liver injury: network pharmacology and molecular docking studies,2025,retained,exact DOI not previously seen,0,,,
S_283,Scopus,10.20517/mrr.2024.89,"The oncobiome; what, so what, now what?",2025,retained,exact DOI not previously seen,0,,,
S_284,Scopus,10.1007/s12094-024-03384-w,What’s new about the tumor microenvironment of urothelial carcinoma?,2024,retained,exact DOI not previously seen,0,,,
S_286,Scopus,10.1016/j.micpath.2024.107089,Inhibition of Candida albicans virulence by moscatin from Dendrobium nobile lindl.,2024,retained,exact DOI not previously seen,0,,,
S_292,Scopus,10.1016/j.phrs.2025.107716,Lack of IFN-γ response of human uterine myometrium-derived MSCs significantly improve multiple IBD parameters compared to bone marrow MSCs: Implications for anti-TNFα-refractory patients,2025,retained,exact DOI not previously seen,0,,,
S_296,Scopus,10.1007/s12602-025-10683-3,Exploring the Therapeutic Landscape of Probiotics in Enteric and Respiratory Viral Infections,2025,retained,exact DOI not previously seen,0,,,
S_301,Scopus,10.1182/bloodadvances.2024012556,Third-party fecal microbiota transplantation for high-risk treatment-naïve acute GVHD of the lower GI tract,2024,retained,exact DOI not previously seen,0,,,
S_304,Scopus,10.1186/s12866-025-03963-z,Gut microbiomes and treatment-resistant ulcerative colitis: a case-control study using qPCR,2025,retained,exact DOI not previously seen,0,,,
S_306,Scopus,10.3390/md22040175,Ethanol Extract of Limonium bicolor Improves Dextran Sulfate Sodium-Induced Ulcerative Colitis by Alleviating Inflammation and Restoring Gut Microbiota Dysbiosis in Mice,2024,retained,exact DOI not previously seen,0,,,
S_308,Scopus,10.3892/or.2024.8803,Role and functional mechanisms of IL‑17/IL‑17R signaling in pancreatic cancer (Review),2024,retained,exact DOI not previously seen,0,,,
S_310,Scopus,10.1136/gutjnl-2023-331550,The use of faecal microbiota transplant as treatment for recurrent or refractory Clostridioides difficile infection and other potential indications: second edition of joint British Society of Gastroenterology (BSG) and Healthcare Infection Society (HIS) guidelines,2024,retained,exact DOI not previously seen,0,,,
S_313,Scopus,10.1038/s41392-024-01771-x,Effects of dietary intervention on human diseases: molecular mechanisms and therapeutic potential,2024,retained,exact DOI not previously seen,0,,,
S_316,Scopus,10.3389/fvets.2025.1603107,Pulsatilla chinensis extract alleviate Staphylococcus aureus induced mastitis in mice by regulating the inflammatory response and gut microbiota,2025,retained,exact DOI not previously seen,0,,,
S_325,Scopus,10.1016/j.medj.2024.08.003,Gut microbiome pattern impacts treatment response in primary biliary cholangitis,2025,retained,exact DOI not previously seen,0,,,
S_326,Scopus,10.1016/j.lfs.2023.122279,Potential role of bile acids in the pathogenesis of necrotizing enterocolitis,2024,retained,exact DOI not previously seen,0,,,
S_327,Scopus,10.1186/s12866-025-04277-w,Ligilactobacillus salivarius alleviated intestinal damage induced by Salmonella in mice via regulating microbiota,2025,retained,exact DOI not previously seen,0,,,
S_328,Scopus,10.1186/s40164-025-00636-5,Targeting immune checkpoints in hepatocellular carcinoma therapy: toward combination strategies with curative potential,2025,retained,exact DOI not previously seen,0,,,
S_332,Scopus,10.1016/j.ijbiomac.2024.138294,Self-assembled nano delivery system of fenugreek polysaccharides: Effects on curcumin bioavailability and molecular mechanisms,2025,retained,exact DOI not previously seen,0,,,
S_344,Scopus,10.1016/j.phymed.2025.157210,Lycium barbarum polysaccharides alleviate experimental autoimmune prostatitis by putrescine/TRAF/JAK/STAT-mediated Th17 differentiation,2025,retained,exact DOI not previously seen,0,,,
S_345,Scopus,10.1080/19390211.2024.2363199,"Prebiotics, Probiotics and Postbiotics: The Changing Paradigm of Functional Foods",2024,retained,exact DOI not previously seen,0,,,
S_351,Scopus,10.1007/s12672-024-00929-x,Role of long non-coding RNA ELFN1-AS1 in carcinogenesis,2024,retained,exact DOI not previously seen,0,,,
S_353,Scopus,10.1186/s10020-025-01108-6,The interplay between gut bacteria and targeted therapies: implications for future cancer treatments,2025,retained,exact DOI not previously seen,0,,,
S_354,Scopus,10.4254/wjh.v17.i7.106810,Microbiome dysbiosis and immune checkpoint inhibitors: Dual targets in Hepatocellular carcinoma management,2025,retained,exact DOI not previously seen,0,,,
S_355,Scopus,10.3390/cancers17050723,Bacterial-Mediated In Situ Engineering of Tumour-Associated Macrophages for Cancer Immunotherapy,2025,retained,exact DOI not previously seen,0,,,
S_364,Scopus,10.1186/s12916-024-03275-5,"Mesenchymal stromal cells plus basiliximab improve the response of steroid-refractory acute graft-versus-host disease as a second-line therapy: a multicentre, randomized, controlled trial",2024,retained,exact DOI not previously seen,0,,,
S_366,Scopus,10.37349/etat.2025.1002354,Therapeutic properties of plant-derived prebiotics in melanoma,2025,retained,exact DOI not previously seen,0,,,
S_369,Scopus,10.1002/ptr.8218,"The health benefits of dietary polyphenols on pediatric intestinal diseases: Mechanism of action, clinical evidence and future research progress",2024,retained,exact DOI not previously seen,0,,,
S_371,Scopus,10.3389/fimmu.2025.1681461,"Neutrophils, not macrophages, aid phage-mediated control of pulmonary Pseudomonas aeruginosa infection",2025,retained,exact DOI not previously seen,0,,,
S_379,Scopus,10.18502/ijhoscr.v18i2.15377,Gut Microbiota Composition Correlates with Disease Severity in Myelodysplastic Syndrome,2024,retained,exact DOI not previously seen,0,,,
S_380,Scopus,10.12659/ajcr.949210,Pharmacological Intervention for Refractory Biofilm Infection After Hemipelvic Replacement Surgery: Multidisciplinary Management of a Case of Giant Cell Tumor of Bone,2025,retained,exact DOI not previously seen,0,,,
S_385,Scopus,10.1007/s00210-025-04315-4,Beyond the tumor: the gut microbiome as a key player in immunotherapy efficacy and resistance,2025,retained,exact DOI not previously seen,0,,,
S_390,Scopus,10.1155/sci5/1945321,Clinical Detection and Management of Colorectal Cancer Concerning the Gut Microbiome,2025,retained,exact DOI not previously seen,0,,,
S_393,Scopus,10.1007/s00394-024-03419-6,"Lactobacillus paracasei Jlus66 relieves DSS-induced ulcerative colitis in a murine model by maintaining intestinal barrier integrity, inhibiting inflammation, and improving intestinal microbiota structure",2024,retained,exact DOI not previously seen,0,,,
S_394,Scopus,10.1038/s41408-024-01167-8,Immune effector cell-associated enterocolitis following chimeric antigen receptor T-cell therapy in multiple myeloma,2024,retained,exact DOI not previously seen,0,,,
S_401,Scopus,10.1053/j.seminhematol.2025.08.003,The immunotherapy landscape in AML: Defining knowledge gaps toward rational combinatorial strategies,2025,retained,exact DOI not previously seen,0,,,
S_404,Scopus,10.1016/j.foodchem.2025.142833,Effectiveness of newly isolated bacteriophages targeting multidrug-resistant Extraintestinal Pathogenic Escherichia coli strain (TZ1_3) in food preservation and mice health modulation,2025,retained,exact DOI not previously seen,0,,,
S_406,Scopus,10.1016/j.cgh.2024.05.038,Real-world Effectiveness of Fecal Microbiota Transplantation for First or Second Clostridioides difficile Infection,2025,retained,exact DOI not previously seen,0,,,
S_408,Scopus,10.1016/j.tem.2023.12.008,Targeting systemic and gut microbial metabolism in ER+ breast cancer,2024,retained,exact DOI not previously seen,0,,,
S_409,Scopus,10.1016/j.micpath.2025.108087,The gut-lung axis in tuberculosis: A new frontier in immunomodulation and microbiota-directed therapeutic strategies,2025,retained,exact DOI not previously seen,0,,,
S_410,Scopus,10.1038/s42255-024-01063-2,Coordinated action of a gut–liver pathway drives alcohol detoxification and consumption,2024,retained,exact DOI not previously seen,0,,,
S_412,Scopus,10.1002/mco2.70019,Exosomal circular RNAs in tumor microenvironment: An emphasis on signaling pathways and clinical opportunities,2024,retained,exact DOI not previously seen,0,,,
S_417,Scopus,10.1186/s40168-024-01964-0,Ileal microbial microbiome and its secondary bile acids modulate susceptibility to nonalcoholic steatohepatitis in dairy goats,2024,retained,exact DOI not previously seen,0,,,
S_419,Scopus,10.3390/ijms262110547,Soil and Seed: Tumor Microenvironment Nurtures Immunotherapy Resistance and Renewal,2025,retained,exact DOI not previously seen,0,,,
S_426,Scopus,10.1002/jpn3.70097,"Management of paediatric ulcerative colitis, part 1: Ambulatory care—An updated evidence-based consensus guideline from the European Society of Paediatric Gastroenterology, Hepatology and Nutrition and the European Crohn's and Colitis Organisation",2025,retained,exact DOI not previously seen,0,,,
S_427,Scopus,10.13005/bpj/3287,Enhancing Immune Response in Immunotherapy-Resistant Melanoma Through Fecal Microbiota Transplantation: A Systematic Review,2025,retained,exact DOI not previously seen,0,,,
S_428,Scopus,10.3389/fgene.2024.1393353,miRNA signatures underlie chemoresistance in the gemcitabine-resistant pancreatic ductal adenocarcinoma cell line MIA PaCa-2 GR,2024,retained,exact DOI not previously seen,0,,,
S_431,Scopus,10.48048/tis.2025.10057,Recombinant Bacteriocin Rhamnosin Suppresses Malignant Phenotypes of Colorectal Cancer Cells,2025,retained,exact DOI not previously seen,0,,,
S_433,Scopus,10.1111/jsap.13801,Fungal dysbiosis following antibacterial monotherapy in canine otitis externa,2025,retained,exact DOI not previously seen,0,,,
S_435,Scopus,10.1002/hsr2.71422,Probiotics as a Complementary Medicine in Neurologic Disorders,2025,retained,exact DOI not previously seen,0,,,
S_441,Scopus,10.1016/j.micres.2024.127660,Gut microbiota and metabolites as predictors of biologics response in inflammatory bowel disease: A comprehensive systematic review,2024,retained,exact DOI not previously seen,0,,,
S_444,Scopus,10.1371/journal.pone.0337214,Butyrate ameliorates DSS-induced ulcerative colitis in mice by facilitating autophagy in intestinal epithelial cells and modulating the gut microbiota through blocking the PI3K-AKT-mTOR pathway,2025,retained,exact DOI not previously seen,0,,,
S_445,Scopus,10.1016/j.abd.2025.501198,Chronic spontaneous urticaria: update on pathogenesis and therapeutic implications,2025,retained,exact DOI not previously seen,0,,,
S_446,Scopus,10.1016/j.medmic.2025.100155,The gut microbiota and breast cancer: A comprehensive review of emerging links and therapeutic implications,2025,retained,exact DOI not previously seen,0,,,
S_455,Scopus,10.1021/acs.est.3c07108,Environmentally Relevant Concentrations of Microplastic Exposure Cause Cholestasis and Bile Acid Metabolism Dysregulation through a Gut-Liver Loop in Mice,2024,retained,exact DOI not previously seen,0,,,
S_456,Scopus,10.1016/j.biopha.2024.117580,Pharmacological potential of natural medicine Astragali Radix in treating intestinal diseases,2024,retained,exact DOI not previously seen,0,,,
S_458,Scopus,10.1016/j.tips.2024.04.006,Immune checkpoint blockade resistance in lung cancer: emerging mechanisms and therapeutic opportunities,2024,retained,exact DOI not previously seen,0,,,
S_459,Scopus,10.1186/s12943-024-02179-5,Current trends in sensitizing immune checkpoint inhibitors for cancer treatment,2024,retained,exact DOI not previously seen,0,,,
S_460,Scopus,10.3748/wjg.v30.i36.4025,Dual-targeted treatment for inflammatory bowel disease: Whether fecal microbiota transplantation can be an important part of it,2024,retained,exact DOI not previously seen,0,,,
S_462,Scopus,10.1161/circresaha.124.325841,MAIT Cells Promote Cholesterol Excretion Pathways Mitigating Atherosclerosis,2025,retained,exact DOI not previously seen,0,,,
S_468,Scopus,10.1097/ot9.0000000000000071,Advances in basic and translational research into nasopharyngeal carcinoma,2025,retained,exact DOI not previously seen,0,,,
S_470,Scopus,10.1111/imj.16545,Treatment outcomes of mild to moderate Clostridioides difficile infection in inflammatory bowel disease: an Australian experience,2024,retained,exact DOI not previously seen,0,,,
S_471,Scopus,10.1002/mco2.70465,Fusobacterium nucleatum in Health and Disease,2025,retained,exact DOI not previously seen,0,,,
S_472,Scopus,10.1200/jco.2024.42.16_suppl.2517,Effect of fecal transplantation on patient reported outcomes after immune checkpoint inhibitor colitis.,2024,retained,exact DOI not previously seen,0,,,
S_475,Scopus,10.20517/2394-5079.2024.76,Impact of gut microbiome on immunotherapy resistance in hepatocellular carcinoma: a review article,2024,retained,exact DOI not previously seen,0,,,
S_476,Scopus,10.1186/s43046-025-00330-x,New insights into the effects of microbiome and its derived metabolites on targeted immunotherapy,2025,retained,exact DOI not previously seen,0,,,
S_477,Scopus,10.1002/adtp.202300449,Bacterial Influence on Pharmacokinetics of Tacrolimus and Sulfasalazine through Regulation of Host Metabolism,2024,retained,exact DOI not previously seen,0,,,
S_479,Scopus,10.1016/j.phrs.2024.107108,Selection strategy of second-line biologic therapies in adult patients with ulcerative colitis following prior biologic treatment failure: Systematic review and meta-analysis,2024,retained,exact DOI not previously seen,0,,,
S_481,Scopus,10.1016/j.xcrm.2024.101753,Leucine restriction ameliorates Fusobacterium nucleatum-driven malignant progression and radioresistance in nasopharyngeal carcinoma,2024,retained,exact DOI not previously seen,0,,,
S_482,Scopus,10.1016/j.celrep.2024.114270,Dark force rising: Reawakening and targeting of fetal-like stem cells in colorectal cancer,2024,retained,exact DOI not previously seen,0,,,
S_483,Scopus,10.1200/jco.2024.42.16_suppl.2661,Randomized clinical trial of infliximab versus vedolizumab for immune checkpoint inhibitor related colitis,2024,retained,exact DOI not previously seen,0,,,
S_485,Scopus,10.21294/1814-4861-2025-24-1-150-163,PRObiotics against pathogenic bacteria and cancer,2025,retained,exact DOI not previously seen,0,,,
S_486,Scopus,10.13422/j.cnki.syfjx.20240892,Clinical Efficacy of Modified Banxia Xiexintang Combined with Vedolizumab in Treatment of Crohn's Disease with Syndrome of Cold and Heat in Complexity; [半夏泻心汤加减联合维得利珠单抗治疗克罗恩病寒 热错杂证的临床疗效],2024,retained,exact DOI not previously seen,0,,,
S_488,Scopus,10.2174/1568026620666200924115113,Unveiling the potential of purinergic signaling in schistosomiasis treatment,2021,retained,exact DOI not previously seen,0,,,
S_489,Scopus,10.1007/s12015-020-10104-8,Human Amnion-Derived Mesenchymal Stromal Cells in Cirrhotic Patients with Refractory Ascites: A Possible Anti-Inflammatory Therapy for Preventing Spontaneous Bacterial Peritonitis,2021,retained,exact DOI not previously seen,0,,,
S_491,Scopus,10.3748/wjg.v28.i20.2248,"Future prospect of """"Gut microbiome composition can predict the response to nivolumab in advanced hepatocellular carcinoma patients""""",2022,retained,exact DOI not previously seen,0,,,
S_493,Scopus,10.3390/pathogens11070770,"Polyphenols: Bioavailability, Microbiome Interactions and Cellular Effects on Health in Humans and Animals",2022,retained,exact DOI not previously seen,0,,,
S_494,Scopus,10.1002/adhm.202301450,A Biomimetic Nanoplatform with Improved Inflammatory Targeting Behavior for ROS Scavenging-Based Treatment of Ulcerative Colitis,2023,retained,exact DOI not previously seen,0,,,
S_497,Scopus,10.3390/cancers14235813,Effects of Long Non-Coding RNAs Induced by the Gut Microbiome on Regulating the Development of Colorectal Cancer,2022,retained,exact DOI not previously seen,0,,,
S_499,Scopus,10.1186/s12951-023-01771-z,"Metal ions and nanometallic materials in antitumor immunity: Function, application, and perspective",2023,retained,exact DOI not previously seen,0,,,
S_500,Scopus,10.1080/1744666x.2023.2221434,Updates in toxicities associated with immune checkpoint inhibitors,2023,retained,exact DOI not previously seen,0,,,
S_501,Scopus,10.1016/j.ccell.2021.01.016,Targeting the Microbiome to Overcome Resistance,2021,retained,exact DOI not previously seen,0,,,
S_502,Scopus,10.5217/ir.2023.00019,Gut microbiome on immune checkpoint inhibitor therapy and consequent immune-related colitis: a review,2023,retained,exact DOI not previously seen,0,,,
S_503,Scopus,10.1016/j.neuint.2023.105483,Anxiolytic- and antidepressant-like effects of Bacillus coagulans Unique IS-2 mediate via reshaping of microbiome gut-brain axis in rats,2023,retained,exact DOI not previously seen,0,,,
S_504,Scopus,10.1093/toxsci/kfab104,"Neonatal Exposure to BPA, BDE-99, and PCB Produces Persistent Changes in Hepatic Transcriptome Associated with Gut Dysbiosis in Adult Mouse Livers",2021,retained,exact DOI not previously seen,0,,,
S_505,Scopus,10.3389/fcimb.2021.673100,Antituberculosis Therapy and Gut Microbiota: Review of Potential Host Microbiota Directed-Therapies,2021,retained,exact DOI not previously seen,0,,,
S_506,Scopus,10.1371/journal.pone.0253852,Metabolomic and transcriptomic analysis reveals endogenous substrates and metabolic adaptation in rats lacking Abcg2 and Abcb1a transporters,2021,retained,exact DOI not previously seen,0,,,
S_507,Scopus,10.1007/s12272-022-01398-y,The multifaceted role of STAT3 pathway and its implication as a potential therapeutic target in oral cancer,2022,retained,exact DOI not previously seen,0,,,
S_511,Scopus,10.1093/jac/dkab474,An open randomized multicentre Phase 2 trial to assess the safety of DAV132 and its efficacy to protect gut microbiota diversity in hospitalized patients treated with fluoroquinolones,2022,retained,exact DOI not previously seen,0,,,
S_514,Scopus,10.1016/j.celrep.2022.111625,The cancer chemotherapeutic 5-fluorouracil is a potent Fusobacterium nucleatum inhibitor and its activity is modified by intratumoral microbiota,2022,retained,exact DOI not previously seen,0,,,
S_515,Scopus,10.2147/idr.s372122,The Relevance of Host Gut Microbiome Signature Alterations on de novo Fatty Acids Synthesis in Patients with Multi-Drug Resistant Tuberculosis,2022,retained,exact DOI not previously seen,0,,,
S_516,Scopus,10.1002/ijc.34464,How to overcome resistance to immune checkpoint inhibitors in colorectal cancer: From mechanisms to translation,2023,retained,exact DOI not previously seen,0,,,
S_518,Scopus,10.1007/s12672-023-00798-w,Synergist for antitumor therapy: Astragalus polysaccharides acting on immune microenvironment,2023,retained,exact DOI not previously seen,0,,,
S_525,Scopus,10.3389/fmicb.2024.1379209,A review for non-antibiotic treatment of Helicobacter pylori: new insight,2024,retained,exact DOI not previously seen,0,,,
S_528,Scopus,10.2174/1568026623666221201150933,Stem Cell Therapy in Combination with Naturopathy: Current Progressive Management of Diabetes and Associated Complications,2023,retained,exact DOI not previously seen,0,,,
S_531,Scopus,10.3390/cells12060872,Stemming Tumoral Growth: A Matter of Grotesque Organogenesis,2023,retained,exact DOI not previously seen,0,,,
S_532,Scopus,10.3389/fonc.2022.896662,Feasibility of hepatocellular carcinoma treatment based on the tumor microenvironment,2022,retained,exact DOI not previously seen,0,,,
S_534,Scopus,10.1016/j.ccell.2021.08.002,ILC3 plasticity in microbiome-mediated tumor progression and immunotherapy,2021,retained,exact DOI not previously seen,0,,,
S_535,Scopus,10.1007/s12602-021-09780-w,Functional Food for the Stimulation of the Immune System Against Malaria,2021,retained,exact DOI not previously seen,0,,,
S_539,Scopus,10.1007/s10620-020-06198-2,Risk Factors that Predict the Failure of Multiple Fecal Microbiota Transplantations for Clostridioides difficile Infection,2021,retained,exact DOI not previously seen,0,,,
S_541,Scopus,10.3390/jpm11121299,Microbiome Research and Multi-Omics Integration for Personalized Medicine in Asthma,2021,retained,exact DOI not previously seen,0,,,
S_543,Scopus,10.2147/btt.s367675,Biologic Therapy for Refractory Immune Checkpoint Inhibitor Colitis,2022,retained,exact DOI not previously seen,0,,,
S_544,Scopus,10.1016/j.jtct.2022.05.039,Mycophenolate Mofetil: A Friend or a Foe with Post-Transplantation Cyclophosphamide and Tacrolimus Prophylaxis in HLA-Matched Donors?,2022,retained,exact DOI not previously seen,0,,,
S_550,Scopus,10.3389/fimmu.2021.631092,"Ozone-Induced Oxidative Stress, Neutrophilic Airway Inflammation, and Glucocorticoid Resistance in Asthma",2021,retained,exact DOI not previously seen,0,,,
S_553,Scopus,10.1016/j.esmoop.2023.100880,Drug–drug interactions with proton pump inhibitors in cancer patients: an underrecognized cause of treatment failure,2023,retained,exact DOI not previously seen,0,,,
S_556,Scopus,10.20517/2394-5079.2023.33,The role of gut microbiome and fecal microbiota transplantation in liver cancer and related complications: mechanisms and therapeutic potentials,2023,retained,exact DOI not previously seen,0,,,
S_557,Scopus,10.1155/2023/6480848,The Gut Microbiota Metabolite Urolithin B Prevents Colorectal Carcinogenesis by Remodeling Microbiota and PD-L1/HLA-B,2023,retained,exact DOI not previously seen,0,,,
S_558,Scopus,10.1016/j.jnutbio.2021.108623,"Current methodologies to refine bioavailability, delivery, and therapeutic efficacy of plant flavonoids in cancer treatment",2021,retained,exact DOI not previously seen,0,,,
S_564,Scopus,10.1038/s42255-021-00452-1,Gut microbiota depletion exacerbates cholestatic liver injury via loss of FXR signalling,2021,retained,exact DOI not previously seen,0,,,
S_565,Scopus,10.3390/cancers13112512,"Proteomics, personalized medicine and cancer",2021,retained,exact DOI not previously seen,0,,,
S_567,Scopus,10.3390/nu15153340,The Underlying Changes in Serum Metabolic Profiles and Efficacy Prediction in Patients with Extensive Ulcerative Colitis Undergoing Fecal Microbiota Transplantation,2023,retained,exact DOI not previously seen,0,,,
S_569,Scopus,10.1080/17512433.2022.2053521,Recent pharmacological approaches for the treatment of renal cell carcinoma,2022,retained,exact DOI not previously seen,0,,,
S_570,Scopus,10.1016/j.cophys.2021.100472,Microbiome in drug resistance to colon cancer,2021,retained,exact DOI not previously seen,0,,,
S_574,Scopus,10.3904/kjim.2022.138,Inflammatory bowel disease in Korea: epidemiology and pathophysiology,2022,retained,exact DOI not previously seen,0,,,
S_576,Scopus,10.1210/jendso/bvad095,Grape Polyphenols May Prevent High-Fat Diet–Induced Dampening of the Hypothalamic–Pituitary–Adrenal Axis in Male Mice,2023,retained,exact DOI not previously seen,0,,,
S_578,Scopus,10.1016/j.dld.2020.11.031,Avelumab versus standard second line treatment chemotherapy in metastatic colorectal cancer patients with microsatellite instability: The SAMCO-PRODIGE 54 randomised phase II trial,2021,retained,exact DOI not previously seen,0,,,
S_579,Scopus,10.1001/jama.2020.22960,"Effect of Co-trimoxazole (Trimethoprim-Sulfamethoxazole) vs Placebo on Death, Lung Transplant, or Hospital Admission in Patients with Moderate and Severe Idiopathic Pulmonary Fibrosis: The EME-TIPAC Randomized Clinical Trial",2020,retained,exact DOI not previously seen,0,,,
S_581,Scopus,10.3390/ijms23158494,Stem Cell-Based Therapies for Inflammatory Bowel Disease,2022,retained,exact DOI not previously seen,0,,,
S_584,Scopus,10.3389/fimmu.2023.1195075,Enhancing therapeutic effects of murine cancer vaccine by reshaping gut microbiota with Lactobacillus rhamnosus GG and jujube powder,2023,retained,exact DOI not previously seen,0,,,
S_585,Scopus,10.1002/acr2.11604,Small Intestinal Permeability and Metabolomic Profiles in Feces and Plasma Associate With Clinical Response in Patients With Active Psoriatic Arthritis Participating in a Fecal Microbiota Transplantation Trial: Exploratory Findings From the FLORA Trial,2023,retained,exact DOI not previously seen,0,,,
S_586,Scopus,10.3389/fphar.2021.691234,"Pro-Oncogenic c-Met/EGFR, Biomarker Signatures of the Tumor Microenvironment are Clinical and Therapy Response Prognosticators in Colorectal Cancer, and Therapeutic Targets of 3-Phenyl-2H-benzo[e][1,3]-Oxazine-2,4(3H)-Dione Derivatives",2021,retained,exact DOI not previously seen,0,,,
S_587,Scopus,10.1016/j.semcancer.2020.05.009,Modulation of the tumor microenvironment by natural agents: implications for cancer prevention and therapy,2022,retained,exact DOI not previously seen,0,,,
S_588,Scopus,10.3390/ijms23031109,Current and New Challenges in the Management of Pancreatic Neuroendocrine Tumors: The Role of miRNA-Based Approaches as New Reliable Biomarkers,2022,retained,exact DOI not previously seen,0,,,
S_590,Scopus,10.3390/ijms22158036,The role of gut microbiota in overcoming resistance to checkpoint inhibitors in cancer patients: Mechanisms and challenges,2021,retained,exact DOI not previously seen,0,,,
S_591,Scopus,10.1016/j.semcancer.2019.12.026,Roles of microbiota in response to cancer immunotherapy,2020,retained,exact DOI not previously seen,0,,,
S_592,Scopus,10.1016/j.ucl.2022.07.005,Molecular Mechanisms of Castrate-Resistant Prostate Cancer,2022,retained,exact DOI not previously seen,0,,,
S_593,Scopus,10.1016/j.phrs.2023.106916,Akkermansia muciniphila: A potential target and pending issues for oncotherapy,2023,retained,exact DOI not previously seen,0,,,
S_595,Scopus,10.1016/j.jaut.2023.103036,Fecal microbiota transplantation for recurrent C. difficile infection in patients with inflammatory bowel disease: A systematic review and meta-analysis,2023,retained,exact DOI not previously seen,0,,,
S_596,Scopus,10.1097/mcg.0000000000001914,Efficacy and Safety of Vedolizumab and Tumor Necrosis Factor Inhibitors in the Treatment of Steroid-refractory Microscopic Colitis A Systematic Review and Meta-analysis,2023,retained,exact DOI not previously seen,0,,,
S_602,Scopus,10.3389/fphys.2023.1114231,Mitochondria: It is all about energy,2023,retained,exact DOI not previously seen,0,,,
S_603,Scopus,10.1098/rsob.200358,Hallmarks of cancer—the new testament,2021,retained,exact DOI not previously seen,0,,,
S_605,Scopus,10.2174/1389200223666220128141038,Gut Microbiota as the Potential Mechanism to Mediate Drug Metabolism Under High-altitude Hypoxia,2022,retained,exact DOI not previously seen,0,,,
S_610,Scopus,10.1016/j.hoc.2023.02.004,New Therapies on the Horizon,2023,retained,exact DOI not previously seen,0,,,
S_611,Scopus,10.3389/fphar.2023.1285343,Resistance to immune checkpoint inhibitors in gastric cancer,2023,retained,exact DOI not previously seen,0,,,
S_619,Scopus,10.1016/j.antiviral.2023.105720,Breaking the mold: Overcoming resistance to immune checkpoint inhibitors,2023,retained,exact DOI not previously seen,0,,,
S_620,Scopus,10.3389/fphar.2023.1248757,Enteroendocrine cells and gut hormones as potential targets in the crossroad of the gut-kidney axis communication,2023,retained,exact DOI not previously seen,0,,,
S_621,Scopus,10.1016/j.bbcan.2020.188484,Bidirectional and dynamic interaction between the microbiota and therapeutic resistance in pancreatic cancer,2021,retained,exact DOI not previously seen,0,,,
S_623,Scopus,10.3389/fimmu.2021.678476,Safety and Efficacy of Fecal Microbiota Transplantation for Grade IV Steroid Refractory GI-GvHD Patients: Interim Results From FMT2017002 Trial,2021,retained,exact DOI not previously seen,0,,,
S_629,Scopus,10.1080/21505594.2021.2019950,Pathogenesis and virulence of Candida albicans,2022,retained,exact DOI not previously seen,0,,,
S_632,Scopus,10.3389/fimmu.2021.635484,Natural Polyphenols as Targeted Modulators in Colon Cancer: Molecular Mechanisms and Applications,2021,retained,exact DOI not previously seen,0,,,
S_633,Scopus,10.1016/j.hoc.2020.09.005,Advanced Melanoma: Resistance Mechanisms to Current Therapies,2021,retained,exact DOI not previously seen,0,,,
S_636,Scopus,10.21037/tlcr-20-407,"The gut microbiome and its interaction with health, disease, treatment response and toxicity in patients advanced cancer: Focus on lung cancer and immunotherapy",2020,retained,exact DOI not previously seen,0,,,
S_640,Scopus,10.1080/17474086.2024.2305372,Graft-versus-host disease after an outpatient peripheral blood hematopoietic cell transplant using reduced-intensity conditioning: a single-center LATAM experience,2024,retained,exact DOI not previously seen,0,,,
S_641,Scopus,10.3390/ijms24031958,Serum Levels of IFABP2 and Differences in Lactobacillus and Porphyromonas gingivalis Abundance on Gut Microbiota Are Associated with Poor Therapeutic Response in Rheumatoid Arthritis: A Pilot Study,2023,retained,exact DOI not previously seen,0,,,
S_643,Scopus,10.3389/fimmu.2024.1385907,Crosstalk between hypoxia-inducible factor-1α and short-chain fatty acids in inflammatory bowel disease: key clues toward unraveling the mystery,2024,retained,exact DOI not previously seen,0,,,
S_644,Scopus,10.1007/s00277-021-04569-x,Rifaximin use favoured micafungin-resistant Candida spp. infections in recipients of allogeneic hematopoietic cell transplantation,2021,retained,exact DOI not previously seen,0,,,
S_647,Scopus,10.1007/s12272-021-01318-6,Treatments of inflammatory bowel disease toward personalized medicine,2021,retained,exact DOI not previously seen,0,,,
S_652,Scopus,10.1097/md.0000000000028584,Application of fecal microbial transplantation in hepatic encephalopathy after transjugular intrahepatic portosystemic shunt,2022,retained,exact DOI not previously seen,0,,,
S_653,Scopus,10.1186/s12906-023-03858-4,Determination of the synergistic anti-influenza effect of Huangqin Su tablet and Oseltamivir and investigation of mechanism of the tablet based on gut microbiota and network pharmacology,2023,retained,exact DOI not previously seen,0,,,
S_654,Scopus,10.1155/2021/4202019,Direct DNA Sequencing-Based Analysis of Microbiota Associated with Hematological Malignancies in the Eastern Province of Saudi Arabia,2021,retained,exact DOI not previously seen,0,,,
S_655,Scopus,10.1080/19490976.2022.2108655,The double-edged sword of probiotic supplementation on gut microbiota structure in Helicobacter pylori management,2022,retained,exact DOI not previously seen,0,,,
S_660,Scopus,10.3389/fonc.2022.880876,Mechanisms of Immunotherapy Resistance in Cutaneous Melanoma: Recognizing a Shapeshifter,2022,retained,exact DOI not previously seen,0,,,
S_661,Scopus,10.1080/17474124.2024.2444555,Advancements in the management of pediatric inflammatory bowel disease,2024,retained,exact DOI not previously seen,0,,,
S_664,Scopus,10.1038/s41392-021-00658-5,Inflammation and tumor progression: signaling pathways and targeted intervention,2021,retained,exact DOI not previously seen,0,,,
S_666,Scopus,10.1080/19490976.2024.2374596,Microbiome and pancreatic cancer: time to think about chemotherapy,2024,retained,exact DOI not previously seen,0,,,
S_667,Scopus,10.3389/fimmu.2021.704942,The Challenge of ICIs Resistance in Solid Tumours: Could Microbiota and Its Diversity Be Our Secret Weapon?,2021,retained,exact DOI not previously seen,0,,,
S_670,Scopus,10.1590/s0004-2803.202204000-83,Hematopoietic stem cell transplantation and Crohn’s disease: position paper from the Transplantation Committee of the Brazilian Group for the Study of Inflammatory Bowel Diseases (GEDIIB); [Transplante de células tronco hematopoiéticas e doença de Crohn: posição do Comitê de Transplantes do Grupo Brasileiro para estudo das doenças inflamatórias do intestino (GEDIIB)],2022,retained,exact DOI not previously seen,0,,,
S_672,Scopus,10.3389/fimmu.2024.1497461,Current hotspots and trends in cancer metabolic reprogramming: a scientometric analysis,2024,retained,exact DOI not previously seen,0,,,
S_674,Scopus,10.3390/pathogens11060687,Enterococci—Involvement in Pathogenesis and Therapeutic Potential in Cancer Treatment: A Mini-Review,2022,retained,exact DOI not previously seen,0,,,
S_675,Scopus,10.1016/j.dld.2023.05.012,Alarming correlation between multidrug-resistant bacteriobilia and morbidity after pancreatic surgery,2023,retained,exact DOI not previously seen,0,,,
S_679,Scopus,10.1016/j.arcmed.2021.09.008,Clinical Interventions and Budding Applications of Probiotics in the Treatment and Prevention of Viral Infections,2022,retained,exact DOI not previously seen,0,,,
S_680,Scopus,10.2174/1871530323666230516103420,Antidiabetic Effects of Genistein: Mechanism of Action,2023,retained,exact DOI not previously seen,0,,,
S_683,Scopus,10.2147/idr.s442330,Vitamin D Improves Klebsiella-Induced Severe Pneumonia in Rats by Regulating Intestinal Microbiota,2024,retained,exact DOI not previously seen,0,,,
S_684,Scopus,10.1155/2022/4913146,Current Status of Phage Therapy against Infectious Diseases and Potential Application beyond Infectious Diseases,2022,retained,exact DOI not previously seen,0,,,
S_688,Scopus,10.1007/s12195-022-00735-x,Causative Role of Anoxic Environment in Bacterial Regulation of Human Intestinal Function,2022,retained,exact DOI not previously seen,0,,,
S_690,Scopus,10.1016/j.biopha.2023.114316,Conducting bioinformatics analysis to predict sulforaphane-triggered adverse outcome pathways in healthy human cells,2023,retained,exact DOI not previously seen,0,,,
S_693,Scopus,10.1002/ijc.34421,Cancer stem cell-immune cell collusion in immunotherapy,2023,retained,exact DOI not previously seen,0,,,
S_696,Scopus,10.1007/s00432-022-04544-7,Bacterial metabolite butyrate in modulating sorafenib-targeted microRNAs to curtail its resistance in hepatocellular carcinoma,2023,retained,exact DOI not previously seen,0,,,
S_697,Scopus,10.1590/0100-6991e-20233490-en,Fecal microbiota transplantation and its repercussions in patients with melanoma refractory to anti-PD-1 therapy: scope review; [Transplante de microbiota fecal e suas repercussões em pacientes com melanoma refratário à terapia anti-PD-1: revisão de escopo],2023,retained,exact DOI not previously seen,0,,,
S_702,Scopus,10.1016/j.ebiom.2022.104197,Effects of microbiota on anticancer drugs: Current knowledge and potential applications,2022,retained,exact DOI not previously seen,0,,,
S_703,Scopus,10.1093/jncics/pkac039,Bacterial Lipopolysaccharide as a Negative Predictor of Adjuvant Gemcitabine Efficacy in Pancreatic Cancer,2022,retained,exact DOI not previously seen,0,,,
S_704,Scopus,10.1186/s12885-023-11551-5,TIGIT+ NK cells in combination with specific gut microbiota features predict response to checkpoint inhibitor therapy in melanoma patients,2023,retained,exact DOI not previously seen,0,,,
S_710,Scopus,10.1126/science.adk4276,STRESS RESPONDERS,2023,retained,exact DOI not previously seen,0,,,
S_711,Scopus,10.1128/aac.00194-23,Cefiderocol Treatment for Patients with Multidrug- and Carbapenem-Resistant Pseudomonas aeruginosa Infections in the Compassionate Use Program,2023,retained,exact DOI not previously seen,0,,,
S_713,Scopus,10.3390/ijms22084228,Comparative analysis of the microbiome across the gut–skin axis in atopic dermatitis,2021,retained,exact DOI not previously seen,0,,,
S_715,Scopus,10.1177/17588359221077972,Predicting response to neoadjuvant chemoradiotherapy in rectal cancer: from biomarkers to tumor models,2022,retained,exact DOI not previously seen,0,,,
S_717,Scopus,10.3389/fimmu.2020.574569,Monogenic Immune Diseases Provide Insights Into the Mechanisms and Treatment of Chronic Graft-Versus-Host Disease,2021,retained,exact DOI not previously seen,0,,,
S_718,Scopus,10.1080/17425255.2021.1899159,Renal and non-renal response of ABC and SLC transporters in chronic kidney disease,2021,retained,exact DOI not previously seen,0,,,
S_719,Scopus,10.1016/j.jiac.2023.08.009,Adult-onset botulism in a Japanese woman with prolonged spore excretion,2023,retained,exact DOI not previously seen,0,,,
S_720,Scopus,10.3389/fimmu.2022.908517,Research progress of risk factors and early diagnostic biomarkers of gout-induced renal injury,2022,retained,exact DOI not previously seen,0,,,
S_721,Scopus,10.1016/j.dmpk.2023.100494,"Effect of antibiotic-administration period on hepatic bile acid profile and expression of pharmacokinetic-related proteins in mouse liver, kidney, and brain capillaries",2023,retained,exact DOI not previously seen,0,,,
S_722,Scopus,10.1111/bcp.14407,Pharmacogenomics of anticancer drugs: Personalising the choice and dose to manage drug response,2021,retained,exact DOI not previously seen,0,,,
S_725,Scopus,10.1186/s12920-020-00810-0,Identification of intestinal flora-related key genes and therapeutic drugs in colorectal cancer,2020,retained,exact DOI not previously seen,0,,,
S_726,Scopus,10.1080/03602532.2023.2252618,Drug transporters in drug disposition–the year 2022 in review,2023,retained,exact DOI not previously seen,0,,,
S_731,Scopus,10.30476/dentjods.2022.94792.1812,Antifungal Effect of Probiotic Lactobacillus casei on Drug-Resistant Oral Candida albicans Isolated from Patients with Hematological Malignancy: An in vitro Study,2023,retained,exact DOI not previously seen,0,,,
S_734,Scopus,10.1080/14728214.2021.1901884,Emerging PD-1/PD-L1 antagonists for the treatment of malignant melanoma,2021,retained,exact DOI not previously seen,0,,,
S_735,Scopus,10.1016/j.chom.2021.01.012,Improving ICI outcomes with a little help from my microbial friends,2021,retained,exact DOI not previously seen,0,,,
S_738,Scopus,10.1016/j.semcancer.2021.03.028,"Recent trends and advances in the epidemiology, synergism, and delivery system of lycopene as an anti-cancer agent",2021,retained,exact DOI not previously seen,0,,,
S_739,Scopus,10.1038/s41575-021-00413-9,FMT for immunotherapy-refractory melanoma,2021,retained,exact DOI not previously seen,0,,,
S_740,Scopus,10.3324/haematol.2020.247395,The clinical role of the gut microbiome and fecal microbiota transplantation in allogenei stem cell transplantation,2021,retained,exact DOI not previously seen,0,,,
S_741,Scopus,10.3389/fonc.2021.715217,An Abnormal Host/Microbiomes Signature of Plasma-Derived Extracellular Vesicles Is Associated to Polycythemia Vera,2021,retained,exact DOI not previously seen,0,,,
S_742,Scopus,10.1016/j.intimp.2023.110090,IFABP2 as a new prognostic biomarker for secondary non-response in rheumatoid arthritis,2023,retained,exact DOI not previously seen,0,,,
S_747,Scopus,10.1371/journal.pone.0266382,A novel network based linear model for prioritization of synergistic drug combinations,2022,retained,exact DOI not previously seen,0,,,
S_748,Scopus,10.17305/bjbms.2021.6436,Attributes of intestinal microbiota composition and their correlation with clinical primary non-response to anti-TNF-α agents in inflammatory bowel disease patients,2022,retained,exact DOI not previously seen,0,,,
S_752,Scopus,10.1186/s12879-022-07256-y,Durable reduction of Clostridioides difficile infection recurrence and microbiome restoration after treatment with RBX2660: results from an open-label phase 2 clinical trial,2022,retained,exact DOI not previously seen,0,,,
S_754,Scopus,10.7717/peerj.13401,"Unbalanced relationships: insights into the interaction between gut microbiota, geohelminths, and schistosomiasis",2022,retained,exact DOI not previously seen,0,,,
S_756,Scopus,10.1007/s00280-021-04385-0,Curcumin sensitizes response to cytarabine in acute myeloid leukemia by regulating intestinal microbiota,2022,retained,exact DOI not previously seen,0,,,
S_757,Scopus,10.3390/cancers14143421,Genetics in Familial Intrahepatic Cholestasis: Clinical Patterns and Development of Liver and Biliary Cancers: A Review of the Literature,2022,retained,exact DOI not previously seen,0,,,
S_760,Scopus,10.3389/fimmu.2023.1114321,"Head and neck dermatitis is exacerbated by Malassezia furfur colonization, skin barrier disruption, and immune dysregulation",2023,retained,exact DOI not previously seen,0,,,
S_763,Scopus,10.1007/s10620-021-07347-x,Fecal Microbiota Transplant for Clostridioides Difficile Infection Is Safe and Efficacious in an Immunocompromised Cohort,2022,retained,exact DOI not previously seen,0,,,
S_764,Scopus,10.1200/jco.2024.42.16_suppl.593,Evaluating gut microbiome as a biomarker of pathological complete response in patients with early locally advanced triple negative breast cancer (LA TNBC): A pilot study,2024,retained,exact DOI not previously seen,0,,,
S_767,Scopus,10.5194/jbji-7-177-2022,A comparison of the microbiology profile for periprosthetic joint infection of knee arthroplasty and lower-limb endoprostheses in tumour surgery,2022,retained,exact DOI not previously seen,0,,,
S_768,Scopus,10.1055/a-1890-6015,Questions to consider when caring for patients with ulcerative colitis,2022,retained,exact DOI not previously seen,0,,,
S_771,Scopus,10.3390/cells11081374,Key Signaling in Alcohol‐Associated Liver Disease: The Role of Bile Acids,2022,retained,exact DOI not previously seen,0,,,
S_772,Scopus,10.2174/0113892010282432231222060355,Recent Insight into Herbal Bioactives-based Novel Approaches for Chronic Intestinal Inflammatory Disorders Therapy,2024,retained,exact DOI not previously seen,0,,,
S_774,Scopus,10.3390/cancers13061188,Targeting the tumor microenvironment for improving therapeutic effectiveness in cancer immunotherapy: Focusing on immune checkpoint inhibitors and combination therapies,2021,retained,exact DOI not previously seen,0,,,
S_775,Scopus,10.20517/2394-4722.2023.107,"The microbiome and ovarian cancer: insights, implications, and therapeutic opportunities",2023,retained,exact DOI not previously seen,0,,,
S_779,Scopus,10.1007/s00277-023-05475-0,A multi-cohort phase 1b trial of rituximab in combination with immunotherapy doublets in relapsed/refractory follicular lymphoma,2024,retained,exact DOI not previously seen,0,,,
S_784,Scopus,10.1101/gad.348523.121,The biological underpinnings of therapeutic resistance in pancreatic cancer,2021,retained,exact DOI not previously seen,0,,,
S_785,Scopus,10.4252/wjsc.v15.i4.120,"Obesity and cancer stem cells: Roles in cancer initiation, progression and therapy resistance",2023,retained,exact DOI not previously seen,0,,,
S_787,Scopus,10.3389/fimmu.2023.1283034,ECP versus ruxolitinib in steroid-refractory acute GVHD – a retrospective study by the EBMT transplant complications working party,2023,retained,exact DOI not previously seen,0,,,
S_791,Scopus,10.1021/acschemneuro.2c00143,Multi-strain Probiotic Formulation Reverses Maternal Separation and Chronic Unpredictable Mild Stress-Generated Anxiety- and Depression-like Phenotypes by Modulating Gut Microbiome-Brain Activity in Rats,2022,retained,exact DOI not previously seen,0,,,
S_795,Scopus,10.3389/fmicb.2022.960693,Common themes in antimicrobial and anticancer drug resistance,2022,retained,exact DOI not previously seen,0,,,
S_797,Scopus,10.1200/jco.2024.42.3_suppl.655,"Results of a phase II, open-label pilot study evaluating the safety and activity of liposomal irinotecan (Nal-IRI) in combination with 5-FU and oxaliplatin (NALIRIFOX) in preoperative treatment of pancreatic adenocarcinoma (NEO-Nal-IRI study)",2024,retained,exact DOI not previously seen,0,,,
S_801,Scopus,10.7150/jca.89404,Autologous stem cell transplant for refractory and relapsed peripheral T-cell lymphoma: a retrospective study in China,2024,retained,exact DOI not previously seen,0,,,
S_802,Scopus,10.1016/j.ccell.2023.09.012,Tumor-resident Lactobacillus iners confer chemoradiation resistance through lactate-induced metabolic rewiring,2023,retained,exact DOI not previously seen,0,,,
S_803,Scopus,10.3389/fphar.2022.977370,Regulation of CYP450 and drug transporter mediated by gut microbiota under high-altitude hypoxia,2022,retained,exact DOI not previously seen,0,,,
S_804,Scopus,10.1186/s40001-021-00508-8,Tandem fecal microbiota transplantation cycles in an allogeneic hematopoietic stem cell transplant recipient targeting carbapenem-resistant Enterobacteriaceae colonization: a case report and literature review,2021,retained,exact DOI not previously seen,0,,,
S_808,Scopus,10.1146/annurev-pharmtox-030322-084058,"OAT, OATP, and MRP Drug Transporters and the Remote Sensing and Signaling Theory",2023,retained,exact DOI not previously seen,0,,,
S_809,Scopus,10.1016/j.micpath.2022.105795,Future prospects of bacteria-mediated cancer therapies: Affliction or opportunity?,2022,retained,exact DOI not previously seen,0,,,
S_818,Scopus,10.1016/j.biopha.2023.114660,Baicalin ameliorates multidrug-resistant Pseudomonas aeruginosa induced pulmonary inflammation in rat via arginine biosynthesis,2023,retained,exact DOI not previously seen,0,,,
S_819,Scopus,10.3390/cancers15041022,Challenges and Therapeutic Opportunities in the dMMR/MSI-H Colorectal Cancer Landscape,2023,retained,exact DOI not previously seen,0,,,
S_821,Scopus,10.1177/03000605211063292,Steroid-resistant intestinal aGVHD and refractory CMV and EBV infections complicated by haplo-HSCT were successfully rescued by FMT and CTL infusion,2021,retained,exact DOI not previously seen,0,,,
S_822,Scopus,10.1186/s40168-020-00980-0,The pleiotropic effects of prebiotic galacto-oligosaccharides on the aging gut,2021,retained,exact DOI not previously seen,0,,,
S_825,Scopus,10.1182/hematology.2021000300,Acute GVHD: think before you treat,2021,retained,exact DOI not previously seen,0,,,
S_828,Scopus,10.18620/ctt-1866-8836-2023-12-3-36-43,Fecal microbiota transplantation for treatment of inflammatory bowel lesions in lymphoma patients: effects on intestinal and blood microbiota,2023,retained,exact DOI not previously seen,0,,,
S_831,Scopus,10.1111/bcp.15590,Cytochrome P450 inhibition to decrease dosage and costs of venetoclax and ibrutinib: A proof-of-concept case study,2023,retained,exact DOI not previously seen,0,,,
S_832,Scopus,10.31083/j.fbl2712338,"The 21st International Conference on Progress in Vaccination against Cancer (PIVAC-22), September 26-28, 2022, Turin, Italy",2022,retained,exact DOI not previously seen,0,,,
S_833,Scopus,10.1002/jcp.30028,Postnatal growth retardation is associated with deteriorated intestinal mucosal barrier function using a porcine model,2021,retained,exact DOI not previously seen,0,,,
S_834,Scopus,10.1111/ejh.13642,Fecal microbiota transfer for refractory intestinal graft-versus-host disease — Experience from two German tertiary centers,2021,retained,exact DOI not previously seen,0,,,
S_838,Scopus,10.3389/fcimb.2022.863779,Mechanisms by Which Traditional Chinese Medicines Influence the Intestinal Flora and Intestinal Barrier,2022,retained,exact DOI not previously seen,0,,,
S_842,Scopus,10.15386/mpr-2526,Microbiome modulation in the prevention and management of colorectal cancer: a systematic review of clinical interventions,2023,retained,exact DOI not previously seen,0,,,
S_851,Scopus,10.1556/030.2023.02054,Exploring the complex and multifaceted interplay of the gut microbiome and cancer prevention and therapy,2023,retained,exact DOI not previously seen,0,,,
S_852,Scopus,10.1186/s40364-021-00314-8,Risk factors for immune-related adverse events: what have we learned and what lies ahead?,2021,retained,exact DOI not previously seen,0,,,
S_854,Scopus,10.3389/fmicb.2022.898961,Lytic Bacteriophage PZL-Ah152 as Biocontrol Measures Against Lethal Aeromonas hydrophila Without Distorting Gut Microbiota,2022,retained,exact DOI not previously seen,0,,,
S_856,Scopus,10.1016/j.toxlet.2020.09.015,Indole microbial intestinal metabolites expand the repertoire of ligands and agonists of the human pregnane X receptor,2020,retained,exact DOI not previously seen,0,,,
S_857,Scopus,10.1186/s43088-022-00196-1,Molecular and pharmacological aspects of piperine as a potential molecule for disease prevention and management: evidence from clinical trials,2022,retained,exact DOI not previously seen,0,,,
S_859,Scopus,10.1186/s40168-023-01578-y,Gut microbiome modulates tacrolimus pharmacokinetics through the transcriptional regulation of ABCB1,2023,retained,exact DOI not previously seen,0,,,
S_860,Scopus,10.3390/ijms23031854,The Role of the Lymphatic System in the Pathogenesis and Treatment of Inflammatory Bowel Disease,2022,retained,exact DOI not previously seen,0,,,
S_861,Scopus,10.1111/omi.12403,"Role of oral microbiome in oral oncogenesis, tumor progression, and metastasis",2023,retained,exact DOI not previously seen,0,,,
S_863,Scopus,10.1007/s40265-022-01826-9,Immune Mechanisms in Epileptogenesis: Update on Diagnosis and Treatment of Autoimmune Epilepsy Syndromes,2023,retained,exact DOI not previously seen,0,,,
S_865,Scopus,10.2147/ott.s324765,MRD-negative remission induced in EP300-ZNF384 positive B-ALL patients by tandem CD19/CD22 CAR T-cell therapy bridging to allogeneic stem cell transplantation,2021,retained,exact DOI not previously seen,0,,,
S_867,Scopus,10.1016/s2468-1253(22)00001-2,New insights on the surgical management of ulcerative colitis in the 21st century,2022,retained,exact DOI not previously seen,0,,,
S_870,Scopus,10.3390/ijms22083922,Involvement of smad7 in inflammatory diseases of the gut and colon cancer,2021,retained,exact DOI not previously seen,0,,,
S_872,Scopus,10.5493/wjem.v11.i6.79,Differential diagnosis and management of immune checkpoint inhibitor-induced colitis: A comprehensive review,2021,retained,exact DOI not previously seen,0,,,
S_873,Scopus,10.2174/1874467215666220222105004,Gut Microbiota Modulation for Therapeutic Management of Various Dis-eases: A New Perspective Using Stem Cell Therapy,2023,retained,exact DOI not previously seen,0,,,
S_875,Scopus,10.1172/jci.insight.160437,The kidney drug transporter OAT1 regulates gut microbiome–dependent host metabolism,2023,retained,exact DOI not previously seen,0,,,
S_877,Scopus,10.1155/2021/6612970,Fecal Microbiota Transplantation as Therapy for Treatment of Active Ulcerative Colitis: A Systematic Review and Meta-Analysis,2021,retained,exact DOI not previously seen,0,,,
S_878,Scopus,10.3389/fphar.2023.1272073,Decoding signaling mechanisms: unraveling the targets of guanylate cyclase agonists in cardiovascular and digestive diseases,2023,retained,exact DOI not previously seen,0,,,
S_882,Scopus,10.4062/biomolther.2021.086,Autophagy and digestive disorders: Advances in understanding and therapeutic approaches,2021,retained,exact DOI not previously seen,0,,,
S_883,Scopus,,Gastrointestinal Conditions: Inflammatory Bowel Disease,2022,retained,no DOI in export; title checked,0,no DOI; no near-duplicate title found,S_1173,0.75
S_884,Scopus,10.3389/frmbi.2022.1049688,Foods may modify responsiveness to cancer immune checkpoint blockers by altering both the gut microbiota and activation of estrogen receptors in immune cells,2022,retained,exact DOI not previously seen,0,,,
S_885,Scopus,10.14309/ajg.0000000000002348,Classification and Management of Disorders of the J Pouch,2023,retained,exact DOI not previously seen,0,,,
S_887,Scopus,10.32471/exp-oncology.2312-8852.vol-44-no-2.17855,HUMAN MICROBIOTA AND BREAST CANCER; [МІКРОБІОТА ОРГАНІЗМУ ЛЮДИНИ ТА РАК ГРУДНОЇ ЗАЛОЗИ],2022,retained,exact DOI not previously seen,0,,,
S_889,Scopus,10.1158/1078-0432.ccr-23-1333,CD4þ TIL to the Rescue of Anti–PD-1 Failure by Targeting MHC-II,2023,retained,exact DOI not previously seen,0,,,
S_890,Scopus,10.1097/cm9.0000000000002493,Metformin may be a viable adjunctive therapeutic option to potentially enhance immune reconstitution in HIV-positive immunological non-responders,2023,retained,exact DOI not previously seen,0,,,
S_891,Scopus,10.3390/ijms242316932,Farnesoid X Receptor Agonist GW4064 Protects Lipopolysaccharide-Induced Intestinal Epithelial Barrier Function and Colorectal Tumorigenesis Signaling through the αKlotho/βKlotho/FGFs Pathways in Mice,2023,retained,exact DOI not previously seen,0,,,
S_894,Scopus,10.1002/ijc.34372,"Feasibility and tolerability of sintilimab plus anlotinib as the second-line therapy for patients with advanced biliary tract cancers: An open-label, single-arm, phase II clinical trial",2023,retained,exact DOI not previously seen,0,,,
S_898,Scopus,10.1016/j.bcp.2023.115586,Next generation organoid engineering to replace animals in cancer drug testing,2023,retained,exact DOI not previously seen,0,,,
S_901,Scopus,10.3390/ijms24087168,An Insight into the Arising Role of MicroRNAs in Hepatocellular Carcinoma: Future Diagnostic and Therapeutic Approaches,2023,retained,exact DOI not previously seen,0,,,
S_903,Scopus,10.3389/fmicb.2024.1404652,The preventative effects of Lactococcus Lactis metabolites against LPS-induced sepsis,2024,retained,exact DOI not previously seen,0,,,
S_905,Scopus,10.1080/19490976.2023.2266626,Mitochondrial dysfunction-associated microbiota establishes a transmissible refractory response to anti-TNF therapy during ulcerative colitis,2023,retained,exact DOI not previously seen,0,,,
S_908,Scopus,10.3389/fimmu.2022.1016646,Mechanism and strategies of immunotherapy resistance in colorectal cancer,2022,retained,exact DOI not previously seen,0,,,
S_911,Scopus,10.3389/fphys.2021.704313,Characteristics of Gut Microbiota in Children With Biliary Atresia After Liver Transplantation,2021,retained,exact DOI not previously seen,0,,,
S_915,Scopus,10.2174/1573399818666211105125129,The Emerging Role of Metformin in the Prevention and Treatment of Col-orectal Cancer: A Game Changer for the Management of Colorectal Cancer,2022,retained,exact DOI not previously seen,0,,,
S_917,Scopus,10.1002/jcp.30575,"Resistance to immunotherapy in human malignancies: Mechanisms, research progresses, challenges, and opportunities",2022,retained,exact DOI not previously seen,0,,,
S_919,Scopus,10.1016/j.canlet.2021.01.031,Trials and tribulations of pancreatic cancer immunotherapy,2021,retained,exact DOI not previously seen,0,,,
S_920,Scopus,10.1016/j.ijbiomac.2020.07.229,Molecular mechanisms of polysaccharides from Ziziphus jujuba Mill var. spinosa seeds regulating the bioavailability of spinosin and preventing colitis,2020,retained,exact DOI not previously seen,0,,,
S_921,Scopus,10.3389/fonc.2022.789728,Comparison of Laboratory Methods for the Clinical Follow Up of Checkpoint Blockade Therapies in Leukemia: Current Status and Challenges Ahead,2022,retained,exact DOI not previously seen,0,,,
S_924,Scopus,10.20517/cdr.2022.10,Molecular vulnerabilities and therapeutic resistance in hormone receptor positive and HER2 dependent breast cancer tumours,2022,retained,exact DOI not previously seen,0,,,
S_927,Scopus,10.3390/immuno2040042,Uptake and Advanced Therapy of Butyrate in Inflammatory Bowel Disease,2022,retained,exact DOI not previously seen,0,,,
S_928,Scopus,10.1016/j.prmcm.2022.100057,Jianpi Huayu Decoction enhances the effect of sorafenib and alleviates adverse events in hepatocellular carcinoma by remodeling the gut microbiota,2022,retained,exact DOI not previously seen,0,,,
S_930,Scopus,10.3389/fmicb.2021.804949,Host Immune Responses to Clostridioides difficile: Toxins and Beyond,2021,retained,exact DOI not previously seen,0,,,
S_934,Scopus,10.1038/s41392-023-01720-0,Targeting epigenetic and posttranslational modifications regulating ferroptosis for the treatment of diseases,2023,retained,exact DOI not previously seen,0,,,
S_937,Scopus,10.1097/mpg.0000000000003714,Fecal Microbiota Transplantation for Clostridioides difficile Infection in Immunocompromised Pediatric Patients,2023,retained,exact DOI not previously seen,0,,,
S_938,Scopus,10.1093/oncolo/oyac019,Efficacy of Infliximab Dose Escalation in Patients with Refractory Immunotherapy-Related Colitis: A Case Series,2022,retained,exact DOI not previously seen,0,,,
S_939,Scopus,10.4038/cjs.v50i4.7941,Effect of gut microbiota on immune checkpoint inhibitor (ICI) based cancer immunotherapy,2021,retained,exact DOI not previously seen,0,,,
S_941,Scopus,10.1016/s2665-9913(22)00334-4,Role of neutrophil interleukin-23 in spondyloarthropathy spectrum disorders,2023,retained,exact DOI not previously seen,0,,,
S_942,Scopus,10.1016/j.biopha.2021.111712,Ginkgo biloba leaf extract suppresses intestinal human breast cancer resistance protein expression in mice: Correlation with gut microbiota,2021,retained,exact DOI not previously seen,0,,,
S_943,Scopus,10.26538/tjnpr/v7i12.4,Cancer Biology and Therapeutics: Navigating Recent Advances and Charting Future Directions,2023,retained,exact DOI not previously seen,0,,,
S_946,Scopus,10.1186/s43046-021-00088-y,Reviewing cancer’s biology: an eclectic approach,2021,retained,exact DOI not previously seen,0,,,
S_949,Scopus,10.1186/s12879-023-08577-2,Fatal BK polyomavirus-associated pneumonia: report of two cases with literature review,2023,retained,exact DOI not previously seen,0,,,
S_950,Scopus,10.2174/1568009623666230418121130,The Role of Oxidative Stress in the Development and Therapeutic Intervention of Hepatocellular Carcinoma,2023,retained,exact DOI not previously seen,0,,,
S_952,Scopus,10.1038/s41423-020-00532-4,Phages and their potential to modulate the microbiome and immunity,2021,retained,exact DOI not previously seen,0,,,
S_955,Scopus,10.3390/diagnostics12071742,Unlocking the Potential of the Human Microbiome for Identifying Disease Diagnostic Biomarkers,2022,retained,exact DOI not previously seen,0,,,
S_957,Scopus,10.3748/wjg.v27.i32.5362,Faecal microbiota transplantation enhances efficacy of immune checkpoint inhibitors therapy against cancer,2021,retained,exact DOI not previously seen,0,,,
S_964,Scopus,10.3389/fendo.2023.1149256,Pharmacomicrobiomics and type 2 diabetes mellitus: A novel perspective towards possible treatment,2023,retained,exact DOI not previously seen,0,,,
S_966,Scopus,10.4314/ovj.v10i3.11,Paraprobiotics and postbiotics: Contemporary and promising natural antibiotics alternatives and their applications in the poultry field,2020,retained,exact DOI not previously seen,0,,,
S_967,Scopus,10.4014/jmb.1605.05024,Combination therapy of Lactobacillus plantarum supernatant and 5-fluouracil increases chemosensitivity in colorectal cancer cells,2016,retained,exact DOI not previously seen,0,,,
S_968,Scopus,10.1007/s11864-019-0699-1,"Opioids in Cancer Development, Progression and Metastasis: Focus on Colorectal Cancer",2020,retained,exact DOI not previously seen,0,,,
S_969,Scopus,10.1186/s13073-018-0605-7,Genomics of response to immune checkpoint therapies for cancer: implications for precision medicine,2018,retained,exact DOI not previously seen,0,,,
S_972,Scopus,10.3390/cancers12092465,Breast and gut microbiota action mechanisms in breast cancer pathogenesis and treatment,2020,retained,exact DOI not previously seen,0,,,
S_973,Scopus,10.1038/s12276-018-0130-1,Future prospects of immune checkpoint blockade in cancer: from response prediction to overcoming resistance,2018,retained,exact DOI not previously seen,0,,,
S_975,Scopus,10.5217/ir.2017.15.2.244,Fecal microbiota transplantation for refractory Crohn's disease,2017,retained,exact DOI not previously seen,0,,,
S_976,Scopus,10.3390/nu12051434,Connecting the dots between inflammatory bowel disease and metabolic syndrome: A focus on gut-derived metabolites,2020,retained,exact DOI not previously seen,0,,,
S_978,Scopus,,Role of the microbiota in hematologic malignancies,2019,retained,no DOI in export; title checked,0,no DOI; no near-duplicate title found,W_895,0.66
S_979,Scopus,10.1016/j.chom.2018.09.009,Compositional and Temporal Changes in the Gut Microbiome of Pediatric Ulcerative Colitis Patients Are Linked to Disease Course,2018,retained,exact DOI not previously seen,0,,,
S_980,Scopus,10.1021/acs.molpharmaceut.6b00937,Identification and Characterization of Trimethylamine-N-oxide Uptake and Efflux Transporters,2017,retained,exact DOI not previously seen,0,,,
S_984,Scopus,,Yeast Extract Induces Apoptosis and Cell Cycle Arrest via Activating p38 Signal Pathway in Colorectal Cancer Cells,2020,retained,no DOI in export; title checked,0,no DOI; no near-duplicate title found,W_292,0.511
S_985,Scopus,10.5217/ir.2018.00126,Current new challenges in the management of ulcerative colitis,2019,retained,exact DOI not previously seen,0,,,
S_986,Scopus,10.3748/wjg.v25.i8.888,Current and future pharmacological therapies for managing cirrhosis and its complications,2019,retained,exact DOI not previously seen,0,,,
S_987,Scopus,10.1155/2020/2524314,Effect of Baicalin on Bacterial Secondary Infection and Inflammation Caused by H9N2 AIV Infection in Chickens,2020,retained,exact DOI not previously seen,0,,,
S_988,Scopus,10.1080/17474124.2017.1344551,Bezlotoxumab: anti-toxin B monoclonal antibody to prevent recurrence of Clostridium difficile infection,2017,retained,exact DOI not previously seen,0,,,
S_990,Scopus,10.1002/path.5255,Recent Advances in Pathology: the 2019 Annual Review Issue of The Journal of Pathology,2019,retained,exact DOI not previously seen,0,,,
S_991,Scopus,10.1007/s00277-017-3205-5,Colonization with multidrug-resistant bacteria increases the risk of complications and a fatal outcome after allogeneic hematopoietic cell transplantation,2018,retained,exact DOI not previously seen,0,,,
S_995,Scopus,10.1016/j.nbd.2019.104576,Emerging roles for the intestinal microbiome in epilepsy,2020,retained,exact DOI not previously seen,0,,,
S_996,Scopus,10.3390/nu11123002,The importance of the microbiome in critically ill patients: Role of nutrition,2019,retained,exact DOI not previously seen,0,,,
S_997,Scopus,10.1016/s2468-1253(18)30265-6,Mechanisms of molecular resistance and predictors of response to biological therapy in inflammatory bowel disease,2018,retained,exact DOI not previously seen,0,,,
S_998,Scopus,10.3389/fmicb.2017.01791,"Microbiota of chronic diabetic wounds: Ecology, impact, and potential for innovative treatment strategies",2017,retained,exact DOI not previously seen,0,,,
S_1002,Scopus,10.3390/genes10110900,Gut microbiota influences experimental outcomes in mouse models of colorectal cancer,2019,retained,exact DOI not previously seen,0,,,
S_1003,Scopus,10.1038/s41591-018-0308-z,Microbial network disturbances in relapsing refractory Crohn’s disease,2019,retained,exact DOI not previously seen,0,,,
S_1005,Scopus,10.1080/25785826.2020.1751934,Treatment of inflammatory bowel disease from the immunological perspective,2020,retained,exact DOI not previously seen,0,,,
S_1006,Scopus,10.1016/j.bpg.2018.05.009,The treatment of refractory ulcerative colitis,2018,retained,exact DOI not previously seen,0,,,
S_1007,Scopus,10.1016/j.bulcan.2017.10.025,Gut microbiota: What impact on colorectal carcinogenesis and treatment?; [Le microbiote intestinal : quels impacts sur la carcinogenèse et le traitement du cancer colorectal ?],2018,retained,exact DOI not previously seen,0,,,
S_1008,Scopus,10.1016/j.ejphar.2018.06.027,Nutraceuticals in colorectal cancer: A mechanistic approach,2018,retained,exact DOI not previously seen,0,,,
S_1010,Scopus,10.1146/annurev-cancerbio-030419-033604,Biomarkers for Response to Immune Checkpoint Blockade,2020,retained,exact DOI not previously seen,0,,,
S_1012,Scopus,10.1016/j.toxlet.2020.02.010,Differential activation of human pregnane X receptor PXR by isomeric mono-methylated indoles in intestinal and hepatic in vitro models,2020,retained,exact DOI not previously seen,0,,,
S_1016,Scopus,10.1038/s41559-018-0734-9,Collective motion conceals fitness differences in crowded cellular populations,2019,retained,exact DOI not previously seen,0,,,
S_1017,Scopus,10.1007/s00535-016-1271-4,Efficacy and safety of single fecal microbiota transplantation for Japanese patients with mild to moderately active ulcerative colitis,2017,retained,exact DOI not previously seen,0,,,
S_1018,Scopus,10.3389/fmicb.2019.01141,Vancomycin-loaded nanoparticles enhance sporicidal and antibacterial efficacy for clostridium difficile infection,2019,retained,exact DOI not previously seen,0,,,
S_1020,Scopus,10.1097/mib.0000000000000710,Clostridium difficile infection in ulcerative colitis: Can alteration of the gut-associated microbiome contribute to pouch failure?,2016,retained,exact DOI not previously seen,0,,,
S_1021,Scopus,10.23736/s1121-421x.19.02621-7,Evaluation of cytokine levels as putative biomarkers to predict the pharmacological response to biologic therapy in inflammatory bowel diseases,2019,retained,exact DOI not previously seen,0,,,
S_1022,Scopus,,Serendipity in refractory celiac disease: Full recovery of duodenal villi and clinical symptoms after fecal microbiota transfer,2016,retained,no DOI in export; title checked,0,duplicate identified during verification (see note),W_274,1.0
S_1023,Scopus,10.1186/s12969-020-0403-9,Patients with enthesitis related arthritis show similar monocyte function pattern as seen in adult axial spondyloarthropathy,2020,retained,exact DOI not previously seen,0,,,
S_1024,Scopus,10.1177/0300060519854913,Improvement of Good’s syndrome by fecal microbiota transplantation: the first case report,2019,retained,exact DOI not previously seen,0,,,
S_1027,Scopus,10.1007/s00535-018-1512-9,Progress in characterizing the linkage between Fusobacterium nucleatum and gastrointestinal cancer,2019,retained,exact DOI not previously seen,0,,,
S_1028,Scopus,10.1016/j.jmii.2015.12.007,Coexisting cytomegalovirus infection in immunocompetent patients with Clostridium difficile colitis,2016,retained,exact DOI not previously seen,0,,,
S_1029,Scopus,10.2147/ott.s239398,Resistance mechanism of PD-1/PD-L1 blockade in the cancer-immunity cycle,2020,retained,exact DOI not previously seen,0,,,
S_1031,Scopus,10.3390/ijms21113892,Skin mycobiome of psoriasis patients is retained during treatment with TNF and IL-17 inhibitors,2020,retained,exact DOI not previously seen,0,,,
S_1032,Scopus,10.1016/s0140-6736(17)30182-4,Multidonor intensive faecal microbiota transplantation for active ulcerative colitis: a randomised placebo-controlled trial,2017,retained,exact DOI not previously seen,0,,,
S_1033,Scopus,10.1007/s12016-019-08772-7,Clinical Management of Primary Biliary Cholangitis—Strategies and Evolving Trends,2020,retained,exact DOI not previously seen,0,,,
S_1034,Scopus,10.1002/med.21335,Miniaturized Cultivation of Microbiota for Antimalarial Drug Discovery,2016,retained,exact DOI not previously seen,0,,,
S_1036,Scopus,10.1016/j.csbj.2019.03.006,Application of PD-1 Blockade in Cancer Immunotherapy,2019,retained,exact DOI not previously seen,0,,,
S_1037,Scopus,10.1038/s41575-019-0204-0,Translating the gut microbiome: ready for the clinic?,2019,retained,exact DOI not previously seen,0,,,
S_1038,Scopus,10.3389/fphar.2019.00351,Plant-derived alkaloids: The promising disease-modifying agents for inflammatory bowel disease,2019,retained,exact DOI not previously seen,0,,,
S_1042,Scopus,10.1080/19490976.2018.1560753,Bacteroides ovatus ATCC 8483 monotherapy is superior to traditional fecal transplant and multi-strain bacteriotherapy in a murine colitis model,2019,retained,exact DOI not previously seen,0,,,
S_1043,Scopus,10.1038/s41581-019-0111-1,Uraemic syndrome of chronic kidney disease: altered remote sensing and signalling,2019,retained,exact DOI not previously seen,0,,,
S_1044,Scopus,10.1002/hep.30975,Probiotic Lactobacillus rhamnosus GG Prevents Liver Fibrosis Through Inhibiting Hepatic Bile Acid Synthesis and Enhancing Bile Acid Excretion in Mice,2020,retained,exact DOI not previously seen,0,,,
S_1047,Scopus,10.1038/s41573-018-0007-y,"Approaches to treat immune hot, altered and cold tumours with combination immunotherapies",2019,retained,exact DOI not previously seen,0,,,
S_1049,Scopus,10.1177/1756284819832237,Gastrointestinal and liver diseases and atrial fibrillation: a review of the literature,2019,retained,exact DOI not previously seen,0,,,
S_1050,Scopus,10.1371/journal.pone.0203657,Propionate-producing bacteria in the intestine may associate with skewed responses of IL10-producing regulatory T cells in patients with relapsing polychondritis,2018,retained,exact DOI not previously seen,0,,,
S_1051,Scopus,10.1084/jem.20171696,ADAM17 is required for EGF-R-induced intestinal tumors via IL-6 trans-signaling,2018,retained,exact DOI not previously seen,0,,,
S_1052,Scopus,10.3748/wjg.v26.i2.119,Rifaximin improves survival in cirrhotic patients with refractory ascites: A real-world study,2020,retained,exact DOI not previously seen,0,,,
S_1053,Scopus,10.1134/s1990747819020065,Proteins of the ABC Family and Inflammation,2019,retained,exact DOI not previously seen,0,,,
S_1054,Scopus,10.1016/j.molmed.2017.08.003,Precision Oncology: The Road Ahead,2017,retained,exact DOI not previously seen,0,,,
S_1055,Scopus,10.1038/s41375-020-0804-2,Treatment and unmet needs in steroid-refractory acute graft-versus-host disease,2020,retained,exact DOI not previously seen,0,,,
S_1057,Scopus,10.1016/j.ijantimicag.2016.07.011,"Susceptibility of lactic acid bacteria, bifidobacteria and other bacteria of intestinal origin to chemotherapeutic agents",2016,retained,exact DOI not previously seen,0,,,
S_1059,Scopus,10.1080/23723556.2017.1405139,Intratumoral bacteria may elicit chemoresistance by metabolizing anticancer agents,2018,retained,exact DOI not previously seen,0,,,
S_1060,Scopus,10.1007/s40268-019-0263-2,Ulcerative Colitis: Shifting Sands,2019,retained,exact DOI not previously seen,0,,,
S_1061,Scopus,10.1089/mdr.2017.0253,Candida tropicalis isolates from Mexican Republic exhibit high susceptibility to bleomycin and variable susceptibility to hydrogen peroxide,2018,retained,exact DOI not previously seen,0,,,
S_1063,Scopus,10.3390/ijms21114071,Biological factors behind melanoma response to immune checkpoint inhibitors,2020,retained,exact DOI not previously seen,0,,,
S_1066,Scopus,10.1016/j.ebiom.2019.03.066,Gut microbe-derived metabolite trimethylamine N-oxide activates the cardiac autonomic nervous system and facilitates ischemia-induced ventricular arrhythmia via two different pathways,2019,retained,exact DOI not previously seen,0,,,
S_1067,Scopus,10.1111/1758-2229.12814,Arsenic and the gastrointestinal tract microbiome,2020,retained,exact DOI not previously seen,0,,,
S_1068,Scopus,10.1016/j.immuni.2016.06.001,Resistance Mechanisms to Immune-Checkpoint Blockade in Cancer: Tumor-Intrinsic and -Extrinsic Factors,2016,retained,exact DOI not previously seen,0,,,
S_1070,Scopus,10.7150/thno.47289,Targeting gut microbiota for precision medicine: Focusing on the efficacy and toxicity of drugs,2020,retained,exact DOI not previously seen,0,,,
S_1072,Scopus,10.1016/j.patol.2019.04.005,An integral view of cancer (II). Fields of investigation and emerging biomarkers; [Una visión integral del cáncer (II). Campos de estudio y biomarcadores emergentes],2019,retained,exact DOI not previously seen,0,,,
S_1073,Scopus,10.1097/spc.0000000000000202,Toll-like receptors in the pathogenesis of chemotherapy-induced gastrointestinal toxicity,2016,retained,exact DOI not previously seen,0,,,
S_1075,Scopus,10.3389/fimmu.2020.01407,The Protective Effect of Polyphenols for Colorectal Cancer,2020,retained,exact DOI not previously seen,0,,,
S_1078,Scopus,10.1186/s40168-018-0483-7,Pharmacomicrobiomics: exploiting the drug-microbiota interactions in anticancer therapies,2018,retained,exact DOI not previously seen,0,,,
S_1079,Scopus,10.3389/fimmu.2019.02981,The Regulation of Host Intestinal Microbiota by Polyphenols in the Development and Prevention of Chronic Kidney Disease,2020,retained,exact DOI not previously seen,0,,,
S_1080,Scopus,10.1007/s11888-020-00456-1,Immunotherapy in Colorectal Cancer: Potential of Fecal Transplant and Microbiota-Augmented Clinical Trials,2020,retained,exact DOI not previously seen,0,,,
S_1083,Scopus,10.1111/apt.15557,Review article: bacteriophages in gastroenterology—from biology to clinical applications,2020,retained,exact DOI not previously seen,0,,,
S_1084,Scopus,10.1016/j.canlet.2020.03.027,Microbiota-derived SSL6 enhances the sensitivity of hepatocellular carcinoma to sorafenib by down-regulating glycolysis,2020,retained,exact DOI not previously seen,0,,,
S_1085,Scopus,10.1016/j.coph.2019.04.008,The dirty aspects of fecal microbiota transplantation: a review of its adverse effects and complications,2019,retained,exact DOI not previously seen,0,,,
S_1086,Scopus,10.1158/1078-0432.ccr-16-2318,Strategies for increasing pancreatic tumor immunogenicity,2017,retained,exact DOI not previously seen,0,,,
S_1087,Scopus,10.1586/17474124.2016.1142372,Emerging therapeutic targets and strategies in Crohn’s disease,2016,retained,exact DOI not previously seen,0,,,
S_1090,Scopus,10.1159/000456590,The Gut Microbiota and the Hepatologist: Will Our Bugs Prove to be the Missing Link?,2017,retained,exact DOI not previously seen,0,,,
S_1095,Scopus,10.1111/all.14082,Recent developments and highlights in food allergy,2019,retained,exact DOI not previously seen,0,,,
S_1097,Scopus,10.1158/1078-0432.ccr-16-2070,"Pancreatic cancer: """"A riddle wrapped in a mystery inside an enigma""""",2017,retained,exact DOI not previously seen,0,,,
S_1099,Scopus,10.1080/17512433.2016.1200463,Current and novel therapeutic strategies in celiac disease,2016,retained,exact DOI not previously seen,0,,,
S_1101,Scopus,10.3892/ijo.2020.5088,Cutaneous melanoma and the immunotherapy revolution (Review),2020,retained,exact DOI not previously seen,0,,,
S_1104,Scopus,10.3350/cmh.2020.0196,Predictors of steroid non-response and new approaches in severe alcoholic hepatitis,2020,retained,exact DOI not previously seen,0,,,
S_1106,Scopus,10.1080/17474124.2017.1293524,Emerging treatments for primary sclerosing cholangitis,2017,retained,exact DOI not previously seen,0,,,
S_1109,Scopus,10.1007/s12029-019-00317-7,Biofilm Formation and Virulence Determinants of Klebsiella oxytoca Clinical Isolates from Patients with Colorectal Cancer,2020,retained,exact DOI not previously seen,0,,,
S_1110,Scopus,10.3389/fphar.2019.01553,Butyric acid increases the therapeutic effect of EHLJ7 on ulcerative colitis by inhibiting JAK2/STAT3/SOCS1 signaling pathway,2020,retained,exact DOI not previously seen,0,,,
S_1114,Scopus,10.1053/j.gastro.2018.11.071,DNA Mismatch Repair Deficiency and Immune Checkpoint Inhibitors in Gastrointestinal Cancers,2019,retained,exact DOI not previously seen,0,,,
S_1116,Scopus,10.1097/mib.0000000000000793,"Epidemiology, Diagnosis, and Management of Clostridium difficile Infection in Patients with Inflammatory Bowel Disease",2016,retained,exact DOI not previously seen,0,,,
S_1117,Scopus,10.1111/nyas.14300,"Mycobacterium tuberculosis, antimicrobials, immunity, and lung–gut microbiota crosstalk: current updates and emerging advances",2020,retained,exact DOI not previously seen,0,,,
S_1118,Scopus,10.2147/jaa.s208823,Metabolic dysfunction and asthma: Current perspectives,2020,retained,exact DOI not previously seen,0,,,
S_1122,Scopus,10.1038/s41585-020-0359-z,Understanding genomics and the immune environment of penile cancer to improve therapy,2020,retained,exact DOI not previously seen,0,,,
S_1125,Scopus,10.1136/bmj.m736,Autoimmune complications of immunotherapy: pathophysiology and management,2020,retained,exact DOI not previously seen,0,,,
S_1126,Scopus,10.21037/tgh.2019.12.11,Finding the hot spot: Identifying immune sensitive gastrointestinal tumors,2020,retained,exact DOI not previously seen,0,,,
S_1128,Scopus,10.3390/cells8080805,Metabolic plasticity of acute myeloid leukemia,2019,retained,exact DOI not previously seen,0,,,
S_1129,Scopus,10.1080/1040841x.2016.1268568,Chronic lung disease in common variable immune deficiency (CVID): A pathophysiological role for microbial and non-B cell immune factors,2017,retained,exact DOI not previously seen,0,,,
S_1131,Scopus,10.1016/j.anaerobe.2018.11.010,Bezlotoxumab use as adjunctive therapy with the third fecal microbiota transplant in refractory recurrent Clostridium difficile colitis; a case report and concise literature review,2019,retained,exact DOI not previously seen,0,,,
S_1132,Scopus,10.1093/carcin/bgaa082,MUC1-C in chronic inflammation and carcinogenesis; Emergence as a target for cancer treatment,2020,retained,exact DOI not previously seen,0,,,
S_1133,Scopus,10.1080/03602532.2017.1293682,Glucuronidation: driving factors and their impact on glucuronide disposition,2017,retained,exact DOI not previously seen,0,,,
S_1134,Scopus,10.23736/s0026-4784.20.04495-0,Efficacy of food supplement Acidif plus® in the treatment of uncomplicated UTIs in women: A pilot observational study,2020,retained,exact DOI not previously seen,0,,,
S_1135,Scopus,10.1007/s00277-019-03754-3,Ileostomy for steroid-resistant acute graft-versus-host disease of the gastrointestinal tract,2019,retained,exact DOI not previously seen,0,,,
S_1138,Scopus,10.1016/j.humic.2020.100070,Faecal microbiota transplantation in the treatment of Clostridioides difficile infection,2020,retained,exact DOI not previously seen,0,,,
S_1140,Scopus,10.1096/fj.202000042r,The early life microbiota protects neonatal mice from pathological small intestinal epithelial cell shedding,2020,retained,exact DOI not previously seen,0,,,
S_1141,Scopus,10.3727/105221620x15880179864121,Immune Checkpoint Inhibitors in Hepatocellular Cancer: Current Understanding on Mechanisms of Resistance and Biomarkers of Response to Treatment,2020,retained,exact DOI not previously seen,0,,,
S_1145,Scopus,10.1247/csf.17022,Intestinal epithelial cell-specific deletion of α-mannosidase II ameliorates experimental colitis,2018,retained,exact DOI not previously seen,0,,,
S_1147,Scopus,10.20517/cdr.2020.04,Gut microbiota: a new player in regulating immune- And chemo-therapy efficacy,2020,retained,exact DOI not previously seen,0,,,
S_1149,Scopus,10.3389/fmicb.2017.02590,Intestinal and systemic immune responses upon multi-drug resistant Pseudomonas aeruginosa colonization of mice harboring a human gut microbiota,2017,retained,exact DOI not previously seen,0,,,
S_1150,Scopus,10.20517/cdr.2020.11,A review of mechanisms of resistance to immune checkpoint inhibitors and potential strategies for therapy,2020,retained,exact DOI not previously seen,0,,,
S_1151,Scopus,10.1007/s40121-018-0189-y,Comparison of Different Strategies for Providing Fecal Microbiota Transplantation to Treat Patients with Recurrent Clostridium difficile Infection in Two English Hospitals: A Review,2018,retained,exact DOI not previously seen,0,,,
S_1153,Scopus,10.1016/j.molcel.2020.05.031,Rational Cancer Treatment Combinations: An Urgent Clinical Need,2020,retained,exact DOI not previously seen,0,,,
S_1154,Scopus,10.1007/s00535-020-01681-z,Emerging therapies in primary sclerosing cholangitis: pathophysiological basis and clinical opportunities,2020,retained,exact DOI not previously seen,0,,,
S_1156,Scopus,10.12688/f1000research.15159.1,Recent advances and emerging therapies in the non-surgical management of ulcerative colitis,2018,retained,exact DOI not previously seen,0,,,
S_1157,Scopus,10.1182/bloodadvances.2018024968,Fecal microbiota transplantation with frozen capsules for a patient with refractory acute gut graft-versus-host disease,2018,retained,exact DOI not previously seen,0,,,
S_1158,Scopus,10.1097/mnh.0000000000000427,The systems biology of uric acid transporters: The role of remote sensing and signaling,2018,retained,exact DOI not previously seen,0,,,
S_1161,Scopus,,One year in review 2016: Behçet's syndrome,2016,retained,no DOI in export; title checked,0,no DOI; no near-duplicate title found,W_965,0.877
S_1164,Scopus,10.1016/j.bbrc.2019.06.078,Induction of CD8 T cell cytotoxicity by fecal bacteria from healthy individuals and colorectal cancer patients,2019,retained,exact DOI not previously seen,0,,,
S_1167,Scopus,10.1007/s00280-016-3152-1,The effect of cyclophosphamide on the immune system: implications for clinical cancer therapy,2016,retained,exact DOI not previously seen,0,,,
S_1168,Scopus,10.3390/jcm9092785,"Microbiome patterns in matched bile, duodenal, pancreatic tumor tissue, drainage, and stool samples: Association with preoperative stenting and postoperative pancreatic fistula development",2020,retained,exact DOI not previously seen,0,,,
S_1169,Scopus,10.1186/s40168-020-00845-6,Gut microbiota-derived indole 3-propionic acid protects against radiation toxicity via retaining acyl-CoA-binding protein,2020,retained,exact DOI not previously seen,0,,,
S_1170,Scopus,10.1016/j.semcancer.2019.12.021,The tumor organismal environment: Role in tumor development and cancer immunotherapy,2020,retained,exact DOI not previously seen,0,,,
S_1173,Scopus,10.1097/icu.0000000000000310,Ocular manifestations of inflammatory bowel disease,2016,retained,exact DOI not previously seen,0,,,
S_1174,Scopus,10.3748/wjg.v22.i15.3892,New treatment options for alcoholic hepatitis,2016,retained,exact DOI not previously seen,0,,,
S_1176,Scopus,10.1080/17512433.2018.1378095,Microbiota-derived uremic retention solutes: perpetrators of altered nonrenal drug clearance in kidney disease,2018,retained,exact DOI not previously seen,0,,,
S_1177,Scopus,10.3389/fmicb.2020.01450,Gut Microbiota Metabolite Fights Against Dietary Polysorbate 80-Aggravated Radiation Enteritis,2020,retained,exact DOI not previously seen,0,,,
S_1178,Scopus,10.1016/j.smim.2019.101301,Severe asthma phenotypes and endotypes,2019,retained,exact DOI not previously seen,0,,,
S_1182,Scopus,10.3322/caac.21462,Update on infection control practices in cancer hospitals,2018,retained,exact DOI not previously seen,0,,,
S_1184,Scopus,10.15419/bmrat.v7i2.589,Diagnostic and therapeutic value of micro-RNAs in inflammatory bowel disease,2020,retained,exact DOI not previously seen,0,,,
S_1189,Scopus,10.1136/bcr-2019-233095,Management of difficult-to-treat Clostridioides difficile in a patient with chronic osteomyelitis,2020,retained,exact DOI not previously seen,0,,,
S_1191,Scopus,10.1016/j.anaerobe.2016.05.003,Impact of microbial derived secondary bile acids on colonization resistance against Clostridium difficile in the gastrointestinal tract,2016,retained,exact DOI not previously seen,0,,,
S_1192,Scopus,10.2147/ceg.s165047,Management of microscopic colitis: Challenges and solutions,2019,retained,exact DOI not previously seen,0,,,
S_1193,Scopus,10.1038/nrgastro.2016.8,Circadian rhythms of liver physiology and disease: Experimental and clinical evidence,2016,retained,exact DOI not previously seen,0,,,
S_1194,Scopus,10.1111/cts.12722,Emerging Insights on the Interaction Between Anticancer and Immunosuppressant Drugs and Intestinal Microbiota in Pediatric Patients,2020,retained,exact DOI not previously seen,0,,,
S_1196,Scopus,10.2147/pgpm.s109648,Pharmacogenetics in inflammatory bowel disease: Understanding treatment response and personalizing therapeutic strategies,2017,retained,exact DOI not previously seen,0,,,
S_1199,Scopus,10.1136/gutjnl-2017-315068,Gut roundtable meeting paper: Selected recent advances in hepatocellular carcinoma,2018,retained,exact DOI not previously seen,0,,,
S_1201,Scopus,10.1016/j.jhep.2017.04.023,Intrahepatic CD206+ macrophages contribute to inflammation in advanced viral-related liver disease,2017,retained,exact DOI not previously seen,0,,,
S_1202,Scopus,10.1002/cpt.923,Microbiota Replacement Therapies: Innovation in Gastrointestinal Care,2018,retained,exact DOI not previously seen,0,,,
S_1203,Scopus,10.3390/jcm8101534,The evolving landscape of biomarkers for anti-pd-1 or anti-pd-l1 therapy,2019,retained,exact DOI not previously seen,0,,,
S_1205,Scopus,10.1016/j.phrs.2019.104258,Understanding and overcoming the resistance of cancer to PD-1/PD-L1 blockade,2019,retained,exact DOI not previously seen,0,,,
S_1208,Scopus,10.1182/bloodadvances.2019000365,Microbiota modification in hematology: Still at the bench or ready for the bedside?,2019,retained,exact DOI not previously seen,0,,,
S_1211,Scopus,10.1016/j.trecan.2019.12.007,"The Influence of Lung Microbiota on Lung Carcinogenesis, Immunity, and Immunotherapy",2020,retained,exact DOI not previously seen,0,,,
S_1212,Scopus,10.1016/j.cell.2016.01.049,The Basis of Oncoimmunology,2016,retained,exact DOI not previously seen,0,,,
S_1213,Scopus,10.1038/s41551-019-0423-2,Phage-guided modulation of the gut microbiota of mouse models of colorectal cancer augments their responses to chemotherapy,2019,retained,exact DOI not previously seen,0,,,
S_1214,Scopus,10.1016/j.domaniend.2018.05.005,Effects of chronic dexamethasone exposure on bile acid metabolism and cecal epithelia function in goats,2018,retained,exact DOI not previously seen,0,,,
S_1215,Scopus,10.1002/cpt.1818,The Systems Biology of Drug Metabolizing Enzymes and Transporters: Relevance to Quantitative Systems Pharmacology,2020,retained,exact DOI not previously seen,0,,,
S_1216,Scopus,10.1186/s13073-016-0379-8,Looking beyond the cancer cell for effective drug combinations,2016,retained,exact DOI not previously seen,0,,,
S_1219,Scopus,10.1002/bjs.10450,Effect of preoperative biliary drainage on bacterial flora in bile of patients with periampullary cancer,2017,retained,exact DOI not previously seen,0,,,
S_1220,Scopus,10.18773/austprescr.2020.014,"Faecal microbiota transplantation: Indications, evidence and safety",2020,retained,exact DOI not previously seen,0,,,
S_1222,Scopus,10.1007/s00432-017-2464-9,ROS-modulated therapeutic approaches in cancer treatment,2017,retained,exact DOI not previously seen,0,,,
S_1223,Scopus,10.1080/1744666x.2017.1343668,New treatment strategies for ulcerative colitis,2017,retained,exact DOI not previously seen,0,,,
S_1225,Scopus,10.3389/fimmu.2018.02195,Treating steroid refractory intestinal acute graft-vs.-Host disease with fecal microbiota transplantation: A pilot study,2018,retained,exact DOI not previously seen,0,,,
S_1226,Scopus,10.1186/s40425-019-0574-4,Exploring the emerging role of the microbiome in cancer immunotherapy,2019,retained,exact DOI not previously seen,0,,,
S_1227,Scopus,10.1097/mcg.0000000000000410,"The long-term efficacy and safety of fecal microbiota transplant for recurrent, severe, and complicated clostridium difficile infection in 146 elderly individuals",2016,retained,exact DOI not previously seen,0,,,
S_1228,Scopus,10.1097/md.0000000000006479,Fecal microbiota transplantation is a rescue treatment modality for refractory ulcerative colitis,2017,retained,exact DOI not previously seen,0,,,
S_1232,Scopus,10.1146/annurev-cancerbio-030518-055524,Aiding and abetting: How the tumor microenvironment protects cancer from chemotherapy,2019,retained,exact DOI not previously seen,0,,,
S_1233,Scopus,10.1111/apt.13732,HCV eradication does not impact gut dysbiosis or systemic inflammation in cirrhotic patients,2016,retained,exact DOI not previously seen,0,,,
S_1234,Scopus,10.2147/ceg.s53381,Recent insights into the molecular pathogenesis of Crohn’s disease: A review of emerging therapeutic targets,2016,retained,exact DOI not previously seen,0,,,
S_1235,Scopus,10.1590/s0004-2803.202000000-17,Diagnostic and management approach to pouchitis in inflammatory bowel disease; [Abordagem diagnóstica e de manuseio da pouchite em doença inflamatória intestinal],2020,retained,exact DOI not previously seen,0,,,
S_1236,Scopus,10.1007/s10096-020-03858-z,High prevalence of MDR gram-negative bacteria in feces of healthy blood donors in Mexico,2020,retained,exact DOI not previously seen,0,,,
