paper,doi,total_citations,tc_per_year,normalized_tc
"ROUTY B, 2018, SCIENCE",10.1126/science.aan3706,4669,518.8,26.7820267686424
"GALON J, 2019, NAT REV DRUG DISCOV",10.1038/s41573-018-0007-y,2956,369.5,22.8388520971302
"ZHAO H, 2021, SIGNAL TRANSDUCT TARGET THER",10.1038/s41392-021-00658-5,2631,438.5,33.624398340249
"YU TC, 2017, CELL",10.1016/j.cell.2017.07.008,1591,159.1,11.5180034292246
"KOBAYASHI T, 2020, NAT REV DIS PRIMERS",10.1038/s41572-020-0205-x,1565,223.6,21.4427732564129
"DAVAR D, 2021, SCIENCE",10.1126/science.abf3363,1422,237,18.1732780082988
"BARUCH EN, 2021, SCIENCE",10.1126/science.abb5920,1408,234.7,17.994356846473
"YI M, 2022, MOL CANCER",10.1186/s12943-021-01489-2,1251,250.2,21.222833562586
"PARAMSOTHY S, 2017, LANCET",10.1016/S0140-6736(17)30182-4,1211,121.1,8.76700323871214
"PITT J.M., 2016, IMMUNITY",10.1016/j.immuni.2016.06.001,936,85.1,8.63667820069204
"PALUCKA A.K., 2016, CELL",10.1016/j.cell.2016.01.049,752,68.4,6.93886966551326
"CAIO G, 2019, BMC MED",10.1186/s12916-019-1380-z,725,90.6,5.60154525386314
"YI M, 2018, MOL CANCER",10.1186/s12943-018-0864-3,647,71.9,3.7112810707457
"WANG YH, 2018, NAT MED",10.1038/s41591-018-0238-9,625,69.4,3.58508604206501
"WONG CC, 2023, NAT REV CLIN ONCOL",10.1038/s41571-023-00766-x,606,151.5,13.6662371134021
"PINATO DJ, 2019, JAMA ONCOL",10.1001/jamaoncol.2019.2785,528,66,4.0794701986755
"VAN DER JEUGHT K, 2018, WORLD J GASTROENTERO",10.3748/wjg.v24.i34.3834,505,56.1,2.89674952198853
"GAJENDRAN M, 2019, DM-DIS MON",10.1016/j.disamonth.2019.02.004,500,62.5,3.86313465783664
"HUANG JM, 2022, GUT",10.1136/gutjnl-2020-321031,496,99.2,8.41448876662082
"GALLUZZI L, 2018, SCI TRANSL MED",10.1126/scitranslmed.aat7807,484,53.8,2.77629063097514
"WU X, 2019, COMPUT STRUCT BIOTECHNOL J",10.1016/j.csbj.2019.03.006,480,60,3.70860927152318
"AHLMANN M, 2016, CANCER CHEMOTHER PHARMACOL",10.1007/s00280-016-3152-1,471,42.8,4.34602076124567
"ZHENG D.-W., 2019, NAT BIOMED ENG",10.1038/s41551-019-0423-2,445,55.6,3.43818984547461
"ROUTY B, 2023, NAT MED",10.1038/s41591-023-02453-x,443,110.8,9.99033505154639
"PARK EM, 2022, NAT MED",10.1038/s41591-022-01779-2,432,86.4,7.32874828060523
"LOPES J.P., 2022, VIRULENCE",10.1080/21505594.2021.2019950,427,85.4,7.24392480513526
"GAJENDRAN M, 2018, DM-DIS MON",10.1016/j.disamonth.2017.07.001,421,46.8,2.41491395793499
"VESELY MD, 2022, ANNU REV IMMUNOL",10.1146/annurev-immunol-070621-030155,416,83.2,7.05731315910133
"NAKASE H, 2022, AUTOIMMUN REV",10.1016/j.autrev.2021.103017,403,80.6,6.83677212287941
"LIU Y, 2020, HEPATOLOGY",10.1002/hep.30975,371,53,5.08323889976306
"JIANG SS, 2023, CELL HOST MICROBE",10.1016/j.chom.2023.04.010,360,90,8.11855670103093
"YILMAZ B, 2019, NAT MED",10.1038/s41591-018-0308-z,359,44.9,2.77373068432671
"LADD AD, 2024, HEPATOLOGY",10.1097/HEP.0000000000000237,356,118.7,14.2327322218442
"DEROSA L, 2020, EUR UROL",10.1016/j.eururo.2020.04.044,335,47.9,4.58998660760276
"MATSON V, 2021, GASTROENTEROLOGY",10.1053/j.gastro.2020.11.041,325,54.2,4.15352697095436
"TODORIC J, 2016, CANCER PREV RES",10.1158/1940-6207.CAPR-16-0209,325,29.5,2.99884659746251
"ZHU HY, 2022, SIGNAL TRANSDUCT TAR",10.1038/s41392-021-00831-w,323,64.6,5.47959651535993
"CHEN C, 2023, FRONT IMMUNOL",10.3389/fimmu.2023.1133308,315,78.8,7.10373711340206
"ZHANG S, 2019, J EXP CLIN CANC RES",10.1186/s13046-018-0985-y,292,36.5,2.2560706401766
"FESSLER J, 2019, J IMMUNOTHER CANCER",10.1186/s40425-019-0574-4,284,35.5,2.19426048565121
"PANEBIANCO C, 2018, MICROBIOME",10.1186/s40168-018-0483-7,279,31,1.60038240917782
"MIRJI G, 2022, SCI IMMUNOL",10.1126/sciimmunol.abn0704,277,55.4,4.69922054103622
"CHEN DF, 2019, INT J CANCER",10.1002/ijc.32003,275,34.4,2.12472406181015
"RAZA M.H., 2017, J CANCER RES CLIN ONCOL",10.1007/s00432-017-2464-9,274,27.4,1.98361592684321
"CASANOVA A, 2023, FRONT PHYSIOL",10.3389/fphys.2023.1114231,273,68.2,6.15657216494845
"HAKOZAKI T, 2020, CANCER IMMUNOL RES",10.1158/2326-6066.CIR-20-0196,270,38.6,3.69939219120222
"SCHIRMER M, 2018, CELL HOST AND MICROBE",10.1016/j.chom.2018.09.009,256,28.4,1.46845124282983
"MODOUX M, 2021, TRENDS PHARMACOL SCI",10.1016/j.tips.2020.11.006,255,42.5,3.25892116182573
"GISBERT JP, 2020, J CROHNS COLITIS",10.1093/ecco-jcc/jjz195,247,35.3,3.38425878232204
"COLBERT L.E., 2023, CANCER CELL",10.1016/j.ccell.2023.09.012,242,60.5,5.45747422680412
"ZHANG FM, 2018, PROTEIN CELL",10.1007/s13238-018-0541-8,239,26.6,1.37093690248566
"DENK D, 2022, TRENDS CANCER",10.1016/j.trecan.2022.07.002,239,47.8,4.05456212746447
"XIAO H.-W., 2020, MICROBIOME",10.1186/s40168-020-00845-6,235,33.6,3.21984135160194
"YANG QQ, 2023, ADV SCI",10.1002/advs.202207366,233,58.2,5.25451030927835
"OLIVA M, 2019, ANN ONCOL",10.1093/annonc/mdy507,226,28.2,1.74613686534216
"TAHARA Y, 2016, NAT REV GASTROENTEROL HEPATOL",10.1038/nrgastro.2016.8,226,20.5,2.08535178777393
"RAMÍREZ-LABRADA A.G., 2020, TRENDS CANCER",10.1016/j.trecan.2019.12.007,218,31.1,2.9869166580818
"KNIGHT A, 2023, CANCERS",10.3390/cancers15041106,216,54,4.87113402061856
"MESSAOUDENE M, 2022, CANCER DISCOV",10.1158/2159-8290.CD-21-0808,213,42.6,3.61348005502063
"YANG G, 2017, DRUG METAB REV",10.1080/03602532.2017.1293682,212,21.2,1.53476852733854
"FEDERICI S, 2021, CELL MOL IMMUNOL",10.1038/s41423-020-00532-4,204,34,2.60713692946058
"LIU Y, 2022, J ETHNOPHARMACOL",10.1016/j.jep.2022.115084,197,39.4,3.34204493351674
"WANG Y, 2023, SIGNAL TRANSDUCT TARGET THER",10.1038/s41392-023-01720-0,196,49,4.42010309278351
"THEURETZBACHER U, 2019, CELL HOST MICROBE",10.1016/j.chom.2019.06.004,195,24.4,1.50662251655629
"ZHONG WB, 2022, MICROBIOME",10.1186/s40168-022-01289-w,194,38.8,3.29115084823475
"SENGA S.S., 2021, OPEN BIOL",10.1098/rsob.200358,194,32.3,2.47933609958506
"BEDADA TL, 2020, BIOMED PHARMACOTHER",10.1016/j.biopha.2020.110409,193,27.6,2.64438034408159
"GOC J, 2021, CELL",10.1016/j.cell.2021.07.029,191,31.8,2.44099585062241
"KWON SY, 2024, NAT REV CLIN ONCOL",10.1038/s41571-024-00908-9,188,62.7,7.51616195985029
"BOSHUIZEN J, 2020, MOL CELL",10.1016/j.molcel.2020.05.031,186,26.6,2.54847017616153
"YAMAMURA K, 2019, CLIN CANCER RES",10.1158/1078-0432.CCR-19-0318,184,23,1.42163355408389
"XIAO Y.-L., 2024, SIGNAL TRANSDUCT TARGET THER",10.1038/s41392-024-01771-x,183,61,7.31626403538618
"LABORDA-ILLANES A, 2020, CANCERS",10.3390/cancers12092465,183,26.1,2.50736581848151
"TRIPATHI A.K., 2022, BENI-SUEF UNIV J BASIC APPL SCI",10.1186/s43088-022-00196-1,180,36,3.05364511691884
"ELKRIEF A, 2019, ONCOIMMUNOLOGY",10.1080/2162402X.2019.1568812,177,22.1,1.36754966887417
"LEINWAND J, 2020, NAT IMMUNOL",10.1038/s41590-020-0761-y,177,25.3,2.42515710312146
"AMAWI H, 2017, CHIN J CANCER",10.1186/s40880-017-0217-4,175,17.5,1.26690798247285
"KIM Y, 2024, CELL HOST MICROBE",10.1016/j.chom.2024.06.010,174,58,6.9564477713508
"PARK Y.-J., 2018, EXP MOL MED",10.1038/s12276-018-0130-1,173,19.2,0.992351816443595
"AGRAWAL M, 2016, J CLIN GASTROENTEROL",10.1097/MCG.0000000000000410,172,15.6,1.58708189158016
"PARK JS, 2023, NATURE",10.1038/s41586-023-06026-3,171,42.8,3.85631443298969
"NENKOV M, 2021, INT J MOL SCI",10.3390/ijms22126262,171,28.5,2.18539419087137
"ZHANG Y, 2023, BIOMED PHARMACOTHER",10.1016/j.biopha.2023.114295,170,42.5,3.83376288659794
"ALON-MAIMON T, 2022, PERIODONTOL 2000",10.1111/prd.12426,170,34,2.88399816597891
"WANG ZJ, 2023, CANCER LETT",10.1016/j.canlet.2022.216038,169,42.2,3.81121134020619
"BELL HN, 2023, CELL METAB",10.1016/j.cmet.2022.11.013,168,42,3.78865979381443
"YI YX, 2021, CLIN CANCER RES",10.1158/1078-0432.CCR-20-3445,167,27.8,2.13427385892116
"CUI JW, 2024, BIOMED PHARMACOTHER",10.1016/j.biopha.2024.116203,167,55.7,6.67659067710105
"OLSEN I, 2019, J ORAL MICROBIOL",10.1080/20002297.2018.1563410,163,20.4,1.25938189845475
"LACOURSE K.D., 2022, CELL REP",10.1016/j.celrep.2022.111625,160,32,2.71435121503897
"SHERGOLD A.L., 2019, PHARMACOL RES",10.1016/j.phrs.2019.104258,160,20,1.23620309050773
"AFRIN S, 2020, BIOTECHNOL ADV",10.1016/j.biotechadv.2018.11.011,158,22.6,2.1648295044813
"XIONG MH, 2017, P NATL ACAD SCI USA",10.1073/pnas.1710408114,157,15.7,1.13659744713279
"NIGAM S.K., 2019, NAT REV NEPHROL",10.1038/s41581-019-0111-1,157,19.6,1.21302428256071
"KANG XX, 2022, ADV MATER",10.1002/adma.202206765,154,30.8,2.61256304447501
"XU XJ, 2020, FRONT MICROBIOL",10.3389/fmicb.2020.00814,153,21.9,2.09632224168126
"LI Y, 2020, CELL REP",10.1016/j.celrep.2020.01.035,148,21.1,2.02781497888122
"JOHNSON B.A. III, 2017, CLIN CANCER RES",10.1158/1078-0432.CCR-16-2318,147,14.7,1.0642027052772
"LI X, 2022, EBIOMEDICINE",10.1016/j.ebiom.2022.104163,145,29,2.45988078862907
"MEHTA RS, 2023, NAT MED",10.1038/s41591-023-02217-7,144,36,3.24742268041237
"DOHERTY MK, 2018, MBIO",10.1128/mBio.02120-17,143,15.9,0.820267686424474
"GIANNONE G, 2020, INT J MOL SCI",10.3390/ijms21124414,142,20.3,1.94560626352117
"FERRARA R, 2017, CANCER TREAT REV",10.1016/j.ctrv.2017.08.003,141,14.1,1.02076586016384
"SENFT D, 2017, TRENDS MOL MED",10.1016/j.molmed.2017.08.003,141,14.1,1.02076586016384
"CONWAY J.R., 2018, GENOME MED",10.1186/s13073-018-0605-7,139,15.4,0.797323135755258
"NABAVI-RAD A, 2022, GUT MICROBES",10.1080/19490976.2022.2108655,138,27.6,2.34112792297111
"SHAHINI A, 2023, J CELL COMMUN SIGNAL",10.1007/s12079-022-00695-x,136,34,3.06701030927835
"ARNOLD J.W., 2021, MICROBIOME",10.1186/s40168-020-00980-0,136,22.7,1.73809128630705
"HALSEY TM, 2023, SCI TRANSL MED",10.1126/scitranslmed.abq4006,134,33.5,3.02190721649485
"CHAN K.K., 2020, BMJ",10.1136/bmj.m736,133,19,1.8222931904811
"KREITZ J, 2019, CELLS",10.3390/cells8080805,131,16.4,1.0121412803532
"WINSTON J.A., 2016, ANAEROBE",10.1016/j.anaerobe.2016.05.003,131,11.9,1.20876585928489
"HAYASE E, 2021, GENOME MED",10.1186/s13073-021-00923-w,130,21.7,1.66141078838174
"HOU WT, 2022, FRONT IMMUNOL",10.3389/fimmu.2022.1032314,130,26,2.20541036221917
"REMON J, 2020, J THORAC ONCOL",10.1016/j.jtho.2020.03.006,129,18.4,1.76748738024106
"MALARD F, 2020, LEUKEMIA",10.1038/s41375-020-0804-2,129,18.4,1.76748738024106
"WORTELBOER K, 2019, EBIOMEDICINE",10.1016/j.ebiom.2019.05.066,128,16,0.988962472406181
"HU YX, 2022, NAT COMMUN",10.1038/s41467-022-32960-3,127,25.4,2.15451627693718
"LIU Y, 2021, BRIT J CANCER",10.1038/s41416-020-01198-5,124,20.7,1.58473029045643
"HAN XR, 2020, ALLERGY",10.1111/all.14632,123,17.6,1.68527866488101
"WEI J, 2024, MOL CANCER",10.1186/s12943-024-02179-5,121,40.3,4.8375297720313
"POTO R, 2022, FRONT IMMUNOL",10.3389/fimmu.2022.804597,120,24,2.03576341127923
"KATHER JN, 2018, SEMIN CANCER BIOL",10.1016/j.semcancer.2018.02.010,120,13.3,0.688336520076482
"AN J, 2016, J MICROBIOL BIOTECHNOL",10.4014/jmb.1605.05024,120,10.9,1.10726643598616
"FENG W, 2020, THERANOSTICS",10.7150/thno.47289,120,17.1,1.64417430720099
"GERBES A, 2018, GUT",10.1136/gutjnl-2017-315068,120,13.3,0.688336520076482
"LEI WT, 2025, NPJ BIOFILMS MICROBI",10.1038/s41522-025-00786-8,119,59.5,11.8756397134084
"ZHAO WS, 2023, ECLINICALMEDICINE",10.1016/j.eclinm.2023.102315,119,29.8,2.68363402061856
"KROG MC, 2022, HUM REPROD",10.1093/humrep/deac094,119,23.8,2.01879871618524
"SCHNEIDER K.M., 2021, NATURE META",10.1038/s42255-021-00452-1,119,19.8,1.52082987551867
"CHE Q, 2022, FRONT CELL INFECT MICROBIOL",10.3389/fcimb.2022.863779,118,23.6,2.00183402109124
"PANEBIANCO C, 2022, BIOMED PHARMACOTHER",10.1016/j.biopha.2022.113163,116,23.2,1.96790463090326
"PENG J, 2019, FRONT PHARMACOL",10.3389/fphar.2019.00351,116,14.5,0.896247240618102
"BEATTY G.L., 2021, GENES DEV",10.1101/GAD.348523.121,114,19,1.45692946058091
"DAILEY F.E., 2019, CURR OPIN PHARMACOL",10.1016/j.coph.2019.04.008,114,14.2,0.880794701986755
"GAO RY, 2022, GASTROENTEROLOGY",10.1053/j.gastro.2022.06.069,113,22.6,1.91701054562127
"LUM G.R., 2020, NEUROBIOL DIS",10.1016/j.nbd.2019.104576,113,16.1,1.54826413928093
"QI X, 2018, FRONT IMMUNOL",10.3389/fimmu.2018.02195,113,12.6,0.648183556405354
"LI ZJ, 2022, GUT MICROBES",10.1080/19490976.2022.2119055,111,22.2,1.88308115543329
"CHAMBERS LM, 2022, CANCER RES",10.1158/0008-5472.CAN-22-0455,111,22.2,1.88308115543329
"LOU XY, 2021, NANO-MICRO LETT",10.1007/s40820-020-00560-9,110,18.3,1.40580912863071
"ZHANG MW, 2023, EXP HEMATOL ONCOL",10.1186/s40164-023-00442-x,109,27.2,2.45811855670103
"LIANG X, 2022, GUT MICROBES",10.1080/19490976.2022.2134689,109,21.8,1.8491517652453
"SUI H, 2020, CELL COMMUN SIGNAL",10.1186/s12964-020-00596-9,109,15.6,1.4934583290409
"ELMORE LW, 2021, CA-CANCER J CLIN",10.3322/caac.21652,109,18.2,1.39302904564315
"BROWN J, 2022, CURR HYPERTENS REP",10.1007/s11906-022-01181-w,108,21.6,1.83218707015131
"WILLIAMS JB, 2020, NAT COMMUN",10.1038/s41467-020-14290-4,108,15.4,1.47975687648089
"BELL HN, 2024, ANNU REV IMMUNOL",10.1146/annurev-immunol-101819-024752,107,35.7,4.27781558353181
"LIU YL, 2024, NAT MICROBIOL",10.1038/s41564-024-01695-w,107,35.7,4.27781558353181
"SONG H, 2018, CANCER SCI",10.1111/cas.13497,107,11.9,0.61376673040153
"ZIOGAS DC, 2023, CANCER TREAT REV",10.1016/j.ctrv.2022.102499,106,26.5,2.39046391752577
"ZHANG CY, 2023, CANCER LETT",10.1016/j.canlet.2023.216182,104,26,2.34536082474227
"LOPÈS A, 2020, INT J CANCER",10.1002/ijc.32920,103,14.7,1.41124961368085
"NIGAM S.K., 2018, CURR OPIN NEPHROL HYPERTENS",10.1097/MNH.0000000000000427,103,11.4,0.590822179732314
"BATTIPAGLIA G, 2019, HAEMATOLOGICA",10.3324/haematol.2018.198549,102,12.8,0.788079470198676
"WANG S, 2021, FRONT CELL DEV BIOL",10.3389/fcell.2021.710165,102,17,1.30356846473029
"ZHANG Z, 2024, BIOACT MATER",10.1016/j.bioactmat.2023.10.028,102,34,4.07791765906771
"SHUI L, 2020, FRONT IMMUNOL",10.3389/fimmu.2019.02989,101,14.4,1.38384670856083
"DENG XM, 2018, FRONT MICROBIOL",10.3389/fmicb.2018.01607,101,11.2,0.579349904397706
"LI MH, 2020, MOL MED",10.1186/s10020-020-00234-7,101,14.4,1.38384670856083
"HAN ZY, 2024, NAT COMMUN",10.1038/s41467-024-51534-z,100,33.3,3.99795848928207
"SCHEUFELE F, 2017, BR J SURG",10.1002/bjs.10450,99,9.9,0.716707944370356
"NORONA J, 2020, BLOOD",10.1182/blood.2020005957,98,14,1.34274235088081
"DOBOSZ P, 2022, INT J MOL SCI",10.3390/ijms23052847,97,19.4,1.64557542411738
"DING NS, 2020, J CROHNS COLITIS",10.1093/ecco-jcc/jjaa039,97,13.9,1.3290408983208
"EIWEGGER T, 2019, ALLERGY EUR J ALLERGY CLIN IMMUNOL",10.1111/all.14082,97,12.1,0.749448123620309
"HIGASHIYAMA M, 2023, DIGESTION",10.1159/000527422,96,24,2.16494845360825
"ATREYA R, 2018, LANCET GASTROENTEROL HEPATOL",10.1016/S2468-1253(18)30265-6,95,10.6,0.544933078393881
"OWENS JA, 2021, CELL MOL GASTROENTER",10.1016/j.jcmgh.2021.06.001,94,15.7,1.20132780082988
"WANG N, 2024, GUT MICROBES",10.1080/19490976.2024.2333790,94,31.3,3.75808097992514
"ZHENG X, 2021, CANCER RES",10.1158/0008-5472.CAN-21-2273,94,15.7,1.20132780082988
"YAN XB, 2017, ONCOTARGETS THER",10.2147/OTT.S145949,93,9.3,0.673271099257001
"YANG MS, 2024, CELL COMMUN SIGNAL",10.1186/s12964-024-01711-w,92,30.7,3.6781218101395
"SHI LL, 2019, THERANOSTICS",10.7150/thno.35131,91,11.4,0.703090507726269
"MULET-MARGALEF N, 2023, CANCERS",10.3390/cancers15041022,91,22.8,2.05219072164948
"IHEKWEAZU F.D., 2019, GUT MICROBES",10.1080/19490976.2018.1560753,91,11.4,0.703090507726269
"LEONARDI G.C., 2020, INT J ONCOL",10.3892/ijo.2020.5088,91,13,1.24683218296075
"GULAMHUSEIN AF, 2016, AM J GASTROENTEROL",10.1038/ajg.2016.55,90,8.2,0.830449826989619
"WEN J, 2024, ENVIRON SCI TECHNOL",10.1021/acs.est.3c07108,90,30,3.59816264035386
"PEREIRA S.G., 2017, FRONT MICROBIOL",10.3389/fmicb.2017.01791,89,8.9,0.644313202514765
"ZOU YQ, 2024, MED RES REV",10.1002/med.21989,88,29.3,3.51820347056822
"SANTHANAM S, 2016, TRANSL RES",10.1016/j.trsl.2015.07.003,88,8,0.81199538638985
"BOYERO L, 2020, CANCERS",10.3390/cancers12123729,87,12.4,1.19202637272072
"DING S, 2020, FRONT IMMUNOL",10.3389/fimmu.2020.01407,87,12.4,1.19202637272072
"VAZHAPPILLY C.G., 2021, J NUTR BIOCHEM",10.1016/j.jnutbio.2021.108623,86,14.3,1.09908713692946
"HUANG J, 2022, EBIOMEDICINE",10.1016/j.ebiom.2022.104197,86,17.2,1.45896377808345
"SONG B, 2024, CANCER COMMUN",10.1002/cac2.12520,85,28.3,3.39826471588976
"SHIMIZU J, 2018, PLOS ONE",10.1371/journal.pone.0203657,84,9.3,0.481835564053537
"KUFE D.W., 2020, CARCINOGENESIS",10.1093/carcin/bgaa082,84,12,1.15092201504069
"SEVCIKOVA A, 2022, INT J MOL SCI",10.3390/ijms23010488,83,16.6,1.40806969280147
"SU JY, 2018, FRONT MICROBIOL",10.3389/fmicb.2018.03099,83,9.2,0.476099426386233
"HUSSEIN AA, 2021, UROL ONCOL-SEMIN ORI",10.1016/j.urolonc.2020.12.011,83,13.8,1.0607468879668
"SCOTT M.B., 2022, PATHOGENS",10.3390/pathogens11070770,83,16.6,1.40806969280147
"SU M, 2021, CANCERS",10.3390/cancers13112512,83,13.8,1.0607468879668
"LI BW, 2024, FREE RADICAL BIO MED",10.1016/j.freeradbiomed.2024.04.226,82,27.3,3.2783259612113
"MOKHTARI RB, 2023, CANCERS",10.3390/cancers15133468,81,20.2,1.82667525773196
"KAUR CP, 2018, J DIGEST DIS",10.1111/1751-2980.12595,81,9,0.464627151051625
"ORENSTEIN R, 2022, BMC INFECT DIS",10.1186/s12879-022-07256-y,81,16.2,1.37414030261348
"HAJJO R, 2022, DIAGN",10.3390/diagnostics12071742,81,16.2,1.37414030261348
"NISHIDA A, 2017, J GASTROENTEROL",10.1007/s00535-016-1271-4,81,8.1,0.586397409030292
"ONUMA A.E., 2020, GENE EXPR",10.3727/105221620X15880179864121,81,11.6,1.10981765736067
"KATAYAMA Y, 2019, TRANSL LUNG CANCER R",10.21037/tlcr.2019.10.23,80,10,0.618101545253863
"LIU YL, 2023, GENOM PROTEOM BIOINF",10.1016/j.gpb.2022.07.002,80,20,1.80412371134021
"ENCARNAÇAO JC, 2018, J NUTR BIOCHEM",10.1016/j.jnutbio.2018.02.018,80,8.9,0.458891013384321
"ENWEASOR C, 2021, FRONT IMMUNOL",10.3389/fimmu.2021.631092,80,13.3,1.02240663900415
"GELLER L.T., 2018, MOL CELL ONCOL",10.1080/23723556.2017.1405139,80,8.9,0.458891013384321
"WANG B, 2023, CELL BIOSCI",10.1186/s13578-023-01073-9,79,19.8,1.78157216494845
"ROUTY B, 2024, CANCER CELL",10.1016/j.ccell.2023.12.003,79,26.3,3.15838720653283
"ALSHEHRI D, 2021, BOSNIAN J BASIC MED",10.17305/bjbms.2020.5016,79,13.2,1.0096265560166
"SONG X, 2021, SEMIN CANCER BIOL",10.1016/j.semcancer.2021.03.028,79,13.2,1.0096265560166
"ZHANG JW, 2023, GUT MICROBES",10.1080/19490976.2023.2197836,78,19.5,1.7590206185567
"ALVES ND, 2024, GUT MICROBES",10.1080/19490976.2024.2320291,78,26,3.11840762164001
"TEFT W.A., 2017, MOL PHARM",10.1021/acs.molpharmaceut.6b00937,78,7.8,0.564678986473614
"VESTERHUS M, 2020, J GASTROENTEROL",10.1007/s00535-020-01681-z,78,11.1,1.06871329968064
"CYRIAC G, 2018, SEMIN CANCER BIOL",10.1016/j.semcancer.2018.05.006,77,8.6,0.441682600382409
"XU H, 2022, FRONT IMMUNOL",10.3389/fimmu.2022.949490,77,15.4,1.30628152223751
"PAN QQ, 2023, J CONTROL RELEASE",10.1016/j.jconrel.2023.09.014,77,19.2,1.73646907216495
"RASKOV H, 2020, ANN SURG",10.1097/SLA.0000000000003393,77,11,1.05501184712063
"LU H, 2023, ADV DRUG DELIVER REV",10.1016/j.addr.2023.114960,77,19.2,1.73646907216495
"AGACHE I, 2019, SEMIN IMMUNOL",10.1016/j.smim.2019.101301,77,9.6,0.594922737306843
"WALK EE, 2020, ARCH PATHOL LAB MED",10.5858/arpa.2018-0584-CP,76,10.9,1.04131039456063
"MA W, 2024, PROTEIN CELL",10.1093/procel/pwae005,76,25.3,3.03844845185437
"RANJBAR M, 2021, CANCER CELL INT",10.1186/s12935-021-01886-z,74,12.3,0.945726141078838
"GHOSH S, 2022, THERANOSTICS",10.7150/thno.70754,74,14.8,1.25538743695553
"SHEN F, 2023, J NANOBIOTECHNOLOGY",10.1186/s12951-023-01771-z,74,18.5,1.66881443298969
"PRINCIPE D.R., 2021, CANCER LETT",10.1016/j.canlet.2021.01.031,74,12.3,0.945726141078838
"FUJIWARA Y, 2020, CANCER DRUG RES",10.20517/cdr.2020.11,74,10.6,1.01390748944061
"XIONG Y, 2019, NANOMED-NANOTECHNOL",10.1016/j.nano.2019.102034,73,9.1,0.56401766004415
"GREENHALGH K, 2019, CELL REP",10.1016/j.celrep.2019.04.001,73,9.1,0.56401766004415
"ZHAO Y, 2021, FRONT IMMUNOL",10.3389/fimmu.2021.678476,73,12.2,0.932946058091286
"SPREAFICO A, 2023, ANN ONCOL",10.1016/j.annonc.2023.02.011,72,18,1.62371134020619
"CHUNG MW, 2021, WORLD J GASTROENTERO",10.3748/wjg.v27.i42.7340,72,12,0.920165975103734
"PARK D.-H., 2021, INT J MOL SCI",10.3390/ijms22084228,72,12,0.920165975103734
"SHAN J, 2022, FRONT IMMUNOL",10.3389/fimmu.2022.1016646,72,14.4,1.22145804676754
"GONG ZM, 2020, JCO ONCOL PRACT",10.1200/OP.20.00002,71,10.1,0.972803131760585
"BEDOGNETTI D, 2019, J IMMUNOTHER CANCER",10.1186/s40425-019-0602-4,71,8.9,0.548565121412804
"SON MY, 2023, J MICROBIOL BIOTECHN",10.4014/jmb.2301.01031,71,17.8,1.60115979381443
"GAIDA MM, 2016, ONCOTARGET",10.18632/oncotarget.7206,71,6.5,0.655132641291811
"CUI M, 2016, INT J MOL SCI",10.3390/ijms17111786,70,6.4,0.645905420991926
"LI CL, 2021, FRONT PHARMACOL",10.3389/fphar.2021.651813,70,11.7,0.894605809128631
"SCHMIDT S, 2018, J EXP MED",10.1084/jem.20171696,69,7.7,0.395793499043977
"REJESKI K, 2023, TRANSPL CELL THER",10.1016/j.jtct.2023.04.007,68,17,1.53350515463918
"ZHANG FL, 2023, J TRANSL MED",10.1186/s12967-023-04109-3,68,17,1.53350515463918
"MORON R, 2019, NUTRIENTS",10.3390/nu11123002,68,8.5,0.525386313465784
"MA SJ, 2022, FRONT CELL DEV BIOL",10.3389/fcell.2022.896591,67,13.4,1.13663457129757
"LI JQ, 2022, SMALL",10.1002/smll.202200743,67,13.4,1.13663457129757
"WENIGER M, 2021, BJS-BRIT J SURG",10.1002/bjs.12003,67,11.2,0.856265560165975
"ARIZA-HEREDIA E.J., 2018, CA CANCER J CLIN",10.3322/caac.21462,67,7.4,0.384321223709369
"MARTINI DJ, 2022, ONCOLOGIST",10.1093/oncolo/oyac076,66,13.2,1.11966987620358
"LI J, 2025, MOL BIOMED",10.1186/s43556-025-00352-w,66,33,6.58648925281474
"KONEN J.M., 2024, TRENDS PHARMACOL SCI",10.1016/j.tips.2024.04.006,66,22,2.63865260292617
"LIU X, 2021, BIOMARKER RES",10.1186/s40364-021-00314-8,66,11,0.843485477178423
"OSEI SEKYERE J, 2020, ANN NEW YORK ACAD SCI",10.1111/nyas.14300,66,9.4,0.904295868960544
"TAN-GARCIA A, 2017, J HEPATOL",10.1016/j.jhep.2017.04.023,66,6.6,0.477805296246904
"SHIVAJ UN, 2019, THER ADV GASTROENTER",10.1177/1756284819884196,65,8.1,0.502207505518764
"WU XQ, 2025, CELL REP MED",10.1016/j.xcrm.2024.101900,65,32.5,6.48669396110542
"TSVETIKOVA SA, 2020, INT J MED MICROBIOL",10.1016/j.ijmm.2020.151425,65,9.3,0.890594416400536
"BANERJEE S, 2017, SCI REP-UK",10.1038/s41598-017-03466-6,65,6.5,0.470565822061345
"FORKOSH E, 2020, PHARMACOL RES PERSPE",10.1002/prp2.616,65,9.3,0.890594416400536
"DANDEKAR M.P., 2022, ACS CHEM NEUROSCI",10.1021/acschemneuro.2c00143,65,13,1.10270518110958
"BIAGI E, 2019, BMC MED GENOMICS",10.1186/s12920-019-0494-7,64,8,0.494481236203091
"XU WT, 2022, FRONT CELL INFECT MI",10.3389/fcimb.2022.938608,64,12.8,1.08574048601559
"FORTUNA G.G., 2024, BLOOD CANCER J",10.1038/s41408-024-01167-8,64,21.3,2.55869343314052
"MARTINI G, 2022, INT J CANCER",10.1002/ijc.34033,63,12.6,1.0687757909216
"CHYUAN I.-T., 2021, CANCERS",10.3390/cancers13061188,63,10.5,0.805145228215768
"KAITO S, 2018, BLOOD ADV",10.1182/bloodadvances.2018024968,63,7,0.361376673040153
"YU SJ, 2023, PHARMACOL THERAPEUT",10.1016/j.pharmthera.2023.108387,62,15.5,1.39819587628866
"ILLÉS P, 2020, TOXICOL LETT",10.1016/j.toxlet.2020.09.015,62,8.9,0.849490058720511
"DEGRAEVE A.L., 2023, MICROBIOME",10.1186/s40168-023-01578-y,62,15.5,1.39819587628866
"MCDERMOTT T.R., 2020, ENV MICROBIOL REP",10.1111/1758-2229.12814,62,8.9,0.849490058720511
"KHANNA S, 2018, CLIN PHARMACOL THER",10.1002/cpt.923,62,6.9,0.355640535372849
"HAN ZY, 2023, ADV MATER",10.1002/adma.202302551,61,15.2,1.37564432989691
"NÚÑEZ-SÁNCHEZ MA, 2016, FOOD CHEM TOXICOL",10.1016/j.fct.2016.03.011,61,5.5,0.562860438292964
"KIM HJ, 2024, INT J MOL SCI",10.3390/ijms25052984,60,20,2.39877509356924
"LU ZH, 2025, CANCER MED-US",10.1002/cam4.70703,60,30,5.98771750255885
"FU Y, 2024, NATURE META",10.1038/s42255-024-01063-2,60,20,2.39877509356924
"WILSON A.M., 2020, JAMA",10.1001/jama.2020.22960,60,8.6,0.822087153600494
"ROSSI M, 2018, EUR J PHARMACOL",10.1016/j.ejphar.2018.06.027,60,6.7,0.344168260038241
"BRAUMÜLLER H, 2023, CELLS-BASEL",10.3390/cells12010138,59,14.8,1.3305412371134
"KITA A, 2020, INT J ONCOL",10.3892/ijo.2020.5096,59,8.4,0.808385701040486
"AN J, 2021, J MICROBIOL",10.1007/s12275-021-0562-5,58,9.7,0.741244813278008
"ZHENG L, 2022, WORLD J GASTROENTERO",10.3748/wjg.v28.i23.2546,58,11.6,0.983952315451628
"RODRÍGUEZ-GARCÍA A, 2024, CLIN CANCER RES",10.1158/1078-0432.CCR-23-0195,58,19.3,2.3188159237836
"GOMES S, 2023, INT J MOL SCI",10.3390/ijms24065069,58,14.5,1.30798969072165
"SMOLKA AJ, 2017, CURR TOP MICROBIOL",10.1007/978-3-319-50520-6_10,58,5.8,0.419889502762431
"SU J, 2023, FRONT IMMUNOL",10.3389/fimmu.2023.1253064,58,14.5,1.30798969072165
"LI R, 2023, MOL ORAL MICROBIOL",10.1111/omi.12403,58,14.5,1.30798969072165
"UYGUN A, 2017, MEDICINE",10.1097/MD.0000000000006479,58,5.8,0.419889502762431
"LI LL, 2020, MEDICINE",10.1097/MD.0000000000021788,57,8.1,0.78098279592047
"RANDRIAN V, 2021, CANCERS",10.3390/cancers13123063,57,9.5,0.728464730290456
"ZHAO RA, 2024, ADV COLLOID INTERFAC",10.1016/j.cis.2024.103270,57,19,2.27883633889078
"RADEMACHER J, 2020, THER ADV MUSCULOSKEL",10.1177/1759720X20951733,57,8.1,0.78098279592047
"MENG G, 2019, EBIOMEDICINE",10.1016/j.ebiom.2019.03.066,57,7.1,0.440397350993378
"AYDIN A.M., 2020, NAT REV UROL",10.1038/s41585-020-0359-z,57,8.1,0.78098279592047
"BAJAJ J.S., 2016, ALIMENT PHARMACOL THER",10.1111/apt.13732,57,5.2,0.525951557093426
"KAWAKAMI Y, 2020, INT J CLIN ONCOL",10.1007/s10147-019-01611-x,56,8,0.767281343360461
"WANG HY, 2025, J EXP CLIN CANC RES",10.1186/s13046-025-03519-z,56,28,5.5885363357216
"KONG FL, 2022, ADV SCI",10.1002/advs.202105523,56,11.2,0.950022925263641
"CHEN LF, 2023, J CONTROL RELEASE",10.1016/j.jconrel.2023.09.028,56,14,1.26288659793814
"CHEN L, 2024, MOL CANCER",10.1186/s12943-024-02137-1,56,18.7,2.23885675399796
"ABD EL-GHANY W.A., 2020, OPEN VET J",10.4314/ovj.v10i3.11,56,8,0.767281343360461
"VERDUGO-MEZA A, 2020, NUTRIENTS",10.3390/nu12051434,56,8,0.767281343360461
"FRISONE D, 2022, FRONT ONCOL",10.3389/fonc.2022.817548,55,11,0.933058230169647
"ZHANG X, 2020, J CANCER",10.7150/jca.37445,55,7.9,0.753579890800453
"YU JY, 2023, ADV SCI",10.1002/advs.202206957,55,13.8,1.24033505154639
"WANG C, 2024, MICROBIOL RES",10.1016/j.micres.2024.127660,55,18.3,2.19887716910514
"LI M, 2022, THER ADV MED ONCOL",10.1177/17588359221077972,55,11,0.933058230169647
"HAN ZH, 2023, CLIN TRANSL MED",10.1002/ctm2.1312,54,13.5,1.21778350515464
"CIERNIKOVA S, 2023, BBA-REV CANCER",10.1016/j.bbcan.2023.188990,54,13.5,1.21778350515464
"YU Z, 2024, PHARMACOL RES",10.1016/j.phrs.2023.107033,54,18,2.15889758421232
"CABRERA-MULERO A, 2019, REV ENDOCR METAB DIS",10.1007/s11154-019-09518-8,54,6.8,0.417218543046358
"FENG TJ, 2025, MOL CANCER",10.1186/s12943-025-02419-2,54,27,5.38894575230297
"CARIO E, 2016, CURR OPIN SUPPORT PALLIAT CARE",10.1097/SPC.0000000000000202,54,4.9,0.498269896193772
"YAN XY, 2018, FRONT PHARMACOL",10.3389/fphar.2018.01050,53,5.9,0.304015296367113
"PEI B, 2024, CANCER IMMUNOL IMMUN",10.1007/s00262-024-03665-x,53,17.7,2.1189179993195
"DING X, 2025, CELL HOST MICROBE",10.1016/j.chom.2025.05.004,53,26.5,5.28915046059365
"TUYAERTS S, 2019, BMC CANCER",10.1186/s12885-019-5676-3,53,6.6,0.409492273730684
"WANG Y, 2021, MOL CANCER",10.1186/s12943-021-01461-0,53,8.8,0.677344398340249
"OH B, 2021, CANCERS",10.3390/cancers13194824,52,8.7,0.664564315352697
"ZHOU ZK, 2024, MOL CANCER",10.1186/s12943-024-02047-2,52,17.3,2.07893841442668
"DUVIVIER L, 2024, TRENDS CANCER",10.1016/j.trecan.2023.09.013,52,17.3,2.07893841442668
"INAMURA K, 2020, SEMIN CANCER BIOL",10.1016/j.semcancer.2019.12.026,52,7.4,0.712475533120429
"DIORI KARIDIO I, 2021, J EGYPT NATL CANCER INST",10.1186/s43046-021-00088-y,52,8.7,0.664564315352697
"VAN BEURDEN Y.H., 2016, J GASTROINTEST LIVER DIS",NA,52,4.7,0.479815455594002
"PEIFFER LB, 2022, NEOPLASIA",10.1016/j.neo.2022.100822,51,10.2,0.865199449793673
"ADAMS SM, 2022, AM FAM PHYSICIAN",NA,51,10.2,0.865199449793673
"STORKUS WJ, 2021, J IMMUNOTHER CANCER",10.1136/jitc-2021-003675,51,8.5,0.651784232365145
"SARTOR RB, 2016, ALIMENT PHARM THER",10.1111/apt.13436,51,4.6,0.470588235294118
"MCDANIEL MS, 2020, INFECT IMMUN",10.1128/IAI.00855-19,51,7.3,0.69877408056042
"KIM HS, 2023, FRONT CELL INFECT MI",10.3389/fcimb.2023.1101291,50,12.5,1.12757731958763
"KHOMIAK A, 2020, CANCERS",10.3390/cancers12113234,50,7.1,0.685072628000412
"ZHANG H.-M., 2022, INT J MOL SCI",10.3390/ijms23158494,50,10,0.848234754699679
"ZHAO X, 2023, PHARMACOL RES",10.1016/j.phrs.2023.106916,50,12.5,1.12757731958763
"FLAMMER J, 2023, DRUGS",10.1007/s40265-022-01826-9,50,12.5,1.12757731958763
"FUKUDA T, 2019, INTEST RES",10.5217/ir.2018.00126,50,6.2,0.386313465783664
"OLIVA M, 2021, INT J MOL SCI",10.3390/ijms22031446,49,8.2,0.626224066390041
"CAPULA M, 2022, DRUG RESIST UPDATE",10.1016/j.drup.2022.100864,49,9.8,0.831270059605685
"CAO P, 2020, FRONT PHARMACOL",10.3389/fphar.2020.00106,49,7,0.671371175440404
"JALA VR, 2017, SEMIN IMMUNOL",10.1016/j.smim.2017.09.005,49,4.9,0.354734235092399
"KASATPIBAL N, 2017, CLIN INFECT DIS",10.1093/cid/cix114,49,4.9,0.354734235092399
"ZUBAIR H, 2022, SEMIN CANCER BIOL",10.1016/j.semcancer.2020.05.009,49,9.8,0.831270059605685
"KOTZE P.G., 2022, LANCET GASTROENTEROL HEPATOL",10.1016/S2468-1253(22)00001-2,49,9.8,0.831270059605685
"BAO N, 2020, FRONT IMMUNOL",10.3389/fimmu.2019.02981,49,7,0.671371175440404
"RAO K, 2016, INFLAMMATORY BOWEL DIS",10.1097/MIB.0000000000000793,49,4.5,0.452133794694348
"STANGE E.F., 2018, F1000 RES",10.12688/f1000research.15159.1,49,5.4,0.281070745697897
"ZHOU H, 2023, J IMMUNOTHER CANCER",10.1136/jitc-2023-007840,48,12,1.08247422680412
"VISWANATHAN S, 2023, PATHOGENS",10.3390/pathogens12030468,48,12,1.08247422680412
"CRUZ MS, 2024, GUT MICROBES",10.1080/19490976.2024.2320280,48,16,1.91902007485539
"ROBERTSON BM, 2024, NAT CANCER",10.1038/s43018-024-00794-1,48,16,1.91902007485539
"RUIZ-BAÑOBRE J, 2019, GASTROENTEROLOGY",10.1053/j.gastro.2018.11.071,48,6,0.370860927152318
"AGUIAR H.P.L., 2020, J ASTHMA ALLERG",10.2147/JAA.S208823,48,6.9,0.657669722880395
"PANÉS J, 2017, EXPERT REV CLIN IMMUNOL",10.1080/1744666X.2017.1343668,48,4.8,0.347494760906839
"CHEN EE, 2025, CRIT REV ONCOL HEMAT",10.1016/j.critrevonc.2025.104775,47,23.5,4.69037871033777
"VRYZA P, 2023, TRANSL ONCOL",10.1016/j.tranon.2023.101788,47,11.8,1.05992268041237
"LE NOCI V, 2021, FRONT CELL DEV BIOL",10.3389/fcell.2021.732192,47,7.8,0.600663900414938
"GAO F, 2022, FRONT IMMUNOL",10.3389/fimmu.2022.1051987,47,9.4,0.797340669417698
"GOUBET AG, 2021, CELL DEATH DIFFER",10.1038/s41418-021-00753-8,47,7.8,0.600663900414938
"ZHANG YY, 2024, FRONT ENDOCRINOL",10.3389/fendo.2024.1396022,47,15.7,1.87904048996257
"FUJITA D, 2016, DRUG METAB DISPOS",10.1124/dmd.115.066712,47,4.3,0.433679354094579
"LONG J, 2021, FRONT IMMUNOL",10.3389/fimmu.2021.635484,47,7.8,0.600663900414938
"THORNTON J, 2022, FRONT ONCOL",10.3389/fonc.2022.880876,47,9.4,0.797340669417698
"NIGAM S.K., 2023, ANNU REV PHARMACOL TOXICOL",10.1146/annurev-pharmtox-030322-084058,47,11.8,1.05992268041237
"GOLDENBERG S.D., 2018, INFECT DIS THER",10.1007/s40121-018-0189-y,47,5.2,0.269598470363289
"TUNGER A, 2019, J CLIN MED",10.3390/jcm8101534,47,5.9,0.363134657836645
"YOUSEFI Y, 2024, CELL REP MED",10.1016/j.xcrm.2024.101487,46,15.3,1.83906090506975
"HUANG JM, 2020, CURR OPIN PHARMACOL",10.1016/j.coph.2020.06.004,46,6.6,0.630266817760379
"DADGAR-ZANKBAR L, 2024, CELL COMMUN SIGNAL",10.1186/s12964-024-01909-y,46,15.3,1.83906090506975
"GUAN XW, 2020, FRONT ONCOL",10.3389/fonc.2020.00902,46,6.6,0.630266817760379
"QU JX, 2021, INT J BIOL SCI",10.7150/ijbs.59262,46,7.7,0.587883817427386
"LI HB, 2023, EUR J MED CHEM",10.1016/j.ejmech.2022.114915,46,11.5,1.03737113402062
"LE FY, 2021, FRONT ONCOL",10.3389/fonc.2021.704001,46,7.7,0.587883817427386
"BRUNO DS, 2020, ANN TRANSL MED",10.21037/atm.2019.09.26,46,6.6,0.630266817760379
"PAVELESCU L.A., 2024, INT J MOL SCI",10.3390/ijms25179659,46,15.3,1.83906090506975
"TANG X, 2020, FRONT PHARMACOL",10.3389/fphar.2019.01553,46,6.6,0.630266817760379
"HEREGGER R, 2023, CANCERS",10.3390/cancers15205090,45,11.2,1.01481958762887
"KAWASHIMA S, 2023, EXP DERMATOL",10.1111/exd.14716,45,11.2,1.01481958762887
"CHENG SY, 2024, CELL REP MED",10.1016/j.xcrm.2023.101355,45,15,1.79908132017693
"CUI DX, 2025, CHIN MED-UK",10.1186/s13020-025-01124-y,45,22.5,4.49078812691914
"CLARK C, 2019, PATHOGENS",10.3390/pathogens8020045,45,5.6,0.347682119205298
"LI WP, 2025, J EXTRACELL VESICLES",10.1002/jev2.70070,45,22.5,4.49078812691914
"BARTENEVA NS, 2017, BBA-REV CANCER",10.1016/j.bbcan.2017.06.005,45,4.5,0.325776338350162
"CHU H, 2023, FRONT IMMUNOL",10.3389/fimmu.2023.1114321,45,11.2,1.01481958762887
"LEYSTRA A.A., 2019, GENES",10.3390/genes10110900,45,5.6,0.347682119205298
"ZHUANG Y, 2020, ONCOTARGETS THER",10.2147/OTT.S239398,45,6.4,0.616565365200371
"LYNCH S.V., 2019, NAT REV GASTROENTEROL HEPATOL",10.1038/s41575-019-0204-0,45,5.6,0.347682119205298
"KOUSTAS E, 2020, BIOMOLECULES",10.3390/biom10050666,44,6.3,0.602863912640363
"DOUGAN M, 2020, SUPPORT CARE CANCER",10.1007/s00520-020-05707-3,44,6.3,0.602863912640363
"HOU XY, 2023, J TRANSL MED",10.1186/s12967-023-04042-5,44,11,0.992268041237113
"CHOY ATF, 2018, EXPERT REV MOL DIAGN",10.1080/14737159.2018.1544495,44,4.9,0.252390057361377
"LI FZ, 2023, J EXP CLIN CANC RES",10.1186/s13046-023-02787-x,44,11,0.992268041237113
"CHEN LF, 2024, CHEM-US",10.1016/j.chempr.2024.01.030,44,14.7,1.75910173528411
"MARIE PK, 2021, CLIN CANCER RES",10.1158/1078-0432.CCR-21-0163,44,7.3,0.562323651452282
"ZHANG S, 2025, MOL BIOMED",10.1186/s43556-025-00248-9,44,22,4.39099283520983
"RAOUL J.L., 2023, ESMO OPEN",10.1016/j.esmoop.2023.100880,44,11,0.992268041237113
"HOCKNEY S, 2023, BIOCHEM PHARMACOL",10.1016/j.bcp.2023.115586,44,11,0.992268041237113
"BASHASH D, 2022, J CELL PHYSIOL",10.1002/jcp.30575,44,8.8,0.746446584135718
"HAMAMAH S, 2022, FRONT MED-LAUSANNE",10.3389/fmed.2022.1060581,43,8.6,0.729481889041724
"BOESCH M, 2021, BRIT J CANCER",10.1038/s41416-021-01365-2,43,7.2,0.54954356846473
"LEI J, 2025, ADV SCI",10.1002/advs.202413128,43,21.5,4.29119754350051
"CHAN KI, 2024, AGING DIS",10.14336/AD.2023.0520,43,14.3,1.71912215039129
"KOUROUMALIS E, 2023, BIOMEDICINES",10.3390/biomedicines11041166,43,10.8,0.969716494845361
"SHERRIER M, 2019, AM J CLIN NUTR",10.1093/ajcn/nqz145,43,5.4,0.332229580573951
"ABOAID H, 2025, FRONT IMMUNOL",10.3389/fimmu.2025.1596583,43,21.5,4.29119754350051
"GUO X, 2024, SIGNAL TRANSDUCT TARGET THER",10.1038/s41392-024-01895-0,43,14.3,1.71912215039129
"NIBBERING B, 2021, FRONT MICROBIOL",10.3389/fmicb.2021.804949,43,7.2,0.54954356846473
"HUANG YQ, 2019, ANTIMICROB AGENTS CH",10.1128/AAC.00004-19,42,5.2,0.324503311258278
"KOOP AC, 2020, HEPATOL COMMUN",10.1002/hep4.1566,42,6,0.575461007520346
"LI XH, 2023, ACS APPL MATER INTER",10.1021/acsami.3c01210,42,10.5,0.947164948453608
"VAN DER MERWE M, 2021, IMMUNOL LETT",10.1016/j.imlet.2021.02.007,42,7,0.536763485477178
"CASCETTA P, 2018, INT J MOL SCI",10.3390/ijms19113331,42,4.7,0.240917782026769
"LI XH, 2024, ACTA BIOMATER",10.1016/j.actbio.2023.11.019,42,14,1.67914256549847
"FULOP DJ, 2023, JAMA NETW OPEN",10.1001/jamanetworkopen.2023.4254,42,10.5,0.947164948453608
"SATTI S, 2023, NEUROCHEM INT",10.1016/j.neuint.2023.105483,42,10.5,0.947164948453608
"LI L, 2023, BIOMED PHARMACOTHER",10.1016/j.biopha.2023.114660,42,10.5,0.947164948453608
"KOCKERLING D, 2019, WORLD J GASTROENTEROL",10.3748/wjg.v25.i8.888,42,5.2,0.324503311258278
"SADOWSKA-KLASA A, 2018, ANN HEMATOL",10.1007/s00277-017-3205-5,42,4.7,0.240917782026769
"LIU Y, 2019, J GASTROENTEROL",10.1007/s00535-018-1512-9,42,5.2,0.324503311258278
"LV X.-Y., 2020, WORLD J GASTROENTEROL",10.3748/wjg.v26.i2.119,42,6,0.575461007520346
"ROTHER C, 2024, FRONT ONCOL",10.3389/fonc.2024.1489977,41,13.7,1.63916298060565
"ZHANG FY, 2021, CANCERS",10.3390/cancers13112514,41,6.8,0.523983402489627
"BISANZ JE, 2018, DRUG METAB DISPOS",10.1124/dmd.118.083402,41,4.6,0.235181644359465
"SHI Y, 2016, COLORECTAL DIS",10.1111/codi.13314,41,3.7,0.378316032295271
"CARR D.F., 2021, BR J CLIN PHARMACOL",10.1111/bcp.14407,41,6.8,0.523983402489627
"SABINO J, 2020, ALIMENT PHARMACOL THER",10.1111/apt.15557,41,5.9,0.561759554960338
"KIOUSI DE, 2023, CANCERS",10.3390/cancers15072101,40,10,0.902061855670103
"ABID MB, 2019, EXP HEMATOL ONCOL",10.1186/s40164-019-0155-8,40,5,0.309050772626932
"HEKMATSHOAR Y, 2019, LIFE SCI",10.1016/j.lfs.2019.116680,40,5,0.309050772626932
"FU Y, 2024, ACTA PHARM SIN B",10.1016/j.apsb.2023.11.018,40,13.3,1.59918339571283
"MIAO H, 2025, DRUG DES DEV THER",10.2147/DDDT.S557114,40,20,3.99181166837257
"CHEN JL, 2022, SCI ADV",10.1126/sciadv.add2789,40,8,0.678587803759743
"FOOLADI S, 2023, J MATER CHEM B",10.1039/d3tb01805a,40,10,0.902061855670103
"KIM K.-U., 2021, ARCH PHARMACAL RES",10.1007/s12272-021-01318-6,40,6.7,0.511203319502075
"SATLIN M.J., 2023, ANTIMICROB AGENTS CHEMOTHER",10.1128/AAC.00194-23,40,10,0.902061855670103
"JIN S, 2023, INT J CANCER",10.1002/ijc.34372,40,10,0.902061855670103
"LIU Y, 2023, CURR CANCER DRUG TARGETS",10.2174/1568009623666230418121130,40,10,0.902061855670103
"NIGAM S.K., 2020, CLIN PHARMACOL THER",10.1002/cpt.1818,40,5.7,0.54805810240033
"PUCCINI A, 2020, J IMMUNOTHER CANCER",10.1136/jitc-2019-000404,39,5.6,0.534356649840321
"SHAIKH FY, 2021, CLIN CANCER RES",10.1158/1078-0432.CCR-20-4834,39,6.5,0.498423236514523
"RECK M, 2025, NAT REV CLIN ONCOL",10.1038/s41571-025-01061-7,39,19.5,3.89201637666325
"SCHWARTZ DJ, 2019, CRIT REV CL LAB SCI",10.1080/10408363.2019.1660303,39,4.9,0.301324503311258
"ELKRIEF A, 2024, CANCER IMMUNOL RES",10.1158/2326-6066.CIR-23-0498,39,13,1.55920381082001
"VAN BEURDEN YH, 2016, J GASTROINTEST LIVER",10.15403/jgld.2014.1121.253.cel,39,3.5,0.359861591695502
"WANG ZJ, 2022, FRONT PHARMACOL",10.3389/fphar.2022.1025860,39,7.8,0.66162310866575
"MANZOOR S, 2022, FRONT ONCOL",10.3389/fonc.2022.924290,39,7.8,0.66162310866575
"ZHU XQ, 2021, NPJ PRECIS ONCOL",10.1038/s41698-021-00142-x,39,6.5,0.498423236514523
"ALIZADEH S, 2020, IRAN J BASIC MED SCI",10.22038/ijbms.2020.43016.10115,39,5.6,0.534356649840321
"SINGH A, 2023, INFLAMM BOWEL DIS",10.1093/ibd/izad195,39,9.8,0.87951030927835
"LI JW, 2023, AM J CHINESE MED",10.1142/S0192415X23500416,39,9.8,0.87951030927835
"WANDMACHER AM, 2021, CANCERS",10.3390/cancers13194932,39,6.5,0.498423236514523
"GAN M, 2024, MOL CANCER",10.1186/s12943-024-02193-7,39,13,1.55920381082001
"GUO S, 2024, CELL REP MED",10.1016/j.xcrm.2024.101753,39,13,1.55920381082001
"GANESAN S, 2020, ANNU REV CANCER BIOL",10.1146/annurev-cancerbio-030419-033604,39,5.6,0.534356649840321
"KAYSER J, 2019, NAT ECOL EVOL",10.1038/s41559-018-0734-9,39,4.9,0.301324503311258
"OLBRYT M, 2020, INT J MOL SCI",10.3390/ijms21114071,39,5.6,0.534356649840321
"BORAZANCI E, 2017, CLIN CANCER RES",10.1158/1078-0432.CCR-16-2070,39,3.9,0.282339493236807
"YAN JX, 2024, FRONT IMMUNOL",10.3389/fimmu.2024.1471273,38,12.7,1.51922422592719
"FANG XC, 2024, MOL THER",10.1016/j.ymthe.2024.02.021,38,12.7,1.51922422592719
"KIM HJ, 2022, J MICROBIOL",10.1007/s12275-022-1533-1,38,7.6,0.644658413571756
"ZHU YH, 2024, CELL METAB",10.1016/j.cmet.2023.11.019,38,12.7,1.51922422592719
"WANG ZW, 2025, CELL DEATH DIS",10.1038/s41419-025-07454-x,38,19,3.79222108495394
"JAYACHANDRAN P, 2023, ONCOGENE",10.1038/s41388-022-02584-4,38,9.5,0.856958762886598
"KIM J.-K., 2021, BIOMED PHARMACOTHER",10.1016/j.biopha.2021.111712,38,6.3,0.485643153526971
"KANG Y.-B., 2021, WORLD J GASTROENTEROL",10.3748/wjg.v27.i32.5362,38,6.3,0.485643153526971
"DIETERICH L.C., 2020, SEMIN CANCER BIOL",10.1016/j.semcancer.2019.12.021,38,5.4,0.520655197280313
"GANDINI A, 2023, FRONT ONCOL",10.3389/fonc.2023.1161048,37,9.2,0.834407216494845
"GUO CL, 2023, CELL BIOSCI",10.1186/s13578-023-01135-y,37,9.2,0.834407216494845
"TIRENDI S, 2023, FRONT ONCOL",10.3389/fonc.2023.1208140,37,9.2,0.834407216494845
"LIAO Q, 2025, J CLIN INVEST",10.1172/JCI181243,37,18.5,3.69242579324463
"WAHIDA A, 2021, SCI IMMUNOL",10.1126/sciimmunol.abf7235,37,6.2,0.472863070539419
"SHIN B, 2018, FRONT VET SCI",10.3389/fvets.2018.00166,37,4.1,0.212237093690249
"CHEN H, 2025, MEDCOMM",10.1002/mco2.70412,37,18.5,3.69242579324463
"VEHRESCHILD M.J.G.T., 2022, J ANTIMICROB CHEMOTHER",10.1093/jac/dkab474,37,7.4,0.627693718477763
"FLÓREZ A.B., 2016, INT J ANTIMICROB AGENTS",10.1016/j.ijantimicag.2016.07.011,37,3.4,0.341407151095732
"PROKOPIENKO A.J., 2018, EXPERT REV CLIN PHARMACOL",10.1080/17512433.2018.1378095,37,4.1,0.212237093690249
"GARAJOVÁ I, 2021, EXPERT REV ANTICANC",10.1080/14737140.2021.1844007,36,6,0.460082987551867
"KESH K, 2020, MICROB CELL FACT",10.1186/s12934-020-01330-3,36,5.1,0.493252292160297
"BARTOLINI I, 2020, WORLD J GASTROENTERO",10.3748/wjg.v26.i20.2498,36,5.1,0.493252292160297
"MUDD AM, 2020, CANCER PREV RES",10.1158/1940-6207.CAPR-19-0362,36,5.1,0.493252292160297
"SINGH A, 2018, TRENDS CANCER",10.1016/j.trecan.2018.01.008,36,4,0.206500956022945
"DALMASSO G, 2024, GUT MICROBES",10.1080/19490976.2024.2310215,36,12,1.43926505614154
"DE CHAMBRUN GP, 2018, EUR J GASTROEN HEPAT",10.1097/MEG.0000000000001223,36,4,0.206500956022945
"TONG J, 2025, EXP HEMATOL ONCOL",10.1186/s40164-025-00636-5,36,18,3.59263050153531
"WAY G.W., 2022, CELLS",10.3390/cells11081374,36,7.2,0.610729023383769
"CHIFIRIUC M.C., 2022, FRONT MICROBIOL",10.3389/fmicb.2022.960693,36,7.2,0.610729023383769
"GOESER F, 2021, EUR J HAEMATOL",10.1111/ejh.13642,36,6,0.460082987551867
"GAO L, 2020, CLIN REV ALLERGY IMMUNOL",10.1007/s12016-019-08772-7,36,5.1,0.493252292160297
"DURAN NE, 2016, THER ADV GASTROENTER",10.1177/1756283X16642190,35,3.2,0.322952710495963
"BECKER HEF, 2023, FRONT MICROBIOL",10.3389/fmicb.2023.1107976,35,8.8,0.78930412371134
"THODA C, 2023, MICROORGANISMS",10.3390/microorganisms11081898,35,8.8,0.78930412371134
"ZHANG YW, 2022, MOLECULES",10.3390/molecules27248810,35,7,0.593764328289775
"WANG JX, 2024, ANTIOXIDANTS-BASEL",10.3390/antiox13121544,35,11.7,1.39928547124872
"DONG MM, 2025, CANCER CELL INT",10.1186/s12935-025-03944-2,35,17.5,3.492835209826
"KARTHIKA C, 2021, EXP GERONTOL",10.1016/j.exger.2021.111438,35,5.8,0.447302904564315
"YUAN H, 2025, MEDCOMM",10.1002/mco2.70121,35,17.5,3.492835209826
"LIU X, 2021, GASTROENTEROL RES PRACT",10.1155/2021/6612970,35,5.8,0.447302904564315
"SZCZEPANIAK A, 2020, CURR TREAT OPTIONS ONCOL",10.1007/s11864-019-0699-1,35,5,0.479550839600288
"HATEMI G, 2016, CLIN EXP RHEUMATOL-a",NA,35,3.2,0.322952710495963
"THOMAS A.S., 2016, CURR OPIN OPHTHALMOL",10.1097/ICU.0000000000000310,35,3.2,0.322952710495963
"LIN AQ, 2025, BMC MED",10.1186/s12916-025-04183-y,34,17,3.39303991811668
"HAMID MA, 2025, NPJ PRECIS ONCOL",10.1038/s41698-025-00892-y,34,17,3.39303991811668
"ZHANG T, 2016, PLOS ONE",10.1371/journal.pone.0158227,34,3.1,0.313725490196078
"GUAN Y, 2024, J NEUROINFLAMM",10.1186/s12974-024-03123-6,34,11.3,1.3593058863559
"DE CASTILHOS J, 2024, GUT MICROBES",10.1080/19490976.2024.2374596,34,11.3,1.3593058863559
"SCHUBERT ML, 2021, FRONT IMMUNOL",10.3389/fimmu.2021.670286,33,5.5,0.421742738589212
"MARTÍNEZ-HERRERO S, 2022, BIOMOLECULES",10.3390/biom12020156,33,6.6,0.559834938101788
"VU SH, 2022, INT J MOL SCI",10.3390/ijms231810906,33,6.6,0.559834938101788
"CHEN Q, 2023, NANO TODAY",10.1016/j.nantod.2023.101994,33,8.2,0.744201030927835
"NALLURI H, 2021, BMC MICROBIOL",10.1186/s12866-021-02339-3,33,5.5,0.421742738589212
"FILIPSKA M, 2021, MOL ONCOL",10.1002/1878-0261.12983,33,5.5,0.421742738589212
"GOMILA A, 2018, BMC INFECT DIS",10.1186/s12879-018-3413-1,33,3.7,0.189292543021032
"RAHIMI A, 2025, BIOMED PHARMACOTHER",10.1016/j.biopha.2025.118014,33,16.5,3.29324462640737
"WANG Y, 2024, MICROBIOME",10.1186/s40168-024-01964-0,33,11,1.31932630146308
"XU Q, 2023, DISCOV ONCOL",10.1007/s12672-023-00798-w,33,8.2,0.744201030927835
"PORCARI S, 2023, J AUTOIMMUN",10.1016/j.jaut.2023.103036,33,8.2,0.744201030927835
"LIU K, 2023, FRONT PHARMACOL",10.3389/fphar.2023.1285343,33,8.2,0.744201030927835
"HENIG I, 2021, HAEMATOLOGICA",10.3324/haematol.2020.247395,33,5.5,0.421742738589212
"MACANDOG ADG, 2024, CELL HOST MICROBE",10.1016/j.chom.2024.10.006,32,10.7,1.27934671657026
"DAILLÈRE R, 2020, ONCOIMMUNOLOGY-a",10.1080/2162402X.2020.1774298,32,4.6,0.438446481920264
"SHARMA VR, 2021, SEMIN CANCER BIOL",10.1016/j.semcancer.2020.07.006,32,5.3,0.40896265560166
"YAN Q, 2021, J CELL PHYSIOL",10.1002/jcp.30260,32,5.3,0.40896265560166
"CAMP ER, 2017, CANCER BIOL THER",10.1080/15384047.2017.1345396,32,3.2,0.231663173937893
"LI GF, 2024, EBIOMEDICINE",10.1016/j.ebiom.2024.105041,32,10.7,1.27934671657026
"LUO PP, 2021, ANTIMICROB AGENTS CH",10.1128/AAC.01921-20,32,5.3,0.40896265560166
"ZHANG CY, 2022, WORLD J GASTROENTERO",10.3748/wjg.v28.i48.6827,32,6.4,0.542870243007795
"CABAŁA S, 2024, METABOLITES",10.3390/metabo14010078,32,10.7,1.27934671657026
"MULLISH B.H., 2024, GUT",10.1136/gutjnl-2023-331550,32,10.7,1.27934671657026
"MACLEOD T, 2023, LANCET RHEUMAT",10.1016/S2665-9913(22)00334-4,32,8,0.721649484536082
"HUGHES K.R., 2020, FASEB J",10.1096/fj.202000042R,32,4.6,0.438446481920264
"LI Y, 2020, FRONT MICROBIOL",10.3389/fmicb.2020.01450,32,4.6,0.438446481920264
"DRY J.R., 2016, GENOME MED",10.1186/s13073-016-0379-8,32,2.9,0.295271049596309
"REBECK ON, 2025, CELL CHEM BIOL",10.1016/j.chembiol.2024.10.013,31,15.5,3.09365404298874
"ZAPPASODI R, 2018, CURR HEMATOL MALIG R",10.1007/s11899-018-0471-9,31,3.4,0.177820267686424
"KAZMIERCZAK-SIEDLECKA K, 2022, GASTRIC CANCER",10.1007/s10120-021-01260-y,31,6.2,0.525905547913801
"CHEN ZX, 2021, NANO TODAY",10.1016/j.nantod.2021.101329,31,5.2,0.396182572614108
"CAO B, 2022, BIOMED PHARMACOTHER",10.1016/j.biopha.2022.113081,31,6.2,0.525905547913801
"GU JH, 2023, FRONT IMMUNOL",10.3389/fimmu.2023.1230681,31,7.8,0.69909793814433
"HRUZ P, 2020, DIGESTION",10.1159/000503099,31,4.4,0.424745029360255
"PAN W, 2025, APOPTOSIS",10.1007/s10495-025-02085-1,31,15.5,3.09365404298874
"ESCRIVA PP, 2025, CELL REP",10.1016/j.celrep.2025.115358,31,15.5,3.09365404298874
"SOLTERO-RIVERA M, 2023, J FELINE MED SURG",10.1177/1098612X231186834,31,7.8,0.69909793814433
"WANG Q, 2023, INT J CANCER",10.1002/ijc.34464,31,7.8,0.69909793814433
"BAK S.H., 2017, INTEST RES",10.5217/ir.2017.15.2.244,31,3.1,0.224423699752334
"TAN B, 2022, THORAC CANCER",10.1111/1759-7714.14626,30,6,0.508940852819807
"SHAIKH FY, 2022, CANCER IMMUNOL IMMUN",10.1007/s00262-022-03169-6,30,6,0.508940852819807
"MALARD F, 2022, LANCET HAEMATOL",10.1016/S2352-3026(22)00223-X,30,6,0.508940852819807
"CHENG HY, 2020, FRONT ONCOL",10.3389/fonc.2020.00163,30,4.3,0.411043576800247
"YUAN XY, 2021, FRONT PHARMACOL",10.3389/fphar.2021.736627,30,5,0.383402489626556
"GENTA S, 2022, FRONT ONCOL",10.3389/fonc.2022.976065,30,6,0.508940852819807
"RAO M, 2019, INT J INFECT DIS",10.1016/j.ijid.2019.01.039,30,3.8,0.231788079470199
"SPHYRIS N, 2021, CANCERS",10.3390/cancers13051000,30,5,0.383402489626556
"YIN J, 2024, NUCLEIC ACIDS RES",10.1093/nar/gkad818,30,10,1.19938754678462
"FU H, 2024, BMC MED",10.1186/s12916-024-03275-5,30,10,1.19938754678462
"WINE E, 2025, J PEDIATR GASTROENTEROL NUTR",10.1002/jpn3.70097,30,15,2.99385875127943
"LEE J.W., 2022, KOREAN J INTERN MED",10.3904/kjim.2022.138,30,6,0.508940852819807
"LIU Y, 2020, INT J BIOL MACROMOL",10.1016/j.ijbiomac.2020.07.229,30,4.3,0.411043576800247
"VON KLITZING E, 2017, FRONT MICROBIOL",10.3389/fmicb.2017.02590,30,3,0.217184225566775
"YU JH, 2023, FRONT PHARMACOL",10.3389/fphar.2023.1261575,29,7.2,0.653994845360825
"FARIAS RM, 2024, BMC CANCER",10.1186/s12885-024-13234-1,29,9.7,1.1594079618918
"KESH K, 2022, GUT MICROBES",10.1080/19490976.2022.2096328,29,5.8,0.491976157725814
"HUANG GX, 2023, FRONT MICROBIOL",10.3389/fmicb.2023.1274925,29,7.2,0.653994845360825
"LIN YL, 2022, P NATL ACAD SCI USA",10.1073/pnas.2205574119,29,5.8,0.491976157725814
"DONG S, 2022, FRONT IMMUNOL",10.3389/fimmu.2022.1038650,29,5.8,0.491976157725814
"GROBBELAAR C, 2019, J ONCOL",10.1155/2019/8941471,29,3.6,0.224061810154525
"LOPES F, 2016, INFLAMM BOWEL DIS",10.1097/MIB.0000000000000889,29,2.6,0.267589388696655
"DIALLO D, 2021, FRONT CELL INFECT MICROBIOL",10.3389/fcimb.2021.673100,29,4.8,0.370622406639004
"WANG L, 2023, OXIDATIVE MED CELL LONGEVITY",10.1155/2023/6480848,29,7.2,0.653994845360825
"PINETON DE CHAMBRUN G, 2018, BEST PRACT RES CLIN GASTROENTEROL",10.1016/j.bpg.2018.05.009,29,3.2,0.166347992351816
"ANFOSSI S, 2020, CANCER DRUG RES",10.20517/cdr.2020.04,29,4.1,0.397342124240239
"ABU-SBEIH H, 2020, CURR OPIN GASTROEN",10.1097/MOG.0000000000000593,28,4,0.383640671680231
"LITTLE A, 2023, EXPERT REV MOL MED",10.1017/erm.2023.9,28,7,0.631443298969072
"CHAI QQ, 2025, DRUG RESIST UPDATE",10.1016/j.drup.2025.101277,28,14,2.7942681678608
"SONG CH, 2021, FRONT CELL INFECT MI",10.3389/fcimb.2021.636808,28,4.7,0.357842323651452
"ROBRAHN L, 2020, CANCER LETT",10.1016/j.canlet.2020.07.002,28,4,0.383640671680231
"KONG XB, 2021, MOL MED REP",10.3892/mmr.2021.12001,28,4.7,0.357842323651452
"MONTELIN H, 2019, PLOS ONE",10.1371/journal.pone.0211098,28,3.5,0.216335540838852
"KANG FP, 2024, ADV SCI",10.1002/advs.202306174,28,9.3,1.11942837699898
"DESPINS CA, 2021, MBIO",10.1128/mBio.02062-21,28,4.7,0.357842323651452
"LUO Z, 2024, ACTA PHARM SIN B",10.1016/j.apsb.2024.04.027,28,9.3,1.11942837699898
"MANUC T.-E.M., 2016, CLIN EXP GASTROENTEROL",10.2147/CEG.S53381,28,2.5,0.25836216839677
"HERSI F, 2022, LIFE SCI",10.1016/j.lfs.2022.120573,27,5.4,0.458046767537827
"ZOGHBI M, 2024, SUPPORT CARE CANCER",10.1007/s00520-024-08889-2,27,9,1.07944879210616
"PANEBIANCO C, 2018, CLIN CHEM LAB MED",10.1515/cclm-2017-1163,27,3,0.154875717017208
"LIAO KL, 2025, AGEING RES REV",10.1016/j.arr.2025.102820,27,13.5,2.69447287615148
"PANEBIANCO C, 2022, SEMIN CANCER BIOL",10.1016/j.semcancer.2021.11.007,27,5.4,0.458046767537827
"HONG XL, 2023, BRIT J CANCER",10.1038/s41416-022-02044-6,27,6.8,0.60889175257732
"MCGEE HM, 2019, CLIN CANCER RES",10.1158/1078-0432.CCR-18-3781,27,3.4,0.208609271523179
"CHEN ZG, 2019, EXPERT REV CLIN PHAR",10.1080/17512433.2019.1630272,27,3.4,0.208609271523179
"LIU J, 2022, CANCER CHEMOTHER PHARMACOL",10.1007/s00280-021-04385-0,27,5.4,0.458046767537827
"NIKOLAKIS D, 2022, INT J MOL SCI",10.3390/ijms23031854,27,5.4,0.458046767537827
"SANTIAGO P, 2023, AM J GASTROENTEROL",10.14309/ajg.0000000000002348,27,6.8,0.60889175257732
"NAKASE H, 2020, IMMUNOL MED",10.1080/25785826.2020.1751934,27,3.9,0.369939219120222
"KURADA S, 2016, EXPERT REV CLIN PHARMACOL",10.1080/17512433.2016.1200463,27,2.5,0.249134948096886
"HADI DK, 2025, J IMMUNOTHER CANCER",10.1136/jitc-2025-012659,26,13,2.59467758444217
"VILLANI A, 2024, GUT MICROBES",10.1080/19490976.2024.2375483,26,8.7,1.03946920721334
"ZHOU YH, 2024, INT J ONCOL",10.3892/ijo.2024.5661,26,8.7,1.03946920721334
"ZAGURY-ORLY I, 2021, FRONT ONCOL",10.3389/fonc.2021.784457,26,4.3,0.332282157676349
"AN J, 2020, J MICROBIOL",10.1007/s12275-020-0375-y,26,3.7,0.356237766560214
"BRUNO G, 2018, CAN J INFECT DIS MED",10.1155/2018/6237239,26,2.9,0.149139579349904
"LEE HM, 2024, NAT METAB",10.1038/s42255-024-01066-z,26,8.7,1.03946920721334
"KRIEG C, 2022, J IMMUNOTHER CANCER",10.1136/jitc-2022-004717,26,5.2,0.441082072443833
"VIEUJEAN S, 2023, THER ADV GASTROENTER",10.1177/17562848231173331,26,6.5,0.586340206185567
"HU JN, 2024, ACTA BIOMATER",10.1016/j.actbio.2024.06.042,26,8.7,1.03946920721334
"DEFILIPP Z, 2024, BLOOD ADV",10.1182/bloodadvances.2024012556,26,8.7,1.03946920721334
"LOGOTHETI M, 2021, J PERS MED",10.3390/jpm11121299,26,4.3,0.332282157676349
"LAWAL B, 2021, FRONT PHARMACOL",10.3389/fphar.2021.691234,26,4.3,0.332282157676349
"XIAO J, 2024, FRONT IMMUNOL",10.3389/fimmu.2024.1385907,26,8.7,1.03946920721334
"XU H.-M., 2022, INT J CLIN PRACT",10.1155/2022/4913146,26,5.2,0.441082072443833
"TORRES A.M., 2021, EXPERT OPIN DRUG METAB TOXICOL",10.1080/17425255.2021.1899159,26,4.3,0.332282157676349
"ALATAWI H, 2022, BOSNIAN J BASIC MED SCI",10.17305/bjbms.2021.6436,26,5.2,0.441082072443833
"CHEN Y.-H., 2019, FRONT MICROBIOL",10.3389/fmicb.2019.01141,26,3.2,0.200883002207506
"ZHANG X, 2020, CANCER LETT",10.1016/j.canlet.2020.03.027,26,3.7,0.356237766560214
"ABU-SBEIH H, 2020, INFLAMM BOWEL DIS",10.1093/ibd/izz212,25,3.6,0.342536314000206
"LU Y, 2025, FRONT IMMUNOL",10.3389/fimmu.2025.1603658,25,12.5,2.49488229273286
"VITORINO M, 2022, CANCERS",10.3390/cancers14153811,25,5,0.42411737734984
"FOURNIER C, 2017, CURR OPIN PHARMACOL",10.1016/j.coph.2017.05.003,25,2.5,0.180986854638979
"WANG LP, 2019, EXPERT OPIN DRUG MET",10.1080/17425255.2019.1559815,25,3.1,0.193156732891832
"PERI R, 2019, UNITED EUR GASTROENT",10.1177/2050640619839918,25,3.1,0.193156732891832
"FAN XX, 2018, PHARMACOL THERAPEUT",10.1016/j.pharmthera.2018.06.010,25,2.8,0.1434034416826
"O'CONNOR H, 2018, DISCOV MED",NA,25,2.8,0.1434034416826
"AKBARI E, 2024, CURR ONCOL REP",10.1007/s11912-024-01591-w,25,8.3,0.999489622320517
"YAU JNN, 2023, FRONT ONCOL",10.3389/fonc.2023.1148930,25,6.2,0.563788659793814
"RAO JD, 2020, BIOMATER SCI-UK",10.1039/d0bm01537g,25,3.6,0.342536314000206
"GARRETT A, 2025, CELL",10.1016/j.cell.2025.07.016,25,12.5,2.49488229273286
"HUHTA H, 2017, ONCOTARGET",10.18632/oncotarget.15284,25,2.5,0.180986854638979
"EVANS S.T., 2024, CANCER BIOL THER",10.1080/15384047.2024.2342599,25,8.3,0.999489622320517
"WANG X, 2023, ADV HEALTHC MATER",10.1002/adhm.202301450,25,6.2,0.563788659793814
"VITALE G, 2022, CANCERS",10.3390/cancers14143421,25,5,0.42411737734984
"GRANADOS J.C., 2023, JCI INSIGHT",10.1172/jci.insight.160437,25,6.2,0.563788659793814
"BRUNEAU A, 2018, BULL CANCER",10.1016/j.bulcan.2017.10.025,25,2.8,0.1434034416826
"SHOR J, 2019, CLIN EXP GASTROENTEROL",10.2147/CEG.S165047,25,3.1,0.193156732891832
"EL SAYED R, 2021, INT J MOL SCI",10.3390/ijms22042142,24,4,0.306721991701245
"ANDERSON KG, 2023, J IMMUNOTHER CANCER",10.1136/jitc-2022-006533,24,6,0.541237113402062
"BORGERS JSW, 2022, BMC CANCER",10.1186/s12885-022-10457-y,24,4.8,0.407152682255846
"KALASABAIL S, 2021, CANCERS",10.3390/cancers13184623,24,4,0.306721991701245
"GUO XC, 2025, MOL MED",10.1186/s10020-025-01166-w,24,12,2.39508700102354
"NIU LL, 2024, INT J PHARMACEUT",10.1016/j.ijpharm.2024.123810,24,8,0.959510037427696
"ENRIGHT EF, 2018, MOL PHARMACEUT",10.1021/acs.molpharmaceut.8b00875,24,2.7,0.137667304015296
"GUAN SW, 2023, WORLD J GASTRO ONCOL",10.4251/wjgo.v15.i5.713,24,6,0.541237113402062
"TANG K, 2022, EUR J MED CHEM",10.1016/j.ejmech.2021.113967,24,4.8,0.407152682255846
"YU Q, 2021, NEOPLASIA",10.1016/j.neo.2020.12.008,24,4,0.306721991701245
"SAYIN S, 2023, ELIFE",10.7554/eLife.83140,24,6,0.541237113402062
"MOHAMED FA, 2021, FRONT IMMUNOL",10.3389/fimmu.2021.757836,24,4,0.306721991701245
"KUEHNAST T, 2025, FEBS J",10.1111/febs.17123,24,12,2.39508700102354
"DONG S, 2025, DRUG RESIST UPDATES",10.1016/j.drup.2025.101215,24,12,2.39508700102354
"QI M, 2021, J CELL PHYSIOL",10.1002/jcp.30028,24,4,0.306721991701245
"FENG C, 2022, FRONT MICROBIOL",10.3389/fmicb.2022.898961,24,4.8,0.407152682255846
"LI H, 2021, WORLD J EXP MED",10.5493/wjem.v11.i6.79,24,4,0.306721991701245
"VYHLÍDALOVÁ B, 2020, TOXICOL LETT",10.1016/j.toxlet.2020.02.010,24,3.4,0.328834861440198
"HERRERA S, 2021, CURR OPIN INFECT DIS",10.1097/QCO.0000000000000768,23,3.8,0.293941908713693
"BARBERIS CM, 2018, J GLOB ANTIMICROB RE",10.1016/j.jgar.2018.05.009,23,2.6,0.131931166347992
"ABDEL-RASOL MA, 2025, EUR J MED RES",10.1186/s40001-025-03073-6,23,11.5,2.29529170931423
"PUCA P, 2024, INT J MOL SCI",10.3390/ijms25052789,23,7.7,0.919530452534876
"ALLEGRETTI J.R., 2021, DIG DIS SCI",10.1007/s10620-020-06198-2,23,3.8,0.293941908713693
"ALLEGRA A, 2019, NETH J MED",NA,23,2.9,0.177704194260486
"D’HAENS G.R.A.M., 2019, DRUGS R D",10.1007/s40268-019-0263-2,23,2.9,0.177704194260486
"LANGHEINRICH M, 2020, J CLIN MED",10.3390/jcm9092785,23,3.3,0.31513340888019
"SEVERYN C.J., 2019, BLOOD ADV",10.1182/bloodadvances.2019000365,23,2.9,0.177704194260486
"HUANG JL, 2023, THER ADV MED ONCOL",10.1177/17588359231204854,22,5.5,0.496134020618557
"CAMMAROTA A, 2023, THER ADV MED ONCOL",10.1177/17588359221148029,22,5.5,0.496134020618557
"INNAO V, 2020, INT J MOL SCI",10.3390/ijms21238902,22,3.1,0.301431956320181
"CHIANG HC, 2023, THORAC CANCER",10.1111/1759-7714.15096,22,5.5,0.496134020618557
"ISMAEL M, 2023, INT J BIOL MACROMOL",10.1016/j.ijbiomac.2023.125700,22,5.5,0.496134020618557
"ISHAQ HM, 2021, J APPL BIOMED",10.32725/jab.2021.005,22,3.7,0.281161825726141
"ZHAO XN, 2023, EUR J MED RES",10.1186/s40001-023-01179-3,22,5.5,0.496134020618557
"LIU DY, 2017, PLOS ONE",10.1371/journal.pone.0184578,22,2.2,0.159268432082301
"SUDAARSAN ASK, 2024, FRONT PHARMACOL",10.3389/fphar.2024.1436021,22,7.3,0.879550867642055
"GONZALEZ CG, 2022, CELL MOL GASTROENTER",10.1016/j.jcmgh.2022.03.008,22,4.4,0.373223292067859
"LI XH, 2025, ACTA BIOMATER",10.1016/j.actbio.2025.02.013,22,11,2.19549641760491
"KANNAN K, 2025, CANCERS",10.3390/cancers17172938,22,11,2.19549641760491
"WU W, 2025, CELL BIOMATER",10.1016/j.celbio.2025.100092,22,11,2.19549641760491
"LIM J.J., 2021, TOXICOL SCI",10.1093/toxsci/kfab104,22,3.7,0.281161825726141
"GANGULY S, 2021, PLOS ONE",10.1371/journal.pone.0253852,22,3.7,0.281161825726141
"PANDEY K, 2021, CURR OPIN PHYSIOL",10.1016/j.cophys.2021.100472,22,3.7,0.281161825726141
"DONG J, 2021, BIOCHIM BIOPHYS ACTA REV CANCER",10.1016/j.bbcan.2020.188484,22,3.7,0.281161825726141
"WANG S, 2022, FRONT IMMUNOL",10.3389/fimmu.2022.908517,22,4.4,0.373223292067859
"CONOVER K.R., 2023, J PEDIATR GASTROENTEROL NUTR",10.1097/MPG.0000000000003714,22,5.5,0.496134020618557
"CHEN L, 2025, SEMIN CANCER BIOL",10.1016/j.semcancer.2025.06.012,21,10.5,2.0957011258956
"INCOGNITO D, 2025, INT J MOL SCI",10.3390/ijms26199710,21,10.5,2.0957011258956
"MALLA RR, 2022, CLIN BREAST CANCER",10.1016/j.clbc.2021.09.002,21,4.2,0.356258596973865
"YANG ZH, 2019, ONCOL LETT",10.3892/ol.2019.10433,21,2.6,0.162251655629139
"TAN QW, 2025, BIOMEDICINES",10.3390/biomedicines13051261,21,10.5,2.0957011258956
"DUAN YF, 2024, CLIN TRANSL MED",10.1002/ctm2.70093,21,7,0.839571282749234
"LU YY, 2024, PHYTOMEDICINE",10.1016/j.phymed.2024.156161,21,7,0.839571282749234
"VERDYS P, 2025, TRENDS MOL MED",10.1016/j.molmed.2025.03.010,21,10.5,2.0957011258956
"JIAN N, 2025, CLIN MICROBIOL REV",10.1128/cmr.00212-24,21,10.5,2.0957011258956
"GAIANI F, 2021, INT J MOL SCI",10.3390/ijms22105246,21,3.5,0.268381742738589
"WANG CF, 2024, FRONT IMMUNOL",10.3389/fimmu.2024.1346211,21,7,0.839571282749234
"GIANNAKOULIS VG, 2021, CANCERS",10.3390/cancers13184732,21,3.5,0.268381742738589
"RUI MY, 2021, RADIOTHER ONCOL",10.1016/j.radonc.2021.09.013,21,3.5,0.268381742738589
"MAO J, 2020, J IMMUNOL RES",10.1155/2020/4092472,21,3,0.287730503760173
"LI J, 2024, MEDCOMM",10.1002/mco2.70019,21,7,0.839571282749234
"KUMAR M, 2023, J CANCER RES CLIN ONCOL",10.1007/s00432-022-04544-7,21,5.2,0.473582474226804
"AHMED L.A., 2023, CURR MOL PHARMACOL",10.2174/1874467215666220222105004,21,5.2,0.473582474226804
"PARK R, 2020, CURR COLORECTAL CANCER REP",10.1007/s11888-020-00456-1,21,3,0.287730503760173
"FIEDLER E.C., 2019, ANNU REV CANCER BIOL",10.1146/annurev-cancerbio-030518-055524,21,2.6,0.162251655629139
"GROENEWEGEN B, 2023, J IMMUNOTHER",10.1097/CJI.0000000000000474,20,5,0.451030927835052
"LIU XY, 2024, FOODS",10.3390/foods13071133,20,6.7,0.799591697856414
"SCHETTINI F, 2023, EUR J CANCER",10.1016/j.ejca.2023.112948,20,5,0.451030927835052
"WANG LX, 2025, CELL COMMUN SIGNAL",10.1186/s12964-025-02275-z,20,10,1.99590583418628
"CARBONERO F, 2018, RADIAT ENVIRON BIOPH",10.1007/s00411-018-0759-0,20,2.2,0.11472275334608
"SUN WT, 2025, MATER TODAY BIO",10.1016/j.mtbio.2025.101920,20,10,1.99590583418628
"HAN QH, 2025, MATER TODAY BIO",10.1016/j.mtbio.2025.101601,20,10,1.99590583418628
"WU D, 2024, INT J BIOL MACROMOL",10.1016/j.ijbiomac.2024.136828,20,6.7,0.799591697856414
"LOURENÇO D, 2022, INT J MOL SCI",10.3390/ijms232112888,20,4,0.339293901879872
"LI CL, 2023, FRONT PHARMACOL",10.3389/fphar.2023.1120616,20,5,0.451030927835052
"RAMOS P, 2023, BIOFABRICATION",10.1088/1758-5090/acc279,20,5,0.451030927835052
"SIVALINGAM A.M., 2025, CLIN REV ALLERGY IMMUNOL",10.1007/s12016-025-09022-9,20,10,1.99590583418628
"PAASKE S.E., 2025, CLIN GASTROENTEROL HEPATOL",10.1016/j.cgh.2024.05.038,20,10,1.99590583418628
"FEY S.K., 2024, CELL REP",10.1016/j.celrep.2024.114270,20,6.7,0.799591697856414
"FAN S, 2022, CANCERS",10.3390/cancers14235813,20,4,0.339293901879872
"HWANG S.W., 2023, INTEST RES",10.5217/IR.2023.00019,20,5,0.451030927835052
"KOUSTAS E, 2023, INT J MOL SCI",10.3390/ijms24087168,20,5,0.451030927835052
"CLEANCLAY W.D., 2023, TROP J NAT PROD RES",10.26538/tjnpr/v7i12.4,20,5,0.451030927835052
"LONG M.T., 2019, THER ADV GASTROENTEROL",10.1177/1756284819832237,20,2.5,0.154525386313466
"TOMELA K, 2020, LIFE-BASEL",10.3390/life10100219,19,2.7,0.260327598640157
"DELUCE J, 2022, THER ADV MED ONCOL",10.1177/17588359221122714,19,3.8,0.322329206785878
"EIMAN L, 2025, FRONT IMMUNOL",10.3389/fimmu.2025.1575452,19,9.5,1.89611054247697
"WANG ZH, 2021, BBA-MOL BASIS DIS",10.1016/j.bbadis.2021.166179,19,3.2,0.242821576763485
"MAO D, 2020, MEDICINE",10.1097/MD.0000000000022129,19,2.7,0.260327598640157
"MENG YF, 2023, BBA-REV CANCER",10.1016/j.bbcan.2023.189014,19,4.8,0.428479381443299
"LIU WJH, 2025, FRONT IMMUNOL",10.3389/fimmu.2025.1603032,19,9.5,1.89611054247697
"MANSOUR B, 2022, BIOMEDICINES",10.3390/biomedicines10071758,19,3.8,0.322329206785878
"RIBALDONE DG, 2020, REV ESP ENFERM DIG",10.17235/reed.2019.6336/2019,19,2.7,0.260327598640157
"POLINÁRIO G, 2023, FRONT MICROBIOL",10.3389/fmicb.2023.1183247,19,4.8,0.428479381443299
"DI CARLO E, 2024, J TRANSL MED",10.1186/s12967-024-05564-2,19,6.3,0.759612112963593
"NIE Y, 2024, CANCER DRUG RES",10.20517/cdr.2024.154,19,6.3,0.759612112963593
"LIU W, 2024, ONCOL REP",10.3892/or.2024.8803,19,6.3,0.759612112963593
"TAÏEB J, 2021, DIG LIVER DIS",10.1016/j.dld.2020.11.031,19,3.2,0.242821576763485
"SOLEIMANI N, 2022, MICROB PATHOG",10.1016/j.micpath.2022.105795,19,3.8,0.322329206785878
"KOIKE Y, 2020, INT J MOL SCI",10.3390/ijms21113892,19,2.7,0.260327598640157
"SARIN S.K., 2020, CLIN MOL HEPATOL",10.3350/cmh.2020.0196,19,2.7,0.260327598640157
"COSCHI CH, 2024, CURR ONCOL",10.3390/curroncol31010001,18,6,0.719632528070772
"LIU ZF, 2022, FRONT IMMUNOL",10.3389/fimmu.2022.1027124,18,3.6,0.305364511691884
"ZENG YL, 2023, FRONT ONCOL",10.3389/fonc.2023.1144534,18,4.5,0.405927835051546
"PIROUZBAKHT M, 2025, CLIN EXP MED",10.1007/s10238-025-01902-w,18,9,1.79631525076766
"CARDENAS LM, 2022, CURR ONCOL",10.3390/curroncol29080429,18,3.6,0.305364511691884
"WANG X, 2024, J DENT RES",10.1177/00220345241262759,18,6,0.719632528070772
"MOHAMED A, 2021, BIOMEDICINES",10.3390/biomedicines9030259,18,3,0.230041493775934
"YAO JL, 2025, GUT MICROBES",10.1080/19490976.2025.2473504,18,9,1.79631525076766
"TAN N, 2023, J CLIN TRANSL HEPATO",10.14218/JCTH.2022.00068S,18,4.5,0.405927835051546
"RZECZYCKI P, 2025, INT J MOL SCI",10.3390/ijms262411897,18,9,1.79631525076766
"PLAZA-DIAZ J, 2023, METABOLITES",10.3390/metabo13060703,18,4.5,0.405927835051546
"ALMULLA AF, 2025, CNS DRUGS",10.1007/s40263-025-01195-3,18,9,1.79631525076766
"D'ANTONIO DL, 2025, PATHOGENS",10.3390/pathogens14010002,18,9,1.79631525076766
"CHEN Y, 2021, AM J CANCER RES",NA,18,3,0.230041493775934
"LIN X, 2024, PHYTOMEDICINE",10.1016/j.phymed.2024.155906,18,6,0.719632528070772
"NAWAB S, 2023, MICROORGANISMS",10.3390/microorganisms11082004,18,4.5,0.405927835051546
"VÁZQUEZ-GÓMEZ G, 2023, BIOCHEM PHARMACOL",10.1016/j.bcp.2023.115797,18,4.5,0.405927835051546
"JUSTO GZ, 2017, BEST PRACT RES CL GA",10.1016/j.bpg.2017.10.002,18,1.8,0.130310535340065
"HRDLICKOVA B, 2018, EUR J GASTROEN HEPAT",10.1097/MEG.0000000000001168,18,2,0.103250478011472
"KHATOON E, 2022, ARCH PHARMACAL RES",10.1007/s12272-022-01398-y,18,3.6,0.305364511691884
"BAMGBOSE T, 2021, PROBIOTICS ANTIMICROB PROTEINS",10.1007/s12602-021-09780-w,18,3,0.230041493775934
"WU X, 2023, NUTRIENTS",10.3390/nu15153340,18,4.5,0.405927835051546
"BOUFERRAA Y, 2021, INT J MOL SCI",10.3390/ijms22158036,18,3,0.230041493775934
"BAI X, 2022, FRONT PHARMACOL",10.3389/fphar.2022.977370,18,3.6,0.305364511691884
"SU F, 2021, EUR J MED RES",10.1186/s40001-021-00508-8,18,3,0.230041493775934
"THEIN W, 2021, BIOMOL THER",10.4062/BIOMOLTHER.2021.086,18,3,0.230041493775934
"PEÑA-CEARRA A, 2023, GUT MICROBES",10.1080/19490976.2023.2266626,18,4.5,0.405927835051546
"OTA S, 2022, IMMUNO",10.3390/immuno2040042,18,3.6,0.305364511691884
"ZHANG X, 2020, BIOMED RES INT",10.1155/2020/2524314,18,2.6,0.246626146080148
"SIMON HERRINGTON C, 2019, J PATHOL",10.1002/path.5255,18,2.2,0.139072847682119
"SKOWRON K.B., 2016, INFLAMMATORY BOWEL DIS",10.1097/MIB.0000000000000710,18,1.6,0.166089965397924
"SHASTHRY S.M., 2016, WORLD J GASTROENTEROL",10.3748/wjg.v22.i15.3892,18,1.6,0.166089965397924
"YAMAMOTO-FURUSHO J.K., 2017, PHARMACOECON PERSONALIZED MED",10.2147/PGPM.S109648,18,1.8,0.130310535340065
"LIU XL, 2024, BBA-MOL BASIS DIS",10.1016/j.bbadis.2024.167230,17,5.7,0.679652943177952
"GUNJUR A, 2022, J PATHOL",10.1002/path.5907,17,3.4,0.288399816597891
"BAUTISTA J, 2025, FRONT MED-LAUSANNE",10.3389/fmed.2025.1673880,17,8.5,1.69651995905834
"BARRAGAN-CARRILLO R, 2025, J CLIN ONCOL",10.1200/JCO-25-00374,17,8.5,1.69651995905834
"KEARNS R, 2025, CANCER IMMUNOL IMMUN",10.1007/s00262-025-04118-9,17,8.5,1.69651995905834
"ANCONA G, 2021, INFECT IMMUN",10.1128/IAI.00376-21,17,2.8,0.217261410788382
"NISTA EC, 2023, BIOMEDICINES",10.3390/biomedicines11010157,17,4.2,0.383376288659794
"FANG HH, 2023, MSPHERE",10.1128/msphere.00581-22,17,4.2,0.383376288659794
"LIA ZY, 2021, J FOOD DRUG ANAL",10.38212/2224-6614.3346,17,2.8,0.217261410788382
"CAO LC, 2024, CHIN MED-UK",10.1186/s13020-024-01032-7,17,5.7,0.679652943177952
"MOKHTARI RB, 2021, CANCERS",10.3390/cancers13143596,17,2.8,0.217261410788382
"HU SF, 2025, FRONT IMMUNOL",10.3389/fimmu.2025.1735873,17,8.5,1.69651995905834
"KANG HR, 2016, ONCOL REP",10.3892/or.2016.4838,17,1.5,0.156862745098039
"THET D, 2023, NUTR CANCER",10.1080/01635581.2023.2267779,17,4.2,0.383376288659794
"DOUBLIER S, 2022, MICROBIOL RES",10.1016/j.micres.2022.127012,17,3.4,0.288399816597891
"BALHOUSE BN, 2017, PLOS ONE",10.1371/journal.pone.0180372,17,1.7,0.123071061154506
"ZHANG XQ, 2020, EXPERT OPIN DRUG DEL",10.1080/17425247.2020.1748005,17,2.4,0.23292469352014
"MONTELEONE G, 2025, FRONT IMMUNOL",10.3389/fimmu.2025.1665530,17,8.5,1.69651995905834
"KHAN A, 2025, MOL CANCER",10.1186/s12943-025-02402-x,17,8.5,1.69651995905834
"SILVA C.A.C., 2025, ANNU REV PHARMACOL TOXICOL",10.1146/annurev-pharmtox-061124-102218,17,8.5,1.69651995905834
"LIU Q, 2025, MED",10.1016/j.medj.2024.08.003,17,8.5,1.69651995905834
"HEATH H, 2024, TRENDS ENDOCRINOL METAB",10.1016/j.tem.2023.12.008,17,5.7,0.679652943177952
"LI J, 2022, MEDICINE",10.1097/MD.0000000000028584,17,3.4,0.288399816597891
"TRONCONE E, 2021, INT J MOL SCI",10.3390/ijms22083922,17,2.8,0.217261410788382
"SONG W, 2021, FRONT PHYSIOL",10.3389/fphys.2021.704313,17,2.8,0.217261410788382
"ABU-SBEIH H, 2020, DIGEST DIS SCI",10.1007/s10620-020-06103-x,16,2.3,0.219223240960132
"CIERNIKOVA S, 2024, CANCERS",10.3390/cancers16244271,16,5.3,0.639673358285131
"KATAYAMA Y, 2019, THORAC CANCER",10.1111/1759-7714.12969,16,2,0.123620309050773
"HUANG LT, 2021, ANN PALLIAT MED",10.21037/apm-20-2076,16,2.7,0.20448132780083
"ADACHI K, 2018, J GASTROENTEROL",10.1007/s00535-018-1492-9,16,1.8,0.0917782026768642
"CHENG X, 2022, J CLIN MED",10.3390/jcm11185479,16,3.2,0.271435121503897
"ZHAO MK, 2023, J CANCER RES CLIN",10.1007/s00432-022-04546-5,16,4,0.360824742268041
"SADEGHLOO Z, 2025, DISCOV ONCOL",10.1007/s12672-025-03574-0,16,8,1.59672466734903
"DE GROOT RA, 2025, AM J PHYSIOL-CELL PH",10.1152/ajpcell.00412.2025,16,8,1.59672466734903
"GONG TT, 2021, J CANCER",10.7150/jca.46621,16,2.7,0.20448132780083
"MENDES I, 2023, INT J MOL SCI",10.3390/ijms241411855,16,4,0.360824742268041
"ZERDAN MB, 2022, CANCERS",10.3390/cancers14030691,16,3.2,0.271435121503897
"SHI HB, 2023, J PAIN RES",10.2147/JPR.S415642,16,4,0.360824742268041
"WU X, 2021, ACTA PHARM SIN B",10.1016/j.apsb.2020.12.021,16,2.7,0.20448132780083
"DENG X, 2024, J CANCER",10.7150/jca.88854,16,5.3,0.639673358285131
"WU TL, 2024, NANO TODAY",10.1016/j.nantod.2024.102288,16,5.3,0.639673358285131
"SHI Z, 2025, NAT COMMUN",10.1038/s41467-025-67047-2,16,8,1.59672466734903
"BLAUSTEIN RA, 2021, MSPHERE",10.1128/mSphere.00068-21,16,2.7,0.20448132780083
"ANGRINI M, 2020, ADV EXP MED BIOL",10.1007/978-3-030-44518-8_9,16,2.3,0.219223240960132
"PANEBIANCO C, 2019, NUTRIENTS",10.3390/nu11040709,16,2,0.123620309050773
"SNYDER KJ, 2021, FRONT ONCOL",10.3389/fonc.2021.760789,16,2.7,0.20448132780083
"ALIYA S, 2025, ENVIRON CHEM ECOTOXICOL",10.1016/j.enceco.2025.03.005,16,8,1.59672466734903
"CLAVIJO-SALOMON M.A., 2025, J IMMUNOTHER CANCER",10.1136/jitc-2024-011281,16,8,1.59672466734903
"KANGO N, 2024, J DIETARY SUPPL",10.1080/19390211.2024.2363199,16,5.3,0.639673358285131
"CURKOVIC N.B., 2023, EXPERT REV CLIN IMMUNOL",10.1080/1744666X.2023.2221434,16,4,0.360824742268041
"JING N, 2023, FRONT IMMUNOL",10.3389/fimmu.2023.1195075,16,4,0.360824742268041
"JIA L, 2023, FRONT ENDOCRINOL",10.3389/fendo.2023.1149256,16,4,0.360824742268041
"CHAN K.-S., 2016, J MICROBIOL IMMUNOL INFECT",10.1016/j.jmii.2015.12.007,16,1.5,0.147635524798155
"LUCAFÒ M, 2020, CLIN TRANSL SCI",10.1111/cts.12722,16,2.3,0.219223240960132
"YU XY, 2022, BMC PULM MED",10.1186/s12890-022-02210-9,15,3,0.254470426409904
"WARDILL HR, 2022, SUPPORT CARE CANCER",10.1007/s00520-022-06948-0,15,3,0.254470426409904
"ZHANG Z, 2025, FRONT IMMUNOL",10.3389/fimmu.2025.1641518,15,7.5,1.49692937563971
"LIN YY, 2025, CLIN REV ALLERG IMMU",10.1007/s12016-025-09105-7,15,7.5,1.49692937563971
"PETRELLI F, 2025, MEDICINA-LITHUANIA",10.3390/medicina61091595,15,7.5,1.49692937563971
"HES C, 2024, ORAL ONCOL",10.1016/j.oraloncology.2023.106623,15,5,0.59969377339231
"MOKHTARI RB, 2025, BIOMOLECULES",10.3390/biom15091304,15,7.5,1.49692937563971
"XU K, 2025, TECHNOL CANCER RES T",10.1177/15330338251331960,15,7.5,1.49692937563971
"ZHANG LX, 2024, INT J BIOL MACROMOL",10.1016/j.ijbiomac.2024.134212,15,5,0.59969377339231
"WU N, 2025, AM J PATHOL",10.1016/j.ajpath.2024.11.004,15,7.5,1.49692937563971
"MA JY, 2025, ADV SCI",10.1002/advs.202502714,15,7.5,1.49692937563971
"YE YJ, 2022, J IMMUNOL RES",10.1155/2022/4472509,15,3,0.254470426409904
"ARSENIJEVIC T, 2021, CANCERS",10.3390/cancers13061231,15,2.5,0.191701244813278
"WANG X, 2025, J ETHNOPHARMACOL",10.1016/j.jep.2025.119319,15,7.5,1.49692937563971
"DU TOIT-THOMPSON T, 2025, ADV DRUG DELIVER REV",10.1016/j.addr.2025.115647,15,7.5,1.49692937563971
"SHEN B, 2024, NAT REV GASTRO HEPAT",10.1038/s41575-024-00920-5,15,5,0.59969377339231
"PANG WL, 2025, FRONT CELL INFECT MI",10.3389/fcimb.2025.1528578,15,7.5,1.49692937563971
"KARAMANOLIS NN, 2025, ANTIBIOTICS-BASEL",10.3390/antibiotics14010009,15,7.5,1.49692937563971
"LIN ME, 2023, MOL THER ONCOLYTICS",10.1016/j.omto.2023.04.007,15,3.8,0.338273195876289
"GARAVAGLIA B, 2025, BIOMEDICINES",10.3390/biomedicines13020339,15,7.5,1.49692937563971
"TANG GB, 2024, CELL MOL LIFE SCI",10.1007/s00018-024-05484-w,15,5,0.59969377339231
"KIM JH, 2023, INT J MOL SCI",10.3390/ijms241310423,15,3.8,0.338273195876289
"PANE K, 2020, FRONT CHEM",10.3389/fchem.2020.00600,15,2.1,0.205521788400124
"TSUNEDOMI R, 2023, EXPERT REV MOL DIAGN",10.1080/14737159.2023.2281482,15,3.8,0.338273195876289
"EL-SAYED NNE, 2021, MOLECULES",10.3390/molecules26113121,15,2.5,0.191701244813278
"MENG Y, 2024, CRIT REV ONCOL HEMATOL",10.1016/j.critrevonc.2024.104403,15,5,0.59969377339231
"HE J, 2025, MOL MED",10.1186/s10020-025-01108-6,15,7.5,1.49692937563971
"NAZEER H.A., 2025, MED MICROECOL",10.1016/j.medmic.2025.100155,15,7.5,1.49692937563971
"HAVASI A, 2022, INT J MOL SCI",10.3390/ijms23031109,15,3,0.254470426409904
"ABBASI E, 2023, ENDOCR METAB IMMUNE DISORD DRUG TARGETS",10.2174/1871530323666230516103420,15,3.8,0.338273195876289
"SUCHMAN K, 2022, DIG DIS SCI",10.1007/s10620-021-07347-x,15,3,0.254470426409904
"FRATILA T.D., 2023, MEDICINE PHARM REP",10.15386/mpr-2526,15,3.8,0.338273195876289
"BERTANI L, 2019, MINERVA GASTROENTEROL DIETOL",10.23736/S1121-421X.19.02621-7,15,1.9,0.115894039735099
"RODRIGUEZ E.A., 2017, EXPERT REV GASTROENTEROL HEPATOL",10.1080/17474124.2017.1293524,15,1.5,0.108592112783387
"MOONEY D, 2017, CRIT REV MICROBIOL",10.1080/1040841X.2016.1268568,15,1.5,0.108592112783387
"SHI MY, 2023, FRONT IMMUNOL",10.3389/fimmu.2022.1088886,14,3.5,0.315721649484536
"OHTA S, 2023, EXP DERMATOL",10.1111/exd.14741,14,3.5,0.315721649484536
"WANG HF, 2022, FRONT GENET",10.3389/fgene.2022.811900,14,2.8,0.23750573131591
"SKARBNIK AP, 2021, TRANSPL CELL THER",10.1016/j.jtct.2020.12.026,14,2.3,0.178921161825726
"DÍAZ MBN, 2023, WORLD J STEM CELLS",10.4252/wjsc.v15.i5.281,14,3.5,0.315721649484536
"BIAN CF, 2022, FRONT ONCOL",10.3389/fonc.2022.1002589,14,2.8,0.23750573131591
"JIANG XY, 2019, J CANCER",10.7150/jca.26481,14,1.8,0.108167770419426
"VANDONI G, 2023, INT J MOL SCI",10.3390/ijms241411611,14,3.5,0.315721649484536
"KUMAR S, 2025, FRONT PHYSIOL",10.3389/fphys.2025.1621358,14,7,1.3971340839304
"ZHANG YY, 2024, AM J CHINESE MED",10.1142/S0192415X24500885,14,4.7,0.55971418849949
"HEBBARD AIT, 2016, EXPERT REV ANTI-INFE",10.1080/14787210.2016.1234376,14,1.3,0.129181084198385
"WANG JL, 2024, BIOMEDICINES",10.3390/biomedicines12071450,14,4.7,0.55971418849949
"DUAN HL, 2025, FRONT IMMUNOL",10.3389/fimmu.2025.1675677,14,7,1.3971340839304
"REN ZY, 2022, NUTRIENTS",10.3390/nu14224723,14,2.8,0.23750573131591
"CISZEWSKI WM, 2022, FRONT CELL DEV BIOL",10.3389/fcell.2022.1012254,14,2.8,0.23750573131591
"MERALI N, 2023, INT J MOL SCI",10.3390/ijms242316888,14,3.5,0.315721649484536
"HUI XF, 2025, FRONT IMMUNOL",10.3389/fimmu.2025.1717062,14,7,1.3971340839304
"LI ZY, 2022, FRONT GENET",10.3389/fgene.2022.925338,14,2.8,0.23750573131591
"NEUT C, 2021, ANTIBIOTICS-BASEL",10.3390/antibiotics10101163,14,2.3,0.178921161825726
"SANTARELLI G, 2025, FRONT CELL INFECT MI",10.3389/fcimb.2025.1586442,14,7,1.3971340839304
"HATEMI G, 2016, CLIN EXP RHEUMATOL",NA,14,1.3,0.129181084198385
"KARUMURU V, 2025, NANOTHERANOSTICS",10.7150/ntno.110966,14,7,1.3971340839304
"LIU Y, 2024, MOL NEUROBIOL",10.1007/s12035-024-04022-w,14,4.7,0.55971418849949
"ZHONG W, 2025, PHYTOCHEM REV",10.1007/s11101-023-09866-z,14,7,1.3971340839304
"KEDIA S, 2024, CLIN GASTROENTEROL HEPATOL",10.1016/j.cgh.2024.01.013,14,4.7,0.55971418849949
"SAHA A, 2023, CURR TOP MED CHEM",10.2174/1568026623666221201150933,14,3.5,0.315721649484536
"EL HAGE CHEHADE N, 2023, J CLIN GASTROENTEROL",10.1097/MCG.0000000000001914,14,3.5,0.315721649484536
"HAUGH A.M., 2021, HEMATOL ONCOL CLIN NORTH AM",10.1016/j.hoc.2020.09.005,14,2.3,0.178921161825726
"VANELLA V, 2021, EXPERT OPIN EMERG DRUGS",10.1080/14728214.2021.1901884,14,2.3,0.178921161825726
"LIU H.-M., 2023, INT J MOL SCI",10.3390/ijms242316932,14,3.5,0.315721649484536
"VILLAFUERTE GÁLVEZ J.A., 2017, EXPERT REV GASTROENTEROL HEPATOL",10.1080/17474124.2017.1344551,14,1.4,0.101352638597828
"JAGESSAR S.A.R., 2019, J INT MED RES",10.1177/0300060519854913,14,1.8,0.108167770419426
"PARISI A, 2021, BIOMEDICINES",10.3390/biomedicines9020140,13,2.2,0.166141078838174
"CHEUNG VTF, 2020, BEST PRACT RES CL GA",10.1016/j.bpg.2020.101703,13,1.9,0.178118883280107
"SITTHIDEATPHAIBOON P, 2024, SCI REP-UK",10.1038/s41598-024-79339-6,13,4.3,0.519734603606669
"KIM JK, 2022, PHARMACEUTICS",10.3390/pharmaceutics14040746,13,2.6,0.220541036221917
"CIERNIKOVA S, 2025, FRONT CELL INFECT MI",10.3389/fcimb.2024.1529871,13,6.5,1.29733879222109
"SPILIOPOULOU P, 2023, INT J MOL SCI",10.3390/ijms24021294,13,3.2,0.293170103092784
"SABEEL Z, 2025, MOL CANCER",10.1186/s12943-025-02456-x,13,6.5,1.29733879222109
"KUJAWSKA J, 2025, ANN HEMATOL",10.1007/s00277-024-05952-0,13,6.5,1.29733879222109
"ARTUSA V, 2023, INT J MOL SCI",10.3390/ijms24054997,13,3.2,0.293170103092784
"ZHANG ZZ, 2018, INT J ONCOL",10.3892/ijo.2018.4570,13,1.4,0.0745697896749522
"KWEE JK, 2016, ANTI-CANCER AGENT ME",10.2174/1871520616666151116124549,13,1.2,0.119953863898501
"QIAN JW, 2023, BBA-REV CANCER",10.1016/j.bbcan.2023.188943,13,3.2,0.293170103092784
"ÖZÇAM M, 2025, NAT COMMUN",10.1038/s41467-025-61161-x,13,6.5,1.29733879222109
"MENDELSOHN RB, 2022, DIGEST DIS SCI",10.1007/s10620-021-07024-z,13,2.6,0.220541036221917
"CUI JY, 2024, WORLD J GASTRO ONCOL",10.4251/wjgo.v16.i12.4565,13,4.3,0.519734603606669
"FORBES BE, 2016, GROWTH HORM IGF RES",10.1016/j.ghir.2016.09.006,13,1.2,0.119953863898501
"ABU-SBEIH H, 2019, EUR J GASTROEN HEPAT",10.1097/MEG.0000000000001288,13,1.6,0.100441501103753
"JENA A, 2022, EXPERT REV GASTROENT",10.1080/17474124.2022.2032662,13,2.6,0.220541036221917
"ZHANG Q, 2017, DRUG METAB DISPOS",10.1124/dmd.116.074609,13,1.3,0.094113164412269
"JI G, 2024, ADV DRUG DELIV REV",10.1016/j.addr.2024.115345,13,4.3,0.519734603606669
"WEI X, 2024, BIOMED PHARMACOTHER",10.1016/j.biopha.2024.117580,13,4.3,0.519734603606669
"SHADVAR N, 2024, FRONT MICROBIOL",10.3389/fmicb.2024.1379209,13,4.3,0.519734603606669
"WANG Y.-Y., 2023, INT J CANCER",10.1002/ijc.34421,13,3.2,0.293170103092784
"SARFRAZ H, 2024, J CLIN ONCOL",10.1200/JCO.2024.42.16_suppl.593,13,4.3,0.519734603606669
"DE LA GARZA-SALAZAR F, 2023, BR J CLIN PHARMACOL",10.1111/bcp.15590,13,3.2,0.293170103092784
"WANG FY, 2025, CANCER MED-US",10.1002/cam4.70994,12,6,1.19754350051177
"FORMELLI MG, 2025, ADV DRUG DELIVER REV",10.1016/j.addr.2025.115671,12,6,1.19754350051177
"LI J, 2021, CHINESE J CANCER RES",10.21147/j.issn.1000-9604.2021.06.07,12,2,0.153360995850622
"SELIGER B, 2019, FRONT IMMUNOL",10.3389/fimmu.2019.02043,12,1.5,0.0927152317880795
"LI WK, 2025, CANCER MED-US",10.1002/cam4.71065,12,6,1.19754350051177
"CHEN BY, 2019, DRUG DISCOV TODAY",10.1016/j.drudis.2019.02.009,12,1.5,0.0927152317880795
"HINSHAW DC, 2022, LAB INVEST",10.1038/s41374-022-00828-1,12,2.4,0.203576341127923
"KRAWCZYK A, 2025, CANCERS",10.3390/cancers17050719,12,6,1.19754350051177
"WANG L, 2023, FRONT IMMUNOL",10.3389/fimmu.2023.1093233,12,3,0.270618556701031
"ALTRAWY A, 2024, CANCERS",10.3390/cancers16244132,12,4,0.479755018713848
"LIU L, 2022, CLIN TRANSL ONCOL",10.1007/s12094-022-02919-3,12,2.4,0.203576341127923
"ZHAO CN, 2025, CELL REP MED",10.1016/j.xcrm.2025.102370,12,6,1.19754350051177
"LEUNG ELH, 2023, ANTIOXID REDOX SIGN",10.1089/ars.2021.0243,12,3,0.270618556701031
"ADLAKHA YK, 2025, CANCER CELL INT",10.1186/s12935-025-03787-x,12,6,1.19754350051177
"HUO R, 2025, NPJ PRECIS ONCOL",10.1038/s41698-025-00960-3,12,6,1.19754350051177
"JIANG ZY, 2021, INFECT GENET EVOL",10.1016/j.meegid.2021.104946,12,2,0.153360995850622
"LEE MSL, 2020, TRANSPL INFECT DIS",10.1111/tid.13216,12,1.7,0.164417430720099
"AN SJ, 2025, FRONT MICROBIOL",10.3389/fmicb.2025.1559033,12,6,1.19754350051177
"XU LS, 2025, FRONT PHARMACOL",10.3389/fphar.2024.1510851,12,6,1.19754350051177
"PFISTERER N, 2022, CANCERS",10.3390/cancers14235974,12,2.4,0.203576341127923
"ZHAO WS, 2024, AM J CANCER RES",10.62347/XKUJ3012,12,4,0.479755018713848
"HOU XL, 2025, SMALL METHODS",10.1002/smtd.202401611,12,6,1.19754350051177
"YANG G, 2025, CANCER CELL INT",10.1186/s12935-025-03641-0,12,6,1.19754350051177
"MCALPINE PL, 2024, NUTRIENTS",10.3390/nu16060802,12,4,0.479755018713848
"DING TT, 2024, HELIYON",10.1016/j.heliyon.2024.e37511,12,4,0.479755018713848
"ZHU ZF, 2025, MOL MED REP",10.3892/mmr.2025.13456,12,6,1.19754350051177
"ZHUANG XD, 2023, CHEM ENG J",10.1016/j.cej.2023.141982,12,3,0.270618556701031
"TREVELLIN E, 2023, BIOMEDICINES",10.3390/biomedicines11051319,12,3,0.270618556701031
"SAMANTA S, 2022, J ENVIRON PATHOL TOX",10.1615/JEnvironPatholToxicolOncol.2022041294,12,2.4,0.203576341127923
"JIA FJ, 2022, CANCERS",10.3390/cancers14246111,12,2.4,0.203576341127923
"LU SX, 2022, EXPERT OPIN DRUG DIS",10.1080/17460441.2023.2157402,12,2.4,0.203576341127923
"ZHANG H, 2020, MOL THER ONCOLYTICS",10.1016/j.omto.2020.06.015,12,1.7,0.164417430720099
"CHEN WJ, 2025, ONCOGENE",10.1038/s41388-025-03408-x,12,6,1.19754350051177
"RUIZ-LIMÓN P, 2024, FRONT MED",10.3389/fmed.2024.1497756,12,4,0.479755018713848
"YANG J, 2024, LIFE SCI",10.1016/j.lfs.2023.122279,12,4,0.479755018713848
"MEZHIBOVSKY E, 2023, J ENDOCR SOC",10.1210/jendso/bvad095,12,3,0.270618556701031
"BAI X, 2022, CURR DRUG METAB",10.2174/1389200223666220128141038,12,2.4,0.203576341127923
"GRENDA A, 2022, PATHOGENS",10.3390/pathogens11060687,12,2.4,0.203576341127923
"ABBAS A.F., 2020, J GASTROINTEST CANCER",10.1007/s12029-019-00317-7,12,1.7,0.164417430720099
"XU XF, 2025, SEMIN CANCER BIOL",10.1016/j.semcancer.2025.07.005,11,5.5,1.09774820880246
"PEZESHKI B, 2025, PROBIOTICS ANTIMICRO",10.1007/s12602-025-10462-0,11,5.5,1.09774820880246
"DU YJ, 2025, TRANSL LUNG CANCER R",10.21037/tlcr-2025-973,11,5.5,1.09774820880246
"WU HC, 2025, J TRANSL MED",10.1186/s12967-025-07151-5,11,5.5,1.09774820880246
"MOURAH S, 2020, CURR OPIN ONCOL",10.1097/CCO.0000000000000603,11,1.6,0.150715978160091
"SONG JQ, 2025, GUT PATHOG",10.1186/s13099-025-00734-z,11,5.5,1.09774820880246
"JASINSKI M, 2021, FRONT ONCOL",10.3389/fonc.2021.741376,11,1.8,0.140580912863071
"MACHIDA K, 2022, CANCERS",10.3390/cancers14102381,11,2.2,0.186611646033929
"ZOU R, 2021, CLIN TRANSL ONCOL",10.1007/s12094-021-02637-2,11,1.8,0.140580912863071
"MATHEBELA P, 2022, INT J MOL SCI",10.3390/ijms232213750,11,2.2,0.186611646033929
"MONDAL P, 2024, CANCER METAST REV",10.1007/s10555-023-10138-7,11,3.7,0.439775433821028
"XIE BQ, 2024, J CANCER",10.7150/jca.96448,11,3.7,0.439775433821028
"CINTONI M, 2025, MICROORGANISMS",10.3390/microorganisms13061410,11,5.5,1.09774820880246
"WANG SL, 2025, RESEARCH-CHINA",10.34133/research.0744,11,5.5,1.09774820880246
"MENDES I, 2024, BIOMEDICINES",10.3390/biomedicines12010227,11,3.7,0.439775433821028
"DEWAN A, 2025, INT J MOL SCI",10.3390/ijms26146958,11,5.5,1.09774820880246
"KUNO T, 2019, DRUG METAB PHARMACOK",10.1016/j.dmpk.2019.01.001,11,1.4,0.0849889624724062
"YANG WT, 2024, BIOMED PHARMACOTHER",10.1016/j.biopha.2024.117283,11,3.7,0.439775433821028
"FRANKLIN F, 2022, PARASITE VECTOR",10.1186/s13071-022-05418-0,11,2.2,0.186611646033929
"CHAO NN, 2025, BBA-REV CANCER",10.1016/j.bbcan.2025.189425,11,5.5,1.09774820880246
"ZAHEDIFARD Z, 2025, BIOTECHNOL APPL BIOC",10.1002/bab.2738,11,5.5,1.09774820880246
"ZENG W, 2024, J MICROBIOL",10.1007/s12275-023-00100-1,11,3.7,0.439775433821028
"SOGARI A, 2024, CELL REP MED",10.1016/j.xcrm.2023.101376,11,3.7,0.439775433821028
"GOLUBNITSCHAJA O, 2022, CANCERS",10.3390/cancers14030675,11,2.2,0.186611646033929
"AGRAWAL MY, 2022, CANCERS",10.3390/cancers14225482,11,2.2,0.186611646033929
"JUÁREZ-ESTRADA MA, 2021, FRONT VET SCI",10.3389/fvets.2021.758379,11,1.8,0.140580912863071
"XIANG Y, 2025, FRONT VET SCI",10.3389/fvets.2025.1603107,11,5.5,1.09774820880246
"GUENTHER M, 2022, JNCI CANCER SPECTR",10.1093/jncics/pkac039,11,2.2,0.186611646033929
"TSAKMAKLIS A, 2023, BMC CANCER",10.1186/s12885-023-11551-5,11,2.8,0.248067010309278
"ROZMUS J, 2021, FRONT IMMUNOL",10.3389/fimmu.2020.574569,11,1.8,0.140580912863071
"HARWANSH R.K., 2024, CURR PHARM BIOTECHNOL",10.2174/0113892010282432231222060355,11,3.7,0.439775433821028
"NEWELL L.F., 2021, HEMATOLOGY",10.1182/hematology.2021000300,11,1.8,0.140580912863071
"DAVIS J, 2022, FP ESSENT",NA,11,2.2,0.186611646033929
"GUVEN DC, 2022, APPL SCI-BASEL",10.3390/app122010548,10,2,0.169646950939936
"PANG SA, 2023, CURR ONCOL",10.3390/curroncol30090570,10,2.5,0.225515463917526
"DAILLÈRE R, 2020, ONCOIMMUNOLOGY",10.1080/2162402X.2020.1794423,10,1.4,0.137014525600082
"GORGULHO CM, 2021, J IMMUNOTHER",10.1097/CJI.0000000000000357,10,1.7,0.127800829875519
"HE XR, 2025, FRONT ONCOL",10.3389/fonc.2025.1525280,10,5,0.997952917093142
"CHENG MX, 2025, J IMMUNOTHER CANCER",10.1136/jitc-2024-009415,10,5,0.997952917093142
"VERHOEF JI, 2023, EXPERT REV ANTICANC",10.1080/14737140.2023.2262765,10,2.5,0.225515463917526
"SADEGHLOO Z, 2025, GUT PATHOG",10.1186/s13099-025-00757-6,10,5,0.997952917093142
"CHEN XL, 2025, CANCER CELL INT",10.1186/s12935-025-03673-6,10,5,0.997952917093142
"DADGAR N, 2023, CANCERS",10.3390/cancers15184426,10,2.5,0.225515463917526
"LIU DL, 2025, J CANCER",10.7150/jca.108163,10,5,0.997952917093142
"YAN JC, 2024, NANO LETT",10.1021/acs.nanolett.4c03692,10,3.3,0.399795848928207
"ZHANG R, 2024, MICROORGANISMS",10.3390/microorganisms12061053,10,3.3,0.399795848928207
"BASU M, 2021, FRONT ONCOL",10.3389/fonc.2021.740606,10,1.7,0.127800829875519
"MUELLER AL, 2022, BIOMEDICINES",10.3390/biomedicines10040832,10,2,0.169646950939936
"BENYAMINI P, 2024, ANTIBIOTICS-BASEL",10.3390/antibiotics13100919,10,3.3,0.399795848928207
"HE QM, 2025, FRONT IMMUNOL",10.3389/fimmu.2025.1642091,10,5,0.997952917093142
"MIZUTANI H, 2025, SCI REP-UK",10.1038/s41598-025-00976-6,10,5,0.997952917093142
"SHI JB, 2025, SMALL",10.1002/smll.202505651,10,5,0.997952917093142
"JIANG L, 2024, J BIOL CHEM",10.1016/j.jbc.2024.107171,10,3.3,0.399795848928207
"MAFE AN, 2025, PHARMACEUTICS",10.3390/pharmaceutics17070820,10,5,0.997952917093142
"ZHOU ZK, 2025, MICROBIOME",10.1186/s40168-025-02133-7,10,5,0.997952917093142
"CHENG F, 2025, NPJ BIOFILMS MICROBI",10.1038/s41522-025-00882-9,10,5,0.997952917093142
"LIU DS, 2022, FRONT CELL INFECT MI",10.3389/fcimb.2022.976710,10,2,0.169646950939936
"MORUA E, 2025, ANIMALS-BASEL",10.3390/ani15101359,10,5,0.997952917093142
"DIAS IE, 2024, BIOMEDICINES",10.3390/biomedicines12040735,10,3.3,0.399795848928207
"ASLEH M, 2022, MICROB DRUG RESIST",10.1089/mdr.2020.0469,10,2,0.169646950939936
"CHUNG V, 2025, ONCOLOGIST",10.1093/oncolo/oyae323,10,5,0.997952917093142
"GIANNOPOULOU N, 2023, ONCOLOGY-BASEL",10.1159/000531474,10,2.5,0.225515463917526
"ZANETTA P, 2024, PHARMACEUTICS",10.3390/pharmaceutics16010018,10,3.3,0.399795848928207
"BELLANI MA, 2024, DNA REPAIR",10.1016/j.dnarep.2024.103739,10,3.3,0.399795848928207
"ZHAO CY, 2022, INT J MOL SCI",10.3390/ijms231710104,10,2,0.169646950939936
"CHEN L, 2025, ADV FUNCT MATER",10.1002/adfm.202421288,10,5,0.997952917093142
"TAO M, 2025, MOL PHARMACEUT",10.1021/acs.molpharmaceut.4c00264,10,5,0.997952917093142
"ZHANG XM, 2025, FRONT ENDOCRINOL",10.3389/fendo.2025.1530578,10,5,0.997952917093142
"MIZUTANI Y, 2023, INTERNAL MED",10.2169/internalmedicine.1314-22,10,2.5,0.225515463917526
"DJEBLI N, 2024, CPT PHARMACOMETRICS SYST PHARMACOL",10.1002/psp4.13091,10,3.3,0.399795848928207
"WANG R, 2024, INT IMMUNOPHARMACOL",10.1016/j.intimp.2024.111989,10,3.3,0.399795848928207
"ASENSI CANTÓ P, 2024, BONE MARROW TRANSPLANT",10.1038/s41409-024-02391-3,10,3.3,0.399795848928207
"DARZI A, 2025, BIOMED PHARMACOTHER",10.1016/j.biopha.2025.118875,10,5,0.997952917093142
"JIA W, 2024, MAR DRUGS",10.3390/md22040175,10,3.3,0.399795848928207
"HU Q, 2025, INT J BIOL MACROMOL",10.1016/j.ijbiomac.2024.138294,10,5,0.997952917093142
"CRIADO P.R., 2025, AN BRAS DERMATOL",10.1016/j.abd.2025.501198,10,5,0.997952917093142
"SHEN L, 2021, CANCER CELL",10.1016/j.ccell.2021.08.002,10,1.7,0.127800829875519
"MEHTA R.S., 2022, TRANSPLANT CELL THER",10.1016/j.jtct.2022.05.039,10,2,0.169646950939936
"KRAGSNAES M.S., 2023, ACR OPEN RHEUMATOLOGY",10.1002/acr2.11604,10,2.5,0.225515463917526
"ROBERTO M, 2021, FRONT IMMUNOL",10.3389/fimmu.2021.704942,10,1.7,0.127800829875519
"BARONE M, 2021, FRONT ONCOL",10.3389/fonc.2021.715217,10,1.7,0.127800829875519
"ALA M, 2022, CURR DIABETES REV",10.2174/1573399818666211105125129,10,2,0.169646950939936
"SUZUKI K, 2018, CELL STRUCT FUNCT",10.1247/csf.17022,10,1.1,0.0573613766730402
"LI QS, 2023, CANCER IMMUNOL IMMUN",10.1007/s00262-022-03285-3,9,2.2,0.202963917525773
"DE A, 2019, INTEGR CANCER THER",10.1177/1534735419889154,9,1.1,0.0695364238410596
"VONGSAVATH T, 2024, CANCERS",10.3390/cancers16030499,9,3,0.359816264035386
"CIERNIKOVA S, 2024, AM J PHYSIOL-CELL PH",10.1152/ajpcell.00201.2024,9,3,0.359816264035386
"BLANCO JR, 2025, CELLS-BASEL",10.3390/cells14221813,9,4.5,0.898157625383828
"ELGHANNAM MT, 2025, GUT PATHOG",10.1186/s13099-025-00729-w,9,4.5,0.898157625383828
"TUDORACHE M, 2025, CANCERS",10.3390/cancers17142294,9,4.5,0.898157625383828
"FANIJAVADI S, 2025, INT J MOL SCI",10.3390/ijms26020730,9,4.5,0.898157625383828
"CHAN SL, 2020, PROG MOL BIOL TRANSL",10.1016/bs.pmbts.2020.04.004,9,1.3,0.123313073040074
"NGOC KL, 2024, FRONT IMMUNOL",10.3389/fimmu.2024.1428420,9,3,0.359816264035386
"JASINSKI M, 2022, FRONT IMMUNOL",10.3389/fimmu.2022.853540,9,1.8,0.152682255845942
"PERELLÓ-REUS CM, 2022, FRONT ONCOL",10.3389/fonc.2022.995357,9,1.8,0.152682255845942
"ZHANG H, 2025, FRONT MICROBIOL",10.3389/fmicb.2025.1599691,9,4.5,0.898157625383828
"CAO DL, 2024, J NAT PROD",10.1021/acs.jnatprod.3c00782,9,3,0.359816264035386
"ZHU LY, 2025, ORAL ONCOL",10.1016/j.oraloncology.2025.107513,9,4.5,0.898157625383828
"LI WJ, 2021, J CANCER",10.7150/jca.61618,9,1.5,0.115020746887967
"LEUNG HKM, 2025, PROBIOTICS ANTIMICRO",10.1007/s12602-024-10405-1,9,4.5,0.898157625383828
"OZAKA S, 2024, FRONT IMMUNOL",10.3389/fimmu.2024.1457562,9,3,0.359816264035386
"LI XC, 2025, PHARMACOL RES",10.1016/j.phrs.2025.107902,9,4.5,0.898157625383828
"TARRIS G, 2021, MSPHERE",10.1128/mSphere.01185-20,9,1.5,0.115020746887967
"XU G, 2025, BIOMOLECULES",10.3390/biom15071018,9,4.5,0.898157625383828
"COLOMBIÉ M, 2021, BMC CANCER",10.1186/s12885-021-08060-8,9,1.5,0.115020746887967
"YANG Y, 2025, FRONT IMMUNOL",10.3389/fimmu.2025.1524563,9,4.5,0.898157625383828
"WEI S, 2025, J HAZARD MATER",10.1016/j.jhazmat.2024.137006,9,4.5,0.898157625383828
"SULLIVAN R.J., 2025, J IMMUNOTHER CANCER",10.1136/jitc-2025-011929,9,4.5,0.898157625383828
"KORST C.L.B.M., 2024, J IMMUNOTHER CANCER",10.1136/jitc-2023-008769,9,3,0.359816264035386
"ZHOU T, 2024, CANCER GENE THER",10.1038/s41417-024-00736-0,9,3,0.359816264035386
"WANG G, 2025, APOPTOSIS",10.1007/s10495-024-02046-0,9,4.5,0.898157625383828
"OLIVEIRA N.F., 2021, CURR TOP MED CHEM",10.2174/1568026620666200924115113,9,1.5,0.115020746887967
"PAMPALONE M, 2021, STEM CELL REV REP",10.1007/s12015-020-10104-8,9,1.5,0.115020746887967
"SIMPSON R.C., 2021, CANCER CELL",10.1016/j.ccell.2021.01.016,9,1.5,0.115020746887967
"SHI J, 2022, INFECT DRUG RESIST",10.2147/IDR.S372122,9,1.8,0.152682255845942
"PRADHAN D, 2022, ARCH MED RES",10.1016/j.arcmed.2021.09.008,9,1.8,0.152682255845942
"BOZIC D, 2023, BIOMED PHARMACOTHER",10.1016/j.biopha.2023.114316,9,2.2,0.202963917525773
"ZHANG J, 2020, BMC MED GENOMICS",10.1186/s12920-020-00810-0,9,1.3,0.123313073040074
"HARRIS J.P., 2022, ONCOLOGIST",10.1093/oncolo/oyac019,9,1.8,0.152682255845942
"FURFARO F, 2016, EXPERT REV GASTROENTEROL HEPATOL",10.1586/17474124.2016.1142372,9,0.8,0.0830449826989619
"PANDEY P, 2023, BBA-GEN SUBJECTS",10.1016/j.bbagen.2023.130401,8,2,0.180412371134021
"DAYHIMI A, 2025, TECHNOL CANCER RES T",10.1177/15330338251365700,8,4,0.798362333674514
"KIM SY, 2022, MEDICINE",10.1097/MD.0000000000029135,8,1.6,0.135717560751949
"LIU XY, 2024, FRONT IMMUNOL",10.3389/fimmu.2024.1450927,8,2.7,0.319836679142565
"AYABE RI, 2024, FRONT BIOSCI-LANDMRK",10.31083/j.fbl2904152,8,2.7,0.319836679142565
"DAVID A, 2024, INTEGR CANCER THER",10.1177/15347354241269870,8,2.7,0.319836679142565
"WANG XY, 2022, JUNDISHAPUR J MICROB",10.5812/jjm-122386,8,1.6,0.135717560751949
"CHEN XY, 2025, FRONT MICROBIOL",10.3389/fmicb.2025.1704491,8,4,0.798362333674514
"ISMAEL M, 2025, PROBIOTICS ANTIMICRO",10.1007/s12602-024-10356-7,8,4,0.798362333674514
"LIU Z, 2023, CANCER MED-US",10.1002/cam4.6298,8,2,0.180412371134021
"EBRAHIMI R, 2024, PLOS ONE",10.1371/journal.pone.0311731,8,2.7,0.319836679142565
"SHANG LY, 2025, INT J PHARMACEUT",10.1016/j.ijpharm.2025.125758,8,4,0.798362333674514
"EVORA GM, 2025, TRENDS CANCER",10.1016/j.trecan.2025.08.005,8,4,0.798362333674514
"ZHANG ZL, 2022, BBA-REV CANCER",10.1016/j.bbcan.2022.188733,8,1.6,0.135717560751949
"CHEATHAM SM, 2025, SCI REP-UK",10.1038/s41598-025-30385-8,8,4,0.798362333674514
"ZEISER R, 2018, HEMATOL-AM SOC HEMAT",10.1182/asheducation-2018.1.236,8,0.9,0.0458891013384321
"KOO TH, 2025, WORLD J GASTRO SURG",10.4240/wjgs.v17.i7.107110,8,4,0.798362333674514
"XU WB, 2025, CELL REP",10.1016/j.celrep.2025.116473,8,4,0.798362333674514
"DUARTE JD, 2018, IMMUNOL CELL BIOL",10.1111/imcb.12001,8,0.9,0.0458891013384321
"ZHANG WJ, 2022, CELLS-BASEL",10.3390/cells11111780,8,1.6,0.135717560751949
"ALAMRI AM, 2025, MED ONCOL",10.1007/s12032-025-03042-3,8,4,0.798362333674514
"LEUNG ELH, 2023, SEMIN CANCER BIOL",10.1016/j.semcancer.2022.11.012,8,2,0.180412371134021
"BILAL H, 2025, CANCER RES",10.1158/0008-5472.CAN-24-1609,8,4,0.798362333674514
"WANG X, 2023, BMC INFECT DIS",10.1186/s12879-023-08766-z,8,2,0.180412371134021
"CONSOLO P, 2025, INT J MOL SCI",10.3390/ijms26167823,8,4,0.798362333674514
"MARONGIU GL, 2025, P NATL ACAD SCI USA",10.1073/pnas.2418155122,8,4,0.798362333674514
"QIN D, 2025, FRONT CELL DEV BIOL",10.3389/fcell.2025.1623276,8,4,0.798362333674514
"PATEL N, 2022, AM J SURG PATHOL",10.1097/PAS.0000000000001639,8,1.6,0.135717560751949
"AHMED A, 2022, FRONT IMMUNOL",10.3389/fimmu.2022.947407,8,1.6,0.135717560751949
"ZHANG L, 2025, FRONT CELL DEV BIOL",10.3389/fcell.2025.1650909,8,4,0.798362333674514
"LI Q, 2025, FRONT MED",10.3389/fmed.2025.1538528,8,4,0.798362333674514
"BI Y, 2025, INT J MOL SCI",10.3390/ijms26168029,8,4,0.798362333674514
"LIANG X, 2025, BMC MICROBIOL",10.1186/s12866-025-04277-w,8,4,0.798362333674514
"KUHL G.C., 2025, CANCERS",10.3390/cancers17050723,8,4,0.798362333674514
"YU F, 2024, EUR J NUTR",10.1007/s00394-024-03419-6,8,2.7,0.319836679142565
"JIN Y, 2025, FOOD CHEM",10.1016/j.foodchem.2025.142833,8,4,0.798362333674514
"YANG X, 2025, MEDCOMM",10.1002/mco2.70465,8,4,0.798362333674514
"KOTAMARTI S, 2022, UROL CLIN NORTH AM",10.1016/j.ucl.2022.07.005,8,1.6,0.135717560751949
"ZARAGOZA-GARCÍA O, 2023, INT J MOL SCI",10.3390/ijms24031958,8,2,0.180412371134021
"LI J, 2022, PLOS ONE",10.1371/journal.pone.0266382,8,1.6,0.135717560751949
"YIN Q, 2023, FRONT PHARMACOL",10.3389/fphar.2023.1272073,8,2,0.180412371134021
"FU Y, 2024, FRONT MICROBIOL",10.3389/fmicb.2024.1404652,8,2.7,0.319836679142565
"MOON D, 2020, ANN CLIN LAB SCI",NA,8,1.1,0.109611620480066
"WATERMAN C, 2016, MED RES REV",10.1002/med.21335,8,0.7,0.0738177623990773
"DEAN NJ, 2024, BEST PRACT RES CL GA",10.1016/j.bpg.2024.101944,7,2.3,0.279857094249745
"CASADEI B, 2024, HEMATOL ONCOL",10.1002/hon.3301,7,2.3,0.279857094249745
"MALCZEWSKI AB, 2025, CLIN TRANSL MED",10.1002/ctm2.70472,7,3.5,0.6985670419652
"LIU ZQ, 2025, FRONT ONCOL",10.3389/fonc.2025.1630726,7,3.5,0.6985670419652
"ZHU HC, 2025, FRONT IMMUNOL",10.3389/fimmu.2025.1604216,7,3.5,0.6985670419652
"YAO N, 2024, MEDICINE",10.1097/MD.0000000000036957,7,2.3,0.279857094249745
"CHEN JX, 2025, FRONT IMMUNOL",10.3389/fimmu.2025.1618110,7,3.5,0.6985670419652
"HAZRA R, 2024, MED ONCOL",10.1007/s12032-024-02416-3,7,2.3,0.279857094249745
"JIN J, 2025, INT J BIOL SCI",10.7150/ijbs.117394,7,3.5,0.6985670419652
"HUANG X, 2021, INT J ONCOL",10.3892/ijo.2021.5281,7,1.2,0.0894605809128631
"MA C, 2025, CANCER LETT",10.1016/j.canlet.2025.217975,7,3.5,0.6985670419652
"XU Y, 2025, CLIN TRANSL ONCOL",10.1007/s12094-024-03710-2,7,3.5,0.6985670419652
"LOGANATHAN T, 2025, PLOS ONE",10.1371/journal.pone.0324742,7,3.5,0.6985670419652
"LI DX, 2025, INT J CANCER",10.1002/ijc.35456,7,3.5,0.6985670419652
"YANG SS, 2024, DISCOV ONCOL",10.1007/s12672-024-01704-8,7,2.3,0.279857094249745
"BAHAR A, 2025, BIOMOLECULES",10.3390/biom15081165,7,3.5,0.6985670419652
"LIANG F, 2025, FRONT CELL INFECT MI",10.3389/fcimb.2025.1562831,7,3.5,0.6985670419652
"VERMA M, 2025, J MATER CHEM B",10.1039/d4tb02409e,7,3.5,0.6985670419652
"BOUGES E, 2023, CANCERS",10.3390/cancers15245859,7,1.8,0.157860824742268
"LUO WY, 2024, MOL ORAL MICROBIOL",10.1111/omi.12475,7,2.3,0.279857094249745
"XU HJ, 2025, CLIN RHEUMATOL",10.1007/s10067-024-07267-x,7,3.5,0.6985670419652
"WANG J, 2022, CANCERS",10.3390/cancers14235977,7,1.4,0.118752865657955
"WU ZH, 2023, INT J ANTIMICROB AG",10.1016/j.ijantimicag.2023.106923,7,1.8,0.157860824742268
"SINGH J, 2024, GASTROENTEROL REP",10.1093/gastro/goae072,7,2.3,0.279857094249745
"CHENG PK, 2018, RSC ADV",10.1039/c8ra01662c,7,0.8,0.0401529636711281
"MARTIN A, 2024, CLIN RES HEPATOL GAS",10.1016/j.clinre.2023.102247,7,2.3,0.279857094249745
"SHAHBAZ A, 2023, MED ONCOL",10.1007/s12032-023-02074-x,7,1.8,0.157860824742268
"MAZILU L, 2021, EXP THER MED",10.3892/etm.2021.10562,7,1.2,0.0894605809128631
"RUIZ MA, 2020, WORLD J STEM CELLS",10.4252/wjsc.v12.i10.1113,7,1,0.0959101679200577
"ZHOU L, 2024, J ETHNOPHARMACOL",10.1016/j.jep.2023.117689,7,2.3,0.279857094249745
"WONGKUNA S, 2024, MICROBIOL SPECTR",10.1128/spectrum.01621-23,7,2.3,0.279857094249745
"KIM M.S., 2025, GUT MICROBES",10.1080/19490976.2025.2575923,7,3.5,0.6985670419652
"WANG X, 2025, AM J CHIN MED",10.1142/S0192415X25500120,7,3.5,0.6985670419652
"WANG Y, 2025, ARTIF CELLS NANOMED BIOTECHNOL",10.1080/21691401.2025.2475088,7,3.5,0.6985670419652
"HAJIESMAILPOOR Z, 2024, DISCOV ONCOL",10.1007/s12672-024-00929-x,7,2.3,0.279857094249745
"WEISSFUSS C, 2025, FRONT IMMUNOL",10.3389/fimmu.2025.1681461,7,3.5,0.6985670419652
"SUBKLEWE M, 2025, SEMIN HEMATOL",10.1053/j.seminhematol.2025.08.003,7,3.5,0.6985670419652
"LI R, 2025, PLOS ONE",10.1371/journal.pone.0337214,7,3.5,0.6985670419652
"ZHANG H, 2024, PHARMACOL RES",10.1016/j.phrs.2024.107108,7,2.3,0.279857094249745
"MARZUTTINI F, 2021, ANN HEMATOL",10.1007/s00277-021-04569-x,7,1.2,0.0894605809128631
"SHARIFZADEH S.S., 2023, J DENT",10.30476/dentjods.2022.94792.1812,7,1.8,0.157860824742268
"DE ARAÚJO M.P., 2022, PEERJ",10.7717/peerj.13401,7,1.4,0.118752865657955
"KAAKO A, 2019, ANAEROBE",10.1016/j.anaerobe.2018.11.010,7,0.9,0.054083885209713
"MEIJER LL, 2019, CRIT REV ONCOL HEMAT",10.1016/j.critrevonc.2019.102824,7,0.9,0.054083885209713
"OLÁH C, 2021, ORVOSI HETILAP",10.1556/650.2021.32052,6,1,0.0766804979253112
"LIU J, 2025, FRONT IMMUNOL",10.3389/fimmu.2025.1676112,6,3,0.598771750255885
"HOSSAIN SM, 2024, INT J MOL SCI",10.3390/ijms251810120,6,2,0.239877509356924
"DAI ZJ, 2022, CANCERS",10.3390/cancers14194796,6,1.2,0.101788170563961
"SONAR PV, 2025, FRONT ONCOL",10.3389/fonc.2025.1511560,6,3,0.598771750255885
"DI NICOLA M, 2017, CYTOKINE GROWTH F R",10.1016/j.cytogfr.2017.10.002,6,0.6,0.0434368451133549
"FENG Y, 2025, ONCOL RES",10.32604/or.2025.067824,6,3,0.598771750255885
"SUN S, 2023, J CANCER RES CLIN",10.1007/s00432-022-04176-x,6,1.5,0.135309278350515
"YANGYANQIU W, 2023, GUT PATHOG",10.1186/s13099-023-00562-z,6,1.5,0.135309278350515
"CAI YC, 2025, BIOMOLECULES",10.3390/biom15111546,6,3,0.598771750255885
"ZHOU DL, 2025, MICROBIOL SPECTR",10.1128/spectrum.02792-24,6,3,0.598771750255885
"CHALIF J, 2025, HEMATOL ONCOL CLIN N",10.1016/j.hoc.2024.12.005,6,3,0.598771750255885
"JAGWANI S, 2025, DRUG DISCOV TODAY",10.1016/j.drudis.2025.104528,6,3,0.598771750255885
"WU BQ, 2024, EXPERT OPIN BIOL TH",10.1080/14712598.2024.2371543,6,2,0.239877509356924
"BAI LH, 2023, BIOLOGY-BASEL",10.3390/biology12081151,6,1.5,0.135309278350515
"SABUS A, 2021, J PEDIAT HEMATOL ONC",10.1097/MPH.0000000000002023,6,1,0.0766804979253112
"RAUBER C, 2025, BMJ OPEN",10.1136/bmjopen-2024-097802,6,3,0.598771750255885
"WU JQ, 2022, PLANTA MED",10.1055/a-1506-3476,6,1.2,0.101788170563961
"SONG SW, 2025, FRONT ENDOCRINOL",10.3389/fendo.2025.1628094,6,3,0.598771750255885
"YANG Q, 2025, BLOOD",10.1182/blood.2024025694,6,3,0.598771750255885
"ZOU J, 2024, FRONT IMMUNOL",10.3389/fimmu.2024.1482765,6,2,0.239877509356924
"MANNAVOLA CM, 2025, GUT PATHOG",10.1186/s13099-025-00722-3,6,3,0.598771750255885
"GHOSH R, 2025, MOL BIOL REP",10.1007/s11033-025-10626-9,6,3,0.598771750255885
"ZHANG YT, 2025, MOL PHARMACEUT",10.1021/acs.molpharmaceut.5c00677,6,3,0.598771750255885
"NITTAYABOON K, 2022, BIOMED RES INT",10.1155/2022/6565300,6,1.2,0.101788170563961
"CONNOR KL, 2023, J NUTR BIOCHEM",10.1016/j.jnutbio.2022.109172,6,1.5,0.135309278350515
"ASTUDILLO-DE LA VEGA H, 2019, ADV EXP MED BIOL",10.1007/978-3-030-24100-1_10,6,0.8,0.0463576158940397
"LI SQ, 2025, FRONT PHARMACOL",10.3389/fphar.2025.1667731,6,3,0.598771750255885
"SU MH, 2024, J MATER CHEM B",10.1039/d4tb00103f,6,2,0.239877509356924
"ZHU F, 2020, INFLAMM BOWEL DIS",10.1093/ibd/izaa111,6,0.9,0.0822087153600494
"GUI FF, 2025, BBA-REV CANCER",10.1016/j.bbcan.2025.189355,6,3,0.598771750255885
"KAUNDAL S, 2021, TRANSPL INFECT DIS",10.1111/tid.13717,6,1,0.0766804979253112
"LIU W, 2025, SEMIN CANCER BIOL",10.1016/j.semcancer.2025.06.009,6,3,0.598771750255885
"TAO H, 2025, CANCER SCI",10.1111/cas.70201,6,3,0.598771750255885
"ALMALKI RH, 2023, METABOLITES",10.3390/metabo13080938,6,1.5,0.135309278350515
"LI Z, 2024, ACS APPL MATER INTER",10.1021/acsami.4c05921,6,2,0.239877509356924
"GUPTA T, 2025, PROG BIOPHYS MOL BIO",10.1016/j.pbiomolbio.2025.02.003,6,3,0.598771750255885
"CHATTOPADHYAY A, 2025, CURR TREAT OPTION ON",10.1007/s11864-025-01343-3,6,3,0.598771750255885
"LIU JS, 2025, FRONT PHARMACOL",10.3389/fphar.2025.1551411,6,3,0.598771750255885
"SU H, 2023, EXP THER MED",10.3892/etm.2023.12068,6,1.5,0.135309278350515
"GAO XY, 2025, GUT PATHOG",10.1186/s13099-025-00775-4,6,3,0.598771750255885
"BADAGLIACCA R, 2025, INT J MOL SCI",10.3390/ijms26199700,6,3,0.598771750255885
"LI Y, 2025, ADV FUNCT MATER",10.1002/adfm.202425625,6,3,0.598771750255885
"PAI A.A., 2025, MBIO",10.1128/mbio.03422-24,6,3,0.598771750255885
"YAO Q, 2024, PHARMACOL RES",10.1016/j.prmcm.2024.100360,6,2,0.239877509356924
"XU Y, 2025, FRONT PHARMACOL",10.3389/fphar.2025.1560271,6,3,0.598771750255885
"AHMADI A, 2025, BMC MICROBIOL",10.1186/s12866-025-03963-z,6,3,0.598771750255885
"PAMUNGKAS K.M.N., 2025, WORLD J HEPATOL",10.4254/wjh.v17.i7.106810,6,3,0.598771750255885
"JAFARI M, 2025, HEAL SCI REP",10.1002/hsr2.71422,6,3,0.598771750255885
"LI Z, 2025, ONCOL TRANSL MED",10.1097/ot9.0000000000000071,6,3,0.598771750255885
"SHATILA M, 2024, J CLIN ONCOL",10.1200/JCO.2024.42.16_suppl.2517,6,2,0.239877509356924
"NERY NETO J.A.D.O., 2023, FRONT PHARMACOL",10.3389/fphar.2023.1248757,6,1.5,0.135309278350515
"CUI X, 2023, BMC COMPL MED THERAPIES",10.1186/s12906-023-03858-4,6,1.5,0.135309278350515
"GIBIINO G, 2023, DIG LIVER DIS",10.1016/j.dld.2023.05.012,6,1.5,0.135309278350515
"PENNISI E, 2023, SCI",10.1126/science.adk4276,6,1.5,0.135309278350515
"REBECK O.N., 2021, CELL HOST AND MICROBE",10.1016/j.chom.2021.01.012,6,1,0.0766804979253112
"HINDSON J, 2021, NAT REV GASTROENTEROL HEPATOL",10.1038/s41575-021-00413-9,6,1,0.0766804979253112
"MERRYMAN R.W., 2024, ANN HEMATOL",10.1007/s00277-023-05475-0,6,2,0.239877509356924
"HILAKIVI-CLARKE L, 2022, FRONT MICROBIOMES",10.3389/frmbi.2022.1049688,6,1.2,0.101788170563961
"SHVETS YU.V., 2022, EXP ONCOL",10.32471/exp-oncology.2312-8852.vol-44-no-2.17855,6,1.2,0.101788170563961
"ZAONGO S.D., 2023, CHIN MED J",10.1097/CM9.0000000000002493,6,1.5,0.135309278350515
"VELAGA R, 2022, CANCER DRUG RES",10.20517/cdr.2022.10,6,1.2,0.101788170563961
"DE SOUZA A.L.P.B., 2020, TRANSL GASTROENTEROL HEPATOL",10.21037/tgh.2019.12.11,6,0.9,0.0822087153600494
"SOO W.T., 2020, AUST PRESCR",10.18773/austprescr.2020.014,6,0.9,0.0822087153600494
"MASSON C, 2023, CANCERS",10.3390/cancers15123159,5,1.2,0.112757731958763
"KANG LP, 2025, FRONT IMMUNOL",10.3389/fimmu.2025.1630940,5,2.5,0.498976458546571
"DAI XY, 2025, CANCERS",10.3390/cancers18010039,5,2.5,0.498976458546571
"FULLER-SHAVEL N, 2025, FRONT NUTR",10.3389/fnut.2025.1670598,5,2.5,0.498976458546571
"WEI J, 2025, FRONT IMMUNOL",10.3389/fimmu.2025.1519545,5,2.5,0.498976458546571
"FORTMAN D, 2023, MELANOMA RES",10.1097/CMR.0000000000000871,5,1.2,0.112757731958763
"WANG HW, 2022, CURR MOL MED",10.2174/1566524021666210302144720,5,1,0.0848234754699679
"ZHANG BB, 2025, FRONT ONCOL",10.3389/fonc.2025.1690541,5,2.5,0.498976458546571
"WANG ZY, 2025, FRONT IMMUNOL",10.3389/fimmu.2025.1620895,5,2.5,0.498976458546571
"CHEN Y, 2025, PHYTOMEDICINE",10.1016/j.phymed.2025.157233,5,2.5,0.498976458546571
"YAO JF, 2024, IMMUNOPHARM IMMUNOT",10.1080/08923973.2024.2308252,5,1.7,0.199897924464103
"DE RUBIS G, 2024, PATHOL RES PRACT",10.1016/j.prp.2024.155387,5,1.7,0.199897924464103
"LIN T, 2025, FRONT IMMUNOL",10.3389/fimmu.2025.1692684,5,2.5,0.498976458546571
"QUAGLIARIELLO V, 2025, CANCERS",10.3390/cancers17203348,5,2.5,0.498976458546571
"ALLAM AA, 2025, EXPERT OPIN THER TAR",10.1080/14728222.2025.2500420,5,2.5,0.498976458546571
"FUKUMORI C, 2025, INT J PHARMACEUT",10.1016/j.ijpharm.2025.125549,5,2.5,0.498976458546571
"DIEFENBACH D, 2020, CURR OPIN PHARMACOL",10.1016/j.coph.2020.09.013,5,0.7,0.0685072628000412
"MIRABILE A, 2020, CANCERS",10.3390/cancers12051153,5,0.7,0.0685072628000412
"ALAM S, 2024, CURR PHARM DESIGN",10.2174/0113816128303514240517054617,5,1.7,0.199897924464103
"BHIRUD D, 2024, J BIOMED MATER RES A",10.1002/jbm.a.37732,5,1.7,0.199897924464103
"XING AL, 2025, CHIN J NAT MEDICINES",10.1016/S1875-5364(25)60842-9,5,2.5,0.498976458546571
"FU D, 2025, INT J ONCOL",10.3892/ijo.2025.5813,5,2.5,0.498976458546571
"CHANDRAMOORTHY H.C., 2025, NAUNYN-SCHMIEDEBERG'S ARCH PHARMACOL",10.1007/s00210-025-04240-6,5,2.5,0.498976458546571
"DE-LA-ROSA-MARTINEZ D, 2024, INFECT CONTROL HOSP EPIDEMIOL",10.1017/ice.2024.153,5,1.7,0.199897924464103
"LIU X, 2025, BIOMED TECHNOL",10.1016/j.bmt.2025.100119,5,2.5,0.498976458546571
"VARATHARAJALU K, 2024, J CLIN ONCOL",10.1200/JCO.2024.42.16_suppl.2660,5,1.7,0.199897924464103
"BALDI S, 2024, LUNG",10.1007/s00408-024-00681-7,5,1.7,0.199897924464103
"FLAHERTY K.T., 2025, CLIN CANCER RES",10.1158/1078-0432.CCR-25-0278,5,2.5,0.498976458546571
"KUMARI S, 2025, CRIT REV ONCOG",10.1615/CRITREVONCOG.2024056468,5,2.5,0.498976458546571
"ABBAS M, 2025, MICROBIOME RES REP",10.20517/mrr.2024.89,5,2.5,0.498976458546571
"WANG X, 2025, PHYTOMEDICINE",10.1016/j.phymed.2025.157210,5,2.5,0.498976458546571
"JIANG Y.-R., 2024, PHYTOTHER RES",10.1002/ptr.8218,5,1.7,0.199897924464103
"RIELLO G.B.C., 2024, INT J HEMATOL ONCOL STEM CELL RES",10.18502/ijhoscr.v18i2.15377,5,1.7,0.199897924464103
"COOPER D.A., 2024, ADV THER",10.1002/adtp.202300449,5,1.7,0.199897924464103
"WANG Y, 2024, J CLIN ONCOL",10.1200/JCO.2024.42.16_suppl.2661,5,1.7,0.199897924464103
"ALORFI N.M., 2022, BIOL TARGETS THER",10.2147/BTT.S367675,5,1,0.0848234754699679
"ZHAO M, 2023, ANTIVIRAL RES",10.1016/j.antiviral.2023.105720,5,1.2,0.112757731958763
"TINSLEY N, 2020, TRANSL LUNG CANCER RES",10.21037/tlcr-20-407,5,0.7,0.0685072628000412
"ALZAHRANI F.M., 2021, BIOMED RES INT",10.1155/2021/4202019,5,0.8,0.0639004149377593
"YANG S, 2024, FRONT IMMUNOL",10.3389/fimmu.2024.1497461,5,1.7,0.199897924464103
"ZARAGOZA-GARCÍA O, 2023, INT IMMUNOPHARMACOL",10.1016/j.intimp.2023.110090,5,1.2,0.112757731958763
"MCCULLOCH R.A., 2022, J B JT INFECT",10.5194/jbji-7-177-2022,5,1,0.0848234754699679
"XIE W.-J., 2023, WORLD J STEM CELLS",10.4252/wjsc.v15.i4.120,5,1.2,0.112757731958763
"QI L, 2021, J INT MED RES",10.1177/03000605211063292,5,0.8,0.0639004149377593
"BHATTACHARYA S, 2020, PEDIATR RHEUMATOL",10.1186/s12969-020-0403-9,5,0.7,0.0685072628000412
"BEREZIN A.E., 2020, BIOMED RES THER",10.15419/bmrat.v7i2.589,5,0.7,0.0685072628000412
"NATARELLI N, 2024, J DRUGS DERMATOL",10.36849/JDD.7674,4,1.3,0.159918339571283
"VRINDA AM, 2025, BBA-REV CANCER",10.1016/j.bbcan.2025.189385,4,2,0.399181166837257
"NANDI SK, 2022, NUTRITION",10.1016/j.nut.2022.111787,4,0.8,0.0678587803759743
"MA XH, 2024, MEDICINE",10.1097/MD.0000000000038991,4,1.3,0.159918339571283
"SILVA-PILIPICH N, 2023, CANCERS",10.3390/cancers15082352,4,1,0.0902061855670103
"TAO HY, 2025, PHARMACOL RES",10.1016/j.phrs.2025.108020,4,2,0.399181166837257
"DEL GIGLIO A, 2023, WORLD J CLIN CASES",10.12998/wjcc.v11.i24.5830,4,1,0.0902061855670103
"SARDZIKOVA S, 2023, ANTIBIOTICS-BASEL",10.3390/antibiotics12121667,4,1,0.0902061855670103
"QIAO SB, 2025, WORLD J GASTRO ONCOL",10.4251/wjgo.v17.i6.106393,4,2,0.399181166837257
"JIANG LL, 2025, J APPL MICROBIOL",10.1093/jambio/lxaf230,4,2,0.399181166837257
"MEACCI D, 2025, MICROORGANISMS",10.3390/microorganisms13091980,4,2,0.399181166837257
"JI MF, 2025, METABOLITES",10.3390/metabo15090568,4,2,0.399181166837257
"LI JH, 2025, FOOD FUNCT",10.1039/d4fo05449k,4,2,0.399181166837257
"ZHONG FL, 2024, FRONT IMMUNOL",10.3389/fimmu.2024.1486592,4,1.3,0.159918339571283
"SHIN J, 2024, BIOMEDICINES",10.3390/biomedicines12040800,4,1.3,0.159918339571283
"NIE CC, 2025, J CONTROL RELEASE",10.1016/j.jconrel.2025.114196,4,2,0.399181166837257
"BHAT SA, 2022, CRIT REV MICROBIOL",10.1080/1040841X.2022.2035313,4,0.8,0.0678587803759743
"ZHONG YJ, 2025, INT J BIOL MACROMOL",10.1016/j.ijbiomac.2025.146911,4,2,0.399181166837257
"WU XQ, 2025, EXPERT REV MOL MED",10.1017/erm.2025.10029,4,2,0.399181166837257
"WU YX, 2025, RECENT PAT ANTI-CANC",10.2174/0115748928269276231120103256,4,2,0.399181166837257
"LI P, 2025, PHARMACEUTICS",10.3390/pharmaceutics17070851,4,2,0.399181166837257
"HUANG XY, 2024, GASTROENTEROL NURS",10.1097/SGA.0000000000000794,4,1.3,0.159918339571283
"PARIANO M, 2025, EXPERT REV ANTI-INFE",10.1080/14787210.2025.2569831,4,2,0.399181166837257
"PAN Y, 2025, CURR ISSUES MOL BIOL",10.3390/cimb47100815,4,2,0.399181166837257
"ALQARNI SS, 2025, MOL BIOL REP",10.1007/s11033-025-10361-1,4,2,0.399181166837257
"FENG YY, 2025, FRONT CELL INFECT MI",10.3389/fcimb.2025.1692312,4,2,0.399181166837257
"MA X, 2025, J OVARIAN RES",10.1186/s13048-025-01921-x,4,2,0.399181166837257
"BERSIER L, 2025, NAT COMMUN",10.1038/s41467-025-67169-7,4,2,0.399181166837257
"ALATAWI H, 2020, APPL ECOL ENV RES",10.15666/aeer/1804_55055525,4,0.6,0.054805810240033
"GEBREHIWOT NT, 2025, BIOMEDICINES",10.3390/biomedicines13040964,4,2,0.399181166837257
"WANG HH, 2022, FRONT ONCOL",10.3389/fonc.2022.882874,4,0.8,0.0678587803759743
"LI LX, 2025, DISCOV ONCOL",10.1007/s12672-025-02719-5,4,2,0.399181166837257
"ZHANG Y, 2022, FRONT ONCOL",10.3389/fonc.2022.932709,4,0.8,0.0678587803759743
"BI DM, 2025, FRONT MICROBIOL",10.3389/fmicb.2025.1637272,4,2,0.399181166837257
"CUI TT, 2025, J ETHNOPHARMACOL",10.1016/j.jep.2025.119972,4,2,0.399181166837257
"ZHENG YF, 2025, CURR MED CHEM",10.2174/0109298673257429231108072717,4,2,0.399181166837257
"SONG HY, 2023, PARASITE VECTOR",10.1186/s13071-023-05922-x,4,1,0.0902061855670103
"PIEKARSKA A, 2024, SCI REP-UK",10.1038/s41598-024-56336-3,4,1.3,0.159918339571283
"KIM N, 2025, MOL NUTR FOOD RES",10.1002/mnfr.70152,4,2,0.399181166837257
"MEHRABADI S, 2025, ANTI-CANCER AGENT ME",10.2174/0118715206354948250226103832,4,2,0.399181166837257
"DHARA M, 2025, GELS-BASEL",10.3390/gels11110873,4,2,0.399181166837257
"TIGABIE M, 2025, PLOS ONE",10.1371/journal.pone.0316492,4,2,0.399181166837257
"LUO Q, 2025, ADV HEALTHC MATER",10.1002/adhm.202500641,4,2,0.399181166837257
"FLETCHER K.A., 2024, CANCER J",10.1097/PPO.0000000000000702,4,1.3,0.159918339571283
"GONG E, 2025, JNCI CANCER SPECTR",10.1093/jncics/pkaf024,4,2,0.399181166837257
"HOEG A, 2025, J CLIN GASTROENTEROL",10.1097/MCG.0000000000002108,4,2,0.399181166837257
"DONG H, 2025, FRONT IMMUNOL",10.3389/fimmu.2025.1551445,4,2,0.399181166837257
"WANG Z, 2024, DNA CELL BIOL",10.1089/dna.2024.0101,4,1.3,0.159918339571283
"MOSKALENKO Y, 2024, REGUL MECH BIOSYST",10.15421/022412,4,1.3,0.159918339571283
"BOILÈVE A, 2025, ESMO GASTROINTEST ONCOL",10.1016/j.esmogo.2025.100204,4,2,0.399181166837257
"GUO X, 2025, FRONT IMMUNOL",10.3389/fimmu.2025.1595977,4,2,0.399181166837257
"WANG L.-T., 2025, PHARMACOL RES",10.1016/j.phrs.2025.107716,4,2,0.399181166837257
"NASARE D, 2025, MICROB PATHOG",10.1016/j.micpath.2025.108087,4,2,0.399181166837257
"ZHANG Z.-N., 2024, WORLD J GASTROENTEROL",10.3748/wjg.v30.i36.4025,4,1.3,0.159918339571283
"WANG H, 2025, CIRC RES",10.1161/CIRCRESAHA.124.325841,4,2,0.399181166837257
"SHAH A.R., 2024, HEPATOMA RES",10.20517/2394-5079.2024.76,4,1.3,0.159918339571283
"HU J.-J., 2024, INFECT DRUG RESIST",10.2147/IDR.S442330,4,1.3,0.159918339571283
"WANG C, 2022, CELL MOL BIOENG",10.1007/s12195-022-00735-x,4,0.8,0.0678587803759743
"BARBOSA E.C., 2023, REV COL BRAS CIR",10.1590/0100-6991e-20233490-en,4,1,0.0902061855670103
"MEHRA Y, 2023, J CANCER METASTASIS TREAT",10.20517/2394-4722.2023.107,4,1,0.0902061855670103
"PENACK O, 2023, FRONT IMMUNOL",10.3389/fimmu.2023.1283034,4,1,0.0902061855670103
"KASHYAP S, 2023, ACTA MICROBIOL IMMUNOL HUNG",10.1556/030.2023.02054,4,1,0.0902061855670103
"ARU B, 2022, FRONT ONCOL",10.3389/fonc.2022.789728,4,0.8,0.0678587803759743
"WANG Y, 2023, BMC INFECT DIS",10.1186/s12879-023-08577-2,4,1,0.0902061855670103
"TURKI A.T., 2019, ANN HEMATOL",10.1007/s00277-019-03754-3,4,0.5,0.0309050772626932
"LU Y, 2019, BIOCHEM BIOPHYS RES COMMUN",10.1016/j.bbrc.2019.06.078,4,0.5,0.0309050772626932
"SEDANO R, 2020, ARQ GASTROENTEROL",10.1590/S0004-2803.202000000-17,4,0.6,0.054805810240033
"TAMEZ-TORRES K.M., 2020, EUR J CLIN MICROBIOL INFECT DIS",10.1007/s10096-020-03858-z,4,0.6,0.054805810240033
"LIAO LS, 2025, FRONT ONCOL",10.3389/fonc.2025.1505656,3,1.5,0.299385875127943
"FUENTES AM, 2025, CURR OPIN ONCOL",10.1097/CCO.0000000000001120,3,1.5,0.299385875127943
"SUBRAMANI P, 2023, BIOCELL",10.32604/biocell.2023.030383,3,0.8,0.0676546391752577
"WINSLOW TB, 2025, CANCERS",10.3390/cancers17223606,3,1.5,0.299385875127943
"TIAN MJ, 2025, NPJ BIOFILMS MICROBI",10.1038/s41522-025-00891-8,3,1.5,0.299385875127943
"MENG QQ, 2025, FRONT ONCOL",10.3389/fonc.2025.1634388,3,1.5,0.299385875127943
"CEKIKJ M, 2022, APPL SCI-BASEL",10.3390/app12094094,3,0.6,0.0508940852819807
"DENG J, 2024, EXPERT REV GASTROENT",10.1080/17474124.2024.2412045,3,1,0.119938754678462
"ZHANG JW, 2025, J CANCER RES CLIN",10.1007/s00432-025-06393-6,3,1.5,0.299385875127943
"LI-HUA P, 2025, PATHOL RES PRACT",10.1016/j.prp.2025.156235,3,1.5,0.299385875127943
"ZHENG ML, 2025, PHYTOMEDICINE",10.1016/j.phymed.2025.157559,3,1.5,0.299385875127943
"NAJJARY S, 2024, CANCER MED-US",10.1002/cam4.6860,3,1,0.119938754678462
"ZHANG PP, 2025, FRONT PHARMACOL",10.3389/fphar.2025.1633286,3,1.5,0.299385875127943
"ZHANG ZX, 2025, ACTA BIOMATER",10.1016/j.actbio.2025.06.008,3,1.5,0.299385875127943
"SONG CX, 2024, J MICROBIOL BIOTECHN",10.4014/jmb.2408.08026,3,1,0.119938754678462
"HU JS, 2025, J PHOTOCH PHOTOBIO B",10.1016/j.jphotobiol.2025.113155,3,1.5,0.299385875127943
"DIPASQUALE V, 2025, HEALTHCARE-BASEL",10.3390/healthcare13080923,3,1.5,0.299385875127943
"HUANG H, 2024, CENT EUR J IMMUNOL",10.5114/ceji.2024.136376,3,1,0.119938754678462
"MOK TC, 2024, INT J MOL SCI",10.3390/ijms25179577,3,1,0.119938754678462
"PAN W, 2025, APPL MATER TODAY",10.1016/j.apmt.2025.102952,3,1.5,0.299385875127943
"BERK S, 2025, REGEN THER",10.1016/j.reth.2025.02.015,3,1.5,0.299385875127943
"XIONG W, 2025, INT J MOL SCI",10.3390/ijms262210874,3,1.5,0.299385875127943
"FENG J, 2025, CHINESE CHEM LETT",10.1016/j.cclet.2025.110907,3,1.5,0.299385875127943
"ELRADI M, 2024, BMC BIOTECHNOL",10.1186/s12896-024-00835-8,3,1,0.119938754678462
"LI FR, 2025, CELL COMMUN SIGNAL",10.1186/s12964-025-02550-z,3,1.5,0.299385875127943
"POURBAGHERI-SIGAROODI A, 2024, BIOCELL",10.32604/biocell.2024.055848,3,1,0.119938754678462
"DU WL, 2024, HELIYON",10.1016/j.heliyon.2024.e37583,3,1,0.119938754678462
"BONAKDAR RA, 2024, J AM NUTR ASSOC",10.1080/27697061.2023.2288081,3,1,0.119938754678462
"NISHIGAKI A, 2025, VET SCI",10.3390/vetsci12060541,3,1.5,0.299385875127943
"WANG S, 2024, TRANSL CANCER RES",10.21037/tcr-24-2150,3,1,0.119938754678462
"DEMIR T, 2025, CANCERS",10.3390/cancers17050715,3,1.5,0.299385875127943
"CHATTERJEE S, 2024, SEMIN CELL DEV BIOL",10.1016/j.semcdb.2024.03.001,3,1,0.119938754678462
"KONG W, 2025, CLIN PHARMACOL THER",10.1002/cpt.3546,3,1.5,0.299385875127943
"TANG X, 2025, BMC GASTROENTEROL",10.1186/s12876-025-04387-9,3,1.5,0.299385875127943
"ENWEREM N.Y., 2024, CURR OPIN GASTROENTEROL",10.1097/MOG.0000000000000986,3,1,0.119938754678462
"GUARDAMAGNA M, 2025, CANCERS",10.3390/cancers17132244,3,1.5,0.299385875127943
"MICU A, 2025, J GASTROINTEST CANCER",10.1007/s12029-025-01324-7,3,1.5,0.299385875127943
"FULLER R.N., 2024, FRONT GENET",10.3389/fgene.2024.1393353,3,1,0.119938754678462
"JUHOLA J, 2025, J SMALL ANIM PRACT",10.1111/jsap.13801,3,1.5,0.299385875127943
"WANG H, 2022, FRONT ONCOL",10.3389/fonc.2022.896662,3,0.6,0.0508940852819807
"O’DONNELL J.E.M., 2024, EXPERT REV GASTROENTEROL HEPATOL",10.1080/17474124.2024.2444555,3,1,0.119938754678462
"CHOTHE P.P., 2023, DRUG METAB REV",10.1080/03602532.2023.2252618,3,0.8,0.0676546391752577
"ZHANG X.-Y., 2021, ONCOTARGETS THER",10.2147/OTT.S324765,3,0.5,0.0383402489626556
"NOGUERA R, 2019, REVISTA ESP PATOL",10.1016/j.patol.2019.04.005,3,0.4,0.0231788079470199
"STEBEL R, 2020, HUM MICROBIOME J",10.1016/j.humic.2020.100070,3,0.4,0.0411043576800247
"YANG X, 2025, INT J MOL SCI",10.3390/ijms27010255,2,1,0.199590583418628
"JOHNSON DB, 2018, SEMIN CUTAN MED SURG",10.12788/j.sder.2018.019,2,0.2,0.011472275334608
"PANDEY P, 2025, ARAB J GASTROENTEROL",10.1016/j.ajg.2025.09.010,2,1,0.199590583418628
"REN HJ, 2025, AM J CANCER RES",10.62347/NVYM7096,2,1,0.199590583418628
"CLAVO B, 2025, J CLIN MED",10.3390/jcm14228015,2,1,0.199590583418628
"ZHANG XY, 2021, BIOTECHNOL BIOTEC EQ",10.1080/13102818.2021.1953400,2,0.3,0.0255601659751037
"REN HT, 2025, HEREDITAS",10.1186/s41065-025-00483-8,2,1,0.199590583418628
"DALLOUL I, 2022, HUM VACC IMMUNOTHER",10.1080/21645515.2022.2159706,2,0.4,0.0339293901879872
"BEYRAMI AF, 2025, DISCOV ONCOL",10.1007/s12672-025-03686-7,2,1,0.199590583418628
"JOSEPH V, 2025, NUTRIENTS",10.3390/nu17233712,2,1,0.199590583418628
"KIM N, 2025, IN VITRO CELL DEV-AN",10.1007/s11626-025-01058-7,2,1,0.199590583418628
"MIAO XL, 2024, MICROBIOL SPECTR",10.1128/spectrum.01839-23,2,0.7,0.0799591697856414
"SPIGAGLIA P, 2025, TOXINS",10.3390/toxins17100513,2,1,0.199590583418628
"CUI JH, 2024, HELIYON",10.1016/j.heliyon.2024.e39547,2,0.7,0.0799591697856414
"GU JB, 2024, EUR J INFLAMM",10.1177/1721727X241260258,2,0.7,0.0799591697856414
"ZHANG YK, 2024, WORLD J GASTRO ONCOL",10.4251/wjgo.v16.i9.3781,2,0.7,0.0799591697856414
"SUN M, 2025, FRONT NUTR",10.3389/fnut.2025.1696289,2,1,0.199590583418628
"HILLIARD AL, 2025, CANCERS",10.3390/cancers17172794,2,1,0.199590583418628
"ZHAO HP, 2025, BMC INFECT DIS",10.1186/s12879-025-10756-2,2,1,0.199590583418628
"RABINOWITZ LG, 2025, EXPERT REV GASTROENT",10.1080/17474124.2025.2488884,2,1,0.199590583418628
"LIU S, 2025, FRONT ENDOCRINOL",10.3389/fendo.2025.1536155,2,1,0.199590583418628
"YE JJ, 2024, ASIA PAC J CLIN NUTR",10.6133/apjcn.202406_33(2).0002,2,0.7,0.0799591697856414
"LAN XY, 2025, MATER TODAY BIO",10.1016/j.mtbio.2025.102493,2,1,0.199590583418628
"RAHIM MA, 2025, CELLS-BASEL",10.3390/cells14070540,2,1,0.199590583418628
"VAN DEN BERGHE L, 2024, FRONT BIOENG BIOTECH",10.3389/fbioe.2024.1447176,2,0.7,0.0799591697856414
"TU SM, 2023, CANCERS",10.3390/cancers15225385,2,0.5,0.0451030927835052
"RAD SK, 2025, MICROORGANISMS",10.3390/microorganisms13102317,2,1,0.199590583418628
"REN YH, 2025, DISCOV ONCOL",10.1007/s12672-025-02745-3,2,1,0.199590583418628
"DELANNE-CUMÉNAL M, 2025, PROC NATL ACAD SCI U S A",10.1073/pnas.2500632122,2,1,0.199590583418628
"MEIRA M, 2024, MABS",10.1080/19420862.2024.2432403,2,0.7,0.0799591697856414
"SONG T, 2025, FRONT CELL INFECT MICROBIOL",10.3389/fcimb.2025.1567981,2,1,0.199590583418628
"ZHANG H, 2024, WORLD J STEM CELLS",10.4252/wjsc.v16.i12.1110,2,0.7,0.0799591697856414
"FURUKAWA J, 2025, BMC CANCER",10.1186/s12885-025-13514-4,2,1,0.199590583418628
"DEAN E.A., 2025, BLOOD NEOPLASIA",10.1016/j.bneo.2025.100114,2,1,0.199590583418628
"WANG K, 2025, SMALL",10.1002/smll.202505845,2,1,0.199590583418628
"GOYAL H, 2024, WORLD J GASTROENTEROL",10.3748/wjg.v30.i41.4496,2,0.7,0.0799591697856414
"HE J, 2025, GUT PATHOGENS",10.1186/s13099-025-00726-z,2,1,0.199590583418628
"RIBEIRO A.L., 2025, BEST PRACT RES CLIN RHEUMATOL",10.1016/j.berh.2025.102090,2,1,0.199590583418628
"CAPOBIANCO M, 2025, CHILD",10.3390/children12050609,2,1,0.199590583418628
"NARAYANAN N, 2024, EUROPEAN J GEN DENT",10.1055/s-0043-1777768,2,0.7,0.0799591697856414
"LUSETTI F, 2025, THER ADV GASTROENTEROL",10.1177/17562848251316412,2,1,0.199590583418628
"COELHO J.Q., 2024, CLIN TRANSL ONCOL",10.1007/s12094-024-03384-w,2,0.7,0.0799591697856414
"WANG B, 2024, MICROB PATHOG",10.1016/j.micpath.2024.107089,2,0.7,0.0799591697856414
"MALIK Y.S., 2025, PROBIOTICS ANTIMICROB PROTEINS",10.1007/s12602-025-10683-3,2,1,0.199590583418628
"KAY E, 2025, EXPLOR TARGET ANTITUMOR THER",10.37349/etat.2025.1002354,2,1,0.199590583418628
"LI Y, 2025, INT J MOL SCI",10.3390/ijms262110547,2,1,0.199590583418628
"KANG Y.-B., 2022, WORLD J GASTROENTEROL",10.3748/wjg.v28.i20.2248,2,0.4,0.0339293901879872
"DAI M, 2023, HEPATOMA RES",10.20517/2394-5079.2023.33,2,0.5,0.0451030927835052
"RUIZ M.A., 2022, ARQ GASTROENTEROL",10.1590/S0004-2803.202204000-83,2,0.4,0.0339293901879872
"GEORGE T.J., 2024, J CLIN ONCOL",10.1200/JCO.2024.42.3_suppl.655,2,0.7,0.0799591697856414
"WARNER A.B., 2023, CLIN CANCER RES",10.1158/1078-0432.CCR-23-1333,2,0.5,0.0451030927835052
"GÓMEZ-CASANOVA N, 2018, MICROB DRUG RESIST",10.1089/mdr.2017.0253,2,0.2,0.011472275334608
"PALLEN M.J., 2017, DIG DIS",10.1159/000456590,2,0.2,0.0144789483711183
"BARLETTA C, 2020, MINERVA GINECOL",10.23736/S0026-4784.20.04495-0,2,0.3,0.0274029051200165
"HUA C, 2018, DOMEST ANIM ENDOCRINOL",10.1016/j.domaniend.2018.05.005,2,0.2,0.011472275334608
"GOLCIC M, 2025, PHARMACEUTICALS-BASE",10.3390/ph18111719,1,0.5,0.0997952917093142
"HAROUN YA, 2025, NUTR RES",10.1016/j.nutres.2025.07.007,1,0.5,0.0997952917093142
"PENG L, 2025, NUTRIENTS",10.3390/nu17223591,1,0.5,0.0997952917093142
"CAMPBELL ME, 2025, PEDIATR BLOOD CANCER",10.1002/pbc.32046,1,0.5,0.0997952917093142
"CHEN S, 2025, BIOL PROCED ONLINE",10.1186/s12575-025-00314-0,1,0.5,0.0997952917093142
"CHIBA N, 2024, HELIYON",10.1016/j.heliyon.2024.e38507,1,0.3,0.0399795848928207
"RUIZ-POZO VA, 2025, INT J MOL SCI",10.3390/ijms26209949,1,0.5,0.0997952917093142
"WANG QC, 2025, FRONT IMMUNOL",10.3389/fimmu.2025.1597770,1,0.5,0.0997952917093142
"KENNETH MJ, 2025, MICROORGANISMS",10.3390/microorganisms13122818,1,0.5,0.0997952917093142
"GEORGE NG, 2025, FRONT ONCOL",10.3389/fonc.2025.1663975,1,0.5,0.0997952917093142
"LI Y, 2025, BMC CANCER",10.1186/s12885-025-15309-z,1,0.5,0.0997952917093142
"QU JY, 2025, AMB EXPRESS",10.1186/s13568-025-01989-0,1,0.5,0.0997952917093142
"CHYLINSKA N, 2025, FRONT NUTR",10.3389/fnut.2025.1686056,1,0.5,0.0997952917093142
"GUO HW, 2025, WORLD J SURG ONCOL",10.1186/s12957-025-03713-5,1,0.5,0.0997952917093142
"AVALOS-NAVARRO G, 2025, INT J MOL SCI",10.3390/ijms26146954,1,0.5,0.0997952917093142
"LIN XD, 2025, CURR DRUG METAB",10.2174/0113892002393013250812093213,1,0.5,0.0997952917093142
"PANIZ MI, 2025, ADV BIOL-GER",10.1002/adbi.202500023,1,0.5,0.0997952917093142
"GUO YX, 2025, J TRANSL MED",10.1186/s12967-025-07546-4,1,0.5,0.0997952917093142
"VILLAR-ORTEGA P, 2022, ENFERM INFEC MICR CL",10.1016/j.eimc.2021.01.005,1,0.2,0.0169646950939936
"ZHAO HJ, 2025, CHEM ENG J",10.1016/j.cej.2025.168657,1,0.5,0.0997952917093142
"SINGHAL K, 2025, MOL BIOL REP",10.1007/s11033-025-11047-4,1,0.5,0.0997952917093142
"BADGER T, 2024, J REPROD IMMUNOL",10.1016/j.jri.2024.104241,1,0.3,0.0399795848928207
"HIRAI J, 2025, J INFECT CHEMOTHER",10.1016/j.jiac.2025.102709,1,0.5,0.0997952917093142
"MU WZ, 2025, PHYTOMEDICINE",10.1016/j.phymed.2025.157509,1,0.5,0.0997952917093142
"XIAO YY, 2025, CURR MED CHEM",10.2174/0109298673409273251103055503,1,0.5,0.0997952917093142
"MARTEL F, 2025, ANTIOXIDANTS-BASEL",10.3390/antiox15010048,1,0.5,0.0997952917093142
"TAYNTON T, 2024, EXPERT REV HEMATOL",10.1080/17474086.2024.2383401,1,0.3,0.0399795848928207
"JU B, 2023, WORLD J CLIN CASES",10.12998/wjcc.v11.i17.4105,1,0.2,0.0225515463917526
"ZHANG S.-X., 2025, NPJ BIOFILMS AND MICROBIOMES",10.1038/s41522-025-00766-y,1,0.5,0.0997952917093142
"UETA R, 2025, CANCER MED",10.1002/cam4.70940,1,0.5,0.0997952917093142
"JIN X, 2025, FRONT MICROBIOL",10.3389/fmicb.2025.1604999,1,0.5,0.0997952917093142
"HOYING D, 2025, J CLIN MED",10.3390/JCM14134446,1,0.5,0.0997952917093142
"KHOURY R, 2025, IMMUNO",10.3390/immuno5030032,1,0.5,0.0997952917093142
"CREMER A, 2025, ACTA GASTRO-ENTEROL BELG",10.51821/88.3.14064,1,0.5,0.0997952917093142
"WANG W, 2024, J BIOMOL STRUCT DYN",10.1080/07391102.2023.2239901,1,0.3,0.0399795848928207
"FU J, 2025, BIO INTEGR",10.15212/bioi-2025-0040,1,0.5,0.0997952917093142
"FERNÁNDEZ-RUIZ M, 2025, EXPERT REV ANTI-INFECT THER",10.1080/14787210.2025.2513461,1,0.5,0.0997952917093142
"WU Q, 2024, ARAB J GASTROENTEROL",10.1016/j.ajg.2024.07.008,1,0.3,0.0399795848928207
"ZECCHINATI F, 2025, PHARMACEUTICS",10.3390/pharmaceutics17121575,1,0.5,0.0997952917093142
"HE Y, 2025, FRONT PHARMACOL",10.3389/fphar.2025.1581138,1,0.5,0.0997952917093142
"TRIADAFILOPOULOS G, 2025, DIS ESOPHAGUS",10.1093/dote/doaf102,1,0.5,0.0997952917093142
"ZHAO Y, 2025, NAUNYN-SCHMIEDEBERG'S ARCH PHARMACOL",10.1007/s00210-025-04315-4,1,0.5,0.0997952917093142
"ERAGHIEH FARAHANI H, 2025, SCIENTIFICA",10.1155/sci5/1945321,1,0.5,0.0997952917093142
"TANTIMETTA P, 2025, TRENDS SCI",10.48048/tis.2025.10057,1,0.5,0.0997952917093142
"JACOB R, 2024, INTERN MED J",10.1111/imj.16545,1,0.3,0.0399795848928207
"ELGHANNAM M.T., 2025, J EGYPT NATL CANCER INST",10.1186/s43046-025-00330-x,1,0.5,0.0997952917093142
"COOPER A.J., 2023, HEMATOL ONCOL CLIN NORTH AM",10.1016/j.hoc.2023.02.004,1,0.2,0.0225515463917526
"JAIME-PÉREZ J.C., 2024, EXPERT REV HEMATOL",10.1080/17474086.2024.2305372,1,0.3,0.0399795848928207
"YAGI R, 2023, DRUG METAB PHARMACOKINET",10.1016/j.dmpk.2023.100494,1,0.2,0.0225515463917526
"ZHANG C, 2024, J CANCER",10.7150/jca.89404,1,0.3,0.0399795848928207
"GOLOSHCHAPOV O.V., 2023, CELL THER TRANSPLANT",10.18620/ctt-1866-8836-2023-12-3-36-43,1,0.2,0.0225515463917526
"SULLIVAN M.H., 2020, BMJ CASE REP",10.1136/bcr-2019-233095,1,0.1,0.0137014525600082
"ZHANG ZC, 2025, CANCER CELL INT",10.1186/s12935-025-04110-4,0,0,0
"ARIIZUMI H, 2025, FRONT IMMUNOL",10.3389/fimmu.2025.1640603,0,0,0
"PALKOVSKY M, 2025, CANCERS",10.3390/cancers17132238,0,0,0
"SHAHZAIB M, 2024, DATABASE-OXFORD",10.1093/database/baae124,0,0,0
"MAGDELAINE P, 2025, TRANSL LUNG CANCER R",10.21037/tlcr-2024-1083,0,0,0
"ENGLERT-GOLON M, 2025, ARCH MED SCI",10.5114/aoms/209544,0,0,0
"JANNATI S, 2025, INT J MOL SCI",10.3390/ijms26125521,0,0,0
"LI HL, 2025, CANCER IMMUNOL IMMUN",10.1007/s00262-025-04221-x,0,0,0
"[ANONYMOUS], 2018, PIGM CELL MELANOMA R",NA,0,0,0
"DOROBISZ K, 2024, CANCERS",10.3390/cancers16213707,0,0,0
"SENYÜZ B, 2025, MEDIAT INFLAMM",10.1155/mi/5035877,0,0,0
"DENG JQ, 2024, DISCOV ONCOL",10.1007/s12672-024-01585-x,0,0,0
"SONG S, 2025, WORLD J GASTRO ONCOL",10.4251/wjgo.v17.i12.112936,0,0,0
"VIECO-MARTÍ I, 2022, INT J BIOL MARKER",10.1177/03936155221088884,0,0,0
"WEBER AT, 2024, DIS COLON RECTUM",10.1097/DCR.0000000000003207,0,0,0
"YANG YQ, 2024, GUT PATHOG",10.1186/s13099-024-00660-6,0,0,0
"MEI JD, 2025, MICROBIOLOGYOPEN",10.1002/mbo3.70036,0,0,0
"CORCIONE S, 2025, FRONT MICROBIOL",10.3389/fmicb.2025.1596900,0,0,0
"NAIDOO J, 2019, J NATL COMPR CANC NE",10.6004/jnccn.2019.5021,0,0,0
"YANG Y, 2023, J TRADIT CHIN MED",10.19852/j.cnki.jtcm.20230328.002,0,0,0
"VAN DEN BROECK L, 2025, MEM I OSWALDO CRUZ",10.1590/0074-02760250014,0,0,0
"PYO Y, 2024, J MENS HEALTH",10.22514/jomh.2024.180,0,0,0
"LIU YF, 2025, FRONT ONCOL",10.3389/fonc.2025.1537805,0,0,0
"FULGENZI CAM, 2025, BMC CANCER",10.1186/s12885-025-14326-2,0,0,0
"CRANSHOFF Y, 2025, MEM I OSWALDO CRUZ",10.1590/0074-02760250056,0,0,0
"BEN VALID O, 2025, CURR OPIN ONCOL",10.1097/CCO.0000000000001188,0,0,0
"MA XL, 2025, FRONT MED-PRC",10.1007/s11684-025-1176-9,0,0,0
"XU R, 2025, MEDICINE",10.1097/MD.0000000000044325,0,0,0
"VALDIN H, 2025, PEDIATR TRANSPLANT",10.1111/petr.70246,0,0,0
"CIAPPINA G, 2025, WORLD CANCER RES J",10.32113/wcrj_202512_2969,0,0,0
"VIEU S, 2024, VET REC CASE REP",10.1002/vrc2.943,0,0,0
"DYE C, 2025, PEDIATR REP",10.3390/pediatric17040077,0,0,0
"BROWN J.R., 2025, J IMMUNOTHER CANCER",10.1136/jitc-2025-013213,0,0,0
"HUANG L, 2025, AM J CASE REP",10.12659/AJCR.949210,0,0,0
"RAHMAN M, 2025, BIOMED PHARMACOL J",10.13005/bpj/3287,0,0,0
"BELYAVSKAYA V.A., 2025, SIBERIAN J ONCOL",10.21294/1814-4861-2025-24-1-150-163,0,0,0
"JI Z, 2024, CHIN J EXP TRADIT MED FORMULAE",10.13422/j.cnki.syfjx.20240892,0,0,0
"MERINO M.M., 2023, CELLS",10.3390/cells12060872,0,0,0
"ALIMOHAMMADI A, 2022, EXPERT REV CLIN PHARMACOL",10.1080/17512433.2022.2053521,0,0,0
"KIHARA K, 2023, J INFECT CHEMOTHER",10.1016/j.jiac.2023.08.009,0,0,0
"HASSELBLATT P, 2022, Z GASTROENTEROL",10.1055/a-1890-6015,0,0,0
"YAGHOBINEJAD M, 2022, FRONT BIOSCI (LANDMARK ED)",10.31083/j.fbl2712338,0,0,0
"DENG X, 2022, PHARMACOL RES",10.1016/j.prmcm.2022.100057,0,0,0
"PERERA A.Y.P., 2021, CEYLON J SCI",10.4038/cjs.v50i4.7941,0,0,0
"STAVROVSKAYA A.A., 2019, BIOCHEM (MOSCOW) SUPPL SER A MEMBR CELL BIO",10.1134/S1990747819020065,0,0,0
