TI,PY,SO,DI,topic,topic_terms
Gut microbiome in modulating immune checkpoint inhibitors,2022,EBIOMEDICINE,10.1016/j.ebiom.2022.104163,0,"microbiota, gut, cancer, microbiome, immune, immunotherapy, gut microbiota, tumor, patients, treatment"
Microecological regulation in HCC therapy: Gut microbiome enhances ICI treatment,2024,BIOCHIMICA ET BIOPHYSICA ACTA-MOLECULAR BASIS OF DISEASE,10.1016/j.bbadis.2024.167230,-1,"cancer, cell, treatment, patients, microbiota, immune, gut, therapy, disease, resistance"
The Use of Phytochemicals to Improve the Efficacy of Immune Checkpoint Inhibitors: Opportunities and Challenges,2022,APPLIED SCIENCES-BASEL,10.3390/app122010548,2,"cancer, tumor, immune, cell, resistance, pd, immunotherapy, checkpoint, drug, immune checkpoint"
Gut microbiota shed new light on the management of immune-related adverse events,2022,THORACIC CANCER,10.1111/1759-7714.14626,0,"microbiota, gut, cancer, microbiome, immune, immunotherapy, gut microbiota, tumor, patients, treatment"
Gut Microbiome and Immune Checkpoint Inhibitor-Induced Enterocolitis,2020,DIGESTIVE DISEASES AND SCIENCES,10.1007/s10620-020-06103-x,-1,"cancer, cell, treatment, patients, microbiota, immune, gut, therapy, disease, resistance"
Overcoming resistance to anti-PD1 and anti-PD-L1 treatment in gastrointestinal malignancies,2020,JOURNAL FOR IMMUNOTHERAPY OF CANCER,10.1136/jitc-2019-000404,2,"cancer, tumor, immune, cell, resistance, pd, immunotherapy, checkpoint, drug, immune checkpoint"
The role of the gut microbiome in regulating the response to immune checkpoint inhibitor therapy,2024,BEST PRACTICE & RESEARCH CLINICAL GASTROENTEROLOGY,10.1016/j.bpg.2024.101944,0,"microbiota, gut, cancer, microbiome, immune, immunotherapy, gut microbiota, tumor, patients, treatment"
Gut Microbiota Reshapes the Tumor Microenvironment and Affects the Efficacy of Colorectal Cancer Immunotherapy,2025,CANCER MEDICINE,10.1002/cam4.70994,1,"crc, colorectal, cancer, colorectal cancer, nucleatum, tumor, cells, microbiota, cell, resistance"
Focus on gut microbes: new direction in cancer treatment,2025,FRONTIERS IN ONCOLOGY,10.3389/fonc.2025.1505656,0,"microbiota, gut, cancer, microbiome, immune, immunotherapy, gut microbiota, tumor, patients, treatment"
Fecal Microbiota Transplantation for Immune Checkpoint Inhibitor-Induced Colitis Is Safe and Contributes to Recovery: Two Case Reports,2023,JOURNAL OF IMMUNOTHERAPY,10.1097/CJI.0000000000000474,-1,"cancer, cell, treatment, patients, microbiota, immune, gut, therapy, disease, resistance"
Fecal microbiota transplantation for refractory immune checkpoint inhibitor-associated colitis,2018,NATURE MEDICINE,10.1038/s41591-018-0238-9,-1,"cancer, cell, treatment, patients, microbiota, immune, gut, therapy, disease, resistance"
Oncological relevance of gut and urine microbiomes,2021,ORVOSI HETILAP,10.1556/650.2021.32052,0,"microbiota, gut, cancer, microbiome, immune, immunotherapy, gut microbiota, tumor, patients, treatment"
Challenges of the Immunotherapy: Perspectives and Limitations of the Immune Checkpoint Inhibitor Treatment,2022,INTERNATIONAL JOURNAL OF MOLECULAR SCIENCES,10.3390/ijms23052847,2,"cancer, tumor, immune, cell, resistance, pd, immunotherapy, checkpoint, drug, immune checkpoint"
Advances and mechanisms of gut microbiota modulation in enhancing immune checkpoint inhibitor efficacy,2025,SEMINARS IN CANCER BIOLOGY,10.1016/j.semcancer.2025.06.012,0,"microbiota, gut, cancer, microbiome, immune, immunotherapy, gut microbiota, tumor, patients, treatment"
Management Considerations for Immune Checkpoint Inhibitor-Induced Enterocolitis Based on Management of Inflammatory Bowel Disease,2020,INFLAMMATORY BOWEL DISEASES,10.1093/ibd/izz212,-1,"cancer, cell, treatment, patients, microbiota, immune, gut, therapy, disease, resistance"
Prognostic Factors for Checkpoint Inhibitor Based Immunotherapy: An Update With New Evidences,2018,FRONTIERS IN PHARMACOLOGY,10.3389/fphar.2018.01050,2,"cancer, tumor, immune, cell, resistance, pd, immunotherapy, checkpoint, drug, immune checkpoint"
The application basis of immuno-checkpoint inhibitors combined with chemotherapy in cancer treatment,2023,FRONTIERS IN IMMUNOLOGY,10.3389/fimmu.2022.1088886,2,"cancer, tumor, immune, cell, resistance, pd, immunotherapy, checkpoint, drug, immune checkpoint"
Unraveling Resistance to Immunotherapy in MSI-High Colorectal Cancer,2023,CANCERS,10.3390/cancers15205090,1,"crc, colorectal, cancer, colorectal cancer, nucleatum, tumor, cells, microbiota, cell, resistance"
Emerging biomarkers for immune checkpoint inhibition in lung cancer,2018,SEMINARS IN CANCER BIOLOGY,10.1016/j.semcancer.2018.05.006,2,"cancer, tumor, immune, cell, resistance, pd, immunotherapy, checkpoint, drug, immune checkpoint"
Overcoming Resistance Mechanisms to Immune Checkpoint Inhibitors: Leveraging the Anti-Tumor Immune Response,2024,CURRENT ONCOLOGY,10.3390/curroncol31010001,2,"cancer, tumor, immune, cell, resistance, pd, immunotherapy, checkpoint, drug, immune checkpoint"
Mechanisms and therapeutic strategies for immunotherapy resistance in gastric cancer,2025,CANCER CELL INTERNATIONAL,10.1186/s12935-025-04110-4,-1,"cancer, cell, treatment, patients, microbiota, immune, gut, therapy, disease, resistance"
Immune checkpoint inhibitor-associated gastrointestinal and hepatic adverse events and their management,2019,THERAPEUTIC ADVANCES IN GASTROENTEROLOGY,10.1177/1756284819884196,-1,"cancer, cell, treatment, patients, microbiota, immune, gut, therapy, disease, resistance"
"Immune-checkpoint inhibitors induced diarrhea and colitis: a review of incidence, pathogenesis and management",2020,CURRENT OPINION IN GASTROENTEROLOGY,10.1097/MOG.0000000000000593,-1,"cancer, cell, treatment, patients, microbiota, immune, gut, therapy, disease, resistance"
Role of gut microbiome in the outcome of lymphoma patients treated with checkpoint inhibitors-The MicroLinf Study,2024,HEMATOLOGICAL ONCOLOGY,10.1002/hon.3301,0,"microbiota, gut, cancer, microbiome, immune, immunotherapy, gut microbiota, tumor, patients, treatment"
Immune-checkpoint inhibitor resistance in cancer treatment: Current progress and future directions,2023,CANCER LETTERS,10.1016/j.canlet.2023.216182,2,"cancer, tumor, immune, cell, resistance, pd, immunotherapy, checkpoint, drug, immune checkpoint"
"The Tumor and Host Immune Signature, and the Gut Microbiota as Predictive Biomarkers for Immune Checkpoint Inhibitor Response in Melanoma Patients",2020,LIFE-BASEL,10.3390/life10100219,-1,"cancer, cell, treatment, patients, microbiota, immune, gut, therapy, disease, resistance"
The Gut Microbiome and Cancer Immunotherapy: Can We Use the Gut Microbiome as a Predictive Biomarker for Clinical Response in Cancer Immunotherapy?,2021,CANCERS,10.3390/cancers13194824,0,"microbiota, gut, cancer, microbiome, immune, immunotherapy, gut microbiota, tumor, patients, treatment"
Biological Biomarkers of Response and Resistance to Immune Checkpoint Inhibitors in Renal Cell Carcinoma,2023,CANCERS,10.3390/cancers15123159,2,"cancer, tumor, immune, cell, resistance, pd, immunotherapy, checkpoint, drug, immune checkpoint"
Cancer immunotherapy resistance: The impact of microbiome-derived short-chain fatty acids and other emerging metabolites,2022,LIFE SCIENCES,10.1016/j.lfs.2022.120573,2,"cancer, tumor, immune, cell, resistance, pd, immunotherapy, checkpoint, drug, immune checkpoint"
Intratumoral Microbiota in Lung Cancer: Emerging Roles in TME Modulation and Immunotherapy Response,2025,INTERNATIONAL JOURNAL OF MOLECULAR SCIENCES,10.3390/ijms27010255,0,"microbiota, gut, cancer, microbiome, immune, immunotherapy, gut microbiota, tumor, patients, treatment"
The Gastrointestinal Microbiome and Immune Checkpoint Inhibitors: A Review of Human Interventional Studies Among Melanoma Patients,2024,JOURNAL OF DRUGS IN DERMATOLOGY,10.36849/JDD.7674,0,"microbiota, gut, cancer, microbiome, immune, immunotherapy, gut microbiota, tumor, patients, treatment"
Immunometabolism: The role of gut-derived microbial metabolites in optimising immune response during checkpoint inhibitor therapy,2025,CLINICAL AND TRANSLATIONAL MEDICINE,10.1002/ctm2.70472,0,"microbiota, gut, cancer, microbiome, immune, immunotherapy, gut microbiota, tumor, patients, treatment"
Murine fecal microbiota transfer models selectively colonize human microbes and reveal transcriptional programs associated with response to neoadjuvant checkpoint inhibitors,2022,CANCER IMMUNOLOGY IMMUNOTHERAPY,10.1007/s00262-022-03169-6,0,"microbiota, gut, cancer, microbiome, immune, immunotherapy, gut microbiota, tumor, patients, treatment"
The Resistance Mechanisms of Checkpoint Inhibitors in Solid Tumors,2020,BIOMOLECULES,10.3390/biom10050666,2,"cancer, tumor, immune, cell, resistance, pd, immunotherapy, checkpoint, drug, immune checkpoint"
The Role of the Gut Microbiome in Cancer Immunotherapy: Current Knowledge and Future Directions,2023,CANCERS,10.3390/cancers15072101,0,"microbiota, gut, cancer, microbiome, immune, immunotherapy, gut microbiota, tumor, patients, treatment"
The role of immunotherapy in microsatellites stable metastatic colorectal cancer: state of the art and future perspectives,2023,FRONTIERS IN ONCOLOGY,10.3389/fonc.2023.1161048,1,"crc, colorectal, cancer, colorectal cancer, nucleatum, tumor, cells, microbiota, cell, resistance"
Unraveling the role of mucins and gut microbiota in gastrointestinal cancers chemoresistance,2025,BIOCHIMICA ET BIOPHYSICA ACTA-REVIEWS ON CANCER,10.1016/j.bbcan.2025.189385,0,"microbiota, gut, cancer, microbiome, immune, immunotherapy, gut microbiota, tumor, patients, treatment"
The role of gut microbiome in immune modulation in metastatic renal cell carcinoma,2022,THERAPEUTIC ADVANCES IN MEDICAL ONCOLOGY,10.1177/17588359221122714,0,"microbiota, gut, cancer, microbiome, immune, immunotherapy, gut microbiota, tumor, patients, treatment"
"RETRACTED: Characterization of gut microbiota in patients with primary hepatocellular carcinoma received immune checkpoint inhibitors A Chinese population-based study (Retracted article. See vol. 104, 2025)",2020,MEDICINE,10.1097/MD.0000000000021788,-1,"cancer, cell, treatment, patients, microbiota, immune, gut, therapy, disease, resistance"
Modulation of gut microbiota: a novel approach to enhancing the effects of immune checkpoint inhibitors,2023,THERAPEUTIC ADVANCES IN MEDICAL ONCOLOGY,10.1177/17588359231204854,0,"microbiota, gut, cancer, microbiome, immune, immunotherapy, gut microbiota, tumor, patients, treatment"
Gut microbiota as a biomarker and modulator of anti-tumor immunotherapy outcomes,2024,FRONTIERS IN IMMUNOLOGY,10.3389/fimmu.2024.1471273,0,"microbiota, gut, cancer, microbiome, immune, immunotherapy, gut microbiota, tumor, patients, treatment"
Applications of artificial intelligence in cancer immunotherapy: a frontier review on enhancing treatment efficacy and safety,2025,FRONTIERS IN IMMUNOLOGY,10.3389/fimmu.2025.1676112,2,"cancer, tumor, immune, cell, resistance, pd, immunotherapy, checkpoint, drug, immune checkpoint"
Resistance to immune checkpoint inhibitors and the tumor microenvironment,2023,EXPERIMENTAL DERMATOLOGY,10.1111/exd.14716,2,"cancer, tumor, immune, cell, resistance, pd, immunotherapy, checkpoint, drug, immune checkpoint"
Holistic Approach to Immune Checkpoint Inhibitor-Related Adverse Events,2022,FRONTIERS IN IMMUNOLOGY,10.3389/fimmu.2022.804597,2,"cancer, tumor, immune, cell, resistance, pd, immunotherapy, checkpoint, drug, immune checkpoint"
Overcoming acquired resistance to cancer immune checkpoint therapy: potential strategies based on molecular mechanisms,2023,CELL AND BIOSCIENCE,10.1186/s13578-023-01073-9,2,"cancer, tumor, immune, cell, resistance, pd, immunotherapy, checkpoint, drug, immune checkpoint"
A yeast-based oral therapeutic delivers immune checkpoint inhibitors to reduce intestinal tumor burden,2025,CELL CHEMICAL BIOLOGY,10.1016/j.chembiol.2024.10.013,0,"microbiota, gut, cancer, microbiome, immune, immunotherapy, gut microbiota, tumor, patients, treatment"
Vinegar intake in patients undergoing immune checkpoint inhibitor therapy: food frequency questionnaire study,2025,FRONTIERS IN IMMUNOLOGY,10.3389/fimmu.2025.1640603,0,"microbiota, gut, cancer, microbiome, immune, immunotherapy, gut microbiota, tumor, patients, treatment"
Microbiota boost immunotherapy? A meta-analysis dives into fecal microbiota transplantation and immune checkpoint inhibitors,2025,BMC MEDICINE,10.1186/s12916-025-04183-y,0,"microbiota, gut, cancer, microbiome, immune, immunotherapy, gut microbiota, tumor, patients, treatment"
Impact of opioid analgesics on the efficacy of immune checkpoint inhibitors in a lung cancer population,2022,BMC PULMONARY MEDICINE,10.1186/s12890-022-02210-9,2,"cancer, tumor, immune, cell, resistance, pd, immunotherapy, checkpoint, drug, immune checkpoint"
Immune Checkpoint Inhibitor Therapy for Metastatic Melanoma: What Should We Focus on to Improve the Clinical Outcomes?,2024,INTERNATIONAL JOURNAL OF MOLECULAR SCIENCES,10.3390/ijms251810120,-1,"cancer, cell, treatment, patients, microbiota, immune, gut, therapy, disease, resistance"
Intestinal Microbiota: The Driving Force behind Advances in Cancer Immunotherapy,2022,CANCERS,10.3390/cancers14194796,0,"microbiota, gut, cancer, microbiome, immune, immunotherapy, gut microbiota, tumor, patients, treatment"
"Unleashing the efficacy of immune checkpoint inhibitors for advanced hepatocellular carcinoma: factors, strategies, and ongoing trials",2023,FRONTIERS IN PHARMACOLOGY,10.3389/fphar.2023.1261575,9,"hcc, liver, hepatocellular, carcinoma, hepatocellular carcinoma, tumor, immune, sorafenib, resistance, immunotherapy"
'Know thyself' - host factors influencing cancer response to immune checkpoint inhibitors,2022,JOURNAL OF PATHOLOGY,10.1002/path.5907,2,"cancer, tumor, immune, cell, resistance, pd, immunotherapy, checkpoint, drug, immune checkpoint"
Metabolic Factors Affecting Tumor Immunogenicity: What Is Happening at the Cellular Level?,2021,INTERNATIONAL JOURNAL OF MOLECULAR SCIENCES,10.3390/ijms22042142,2,"cancer, tumor, immune, cell, resistance, pd, immunotherapy, checkpoint, drug, immune checkpoint"
Immune Checkpoint Inhibitor-Mediated Diarrhea and Colitis: A Clinical Review,2020,JCO ONCOLOGY PRACTICE,10.1200/OP.20.00002,-1,"cancer, cell, treatment, patients, microbiota, immune, gut, therapy, disease, resistance"
Microbial metabolite-driven immune reprogramming in tumor immunotherapy: mechanisms and therapeutic perspectives,2025,FRONTIERS IN IMMUNOLOGY,10.3389/fimmu.2025.1603658,0,"microbiota, gut, cancer, microbiome, immune, immunotherapy, gut microbiota, tumor, patients, treatment"
Mechanisms of resistance to immune checkpoint inhibitors in melanoma: What we have to overcome?,2023,CANCER TREATMENT REVIEWS,10.1016/j.ctrv.2022.102499,-1,"cancer, cell, treatment, patients, microbiota, immune, gut, therapy, disease, resistance"
Insights into the Relationship Between the Gut Microbiome and Immune Checkpoint Inhibitors in Solid Tumors,2024,CANCERS,10.3390/cancers16244271,0,"microbiota, gut, cancer, microbiome, immune, immunotherapy, gut microbiota, tumor, patients, treatment"
Role of gut microbiome in cancer immunotherapy: from predictive biomarker to therapeutic target,2023,EXPERIMENTAL HEMATOLOGY & ONCOLOGY,10.1186/s40164-023-00442-x,0,"microbiota, gut, cancer, microbiome, immune, immunotherapy, gut microbiota, tumor, patients, treatment"
Advancing immune checkpoint blockade in colorectal cancer therapy with nanotechnology,2022,FRONTIERS IN IMMUNOLOGY,10.3389/fimmu.2022.1027124,1,"crc, colorectal, cancer, colorectal cancer, nucleatum, tumor, cells, microbiota, cell, resistance"
Bifidobacterium modulation of tumor immunotherapy and its mechanism,2024,CANCER IMMUNOLOGY IMMUNOTHERAPY,10.1007/s00262-024-03665-x,0,"microbiota, gut, cancer, microbiome, immune, immunotherapy, gut microbiota, tumor, patients, treatment"
Dual contribution of the gut microbiome to immunotherapy efficacy and toxicity: supportive care implications and recommendations,2022,SUPPORTIVE CARE IN CANCER,10.1007/s00520-022-06948-0,0,"microbiota, gut, cancer, microbiome, immune, immunotherapy, gut microbiota, tumor, patients, treatment"
Impact of bowel movement condition on immune checkpoint inhibitor efficacy in patients with advanced non-small cell lung cancer,2019,THORACIC CANCER,10.1111/1759-7714.12969,0,"microbiota, gut, cancer, microbiome, immune, immunotherapy, gut microbiota, tumor, patients, treatment"
Fecal microbiota transplantation plus anti-PD-1 immunotherapy in advanced melanoma: a phase I trial,2023,NATURE MEDICINE,10.1038/s41591-023-02453-x,0,"microbiota, gut, cancer, microbiome, immune, immunotherapy, gut microbiota, tumor, patients, treatment"
Immune checkpoint inhibitor resistance in hepatocellular carcinoma,2023,CANCER LETTERS,10.1016/j.canlet.2022.216038,9,"hcc, liver, hepatocellular, carcinoma, hepatocellular carcinoma, tumor, immune, sorafenib, resistance, immunotherapy"
Immune-resistant mechanisms in cancer immunotherapy,2020,INTERNATIONAL JOURNAL OF CLINICAL ONCOLOGY,10.1007/s10147-019-01611-x,2,"cancer, tumor, immune, cell, resistance, pd, immunotherapy, checkpoint, drug, immune checkpoint"
Fecal Microbiota Transplantation in Refractory Immune-Mediated Colitis: Case Series and Review of the Literature,2025,PHARMACEUTICALS,10.3390/ph18111719,-1,"cancer, cell, treatment, patients, microbiota, immune, gut, therapy, disease, resistance"
Role of the intestinal microbiome and microbial-derived metabolites in immune checkpoint blockade immunotherapy of cancer,2021,GENOME MEDICINE,10.1186/s13073-021-00923-w,0,"microbiota, gut, cancer, microbiome, immune, immunotherapy, gut microbiota, tumor, patients, treatment"
A Uniform Computational Approach Improved on Existing Pipelines to Reveal Microbiome Biomarkers of Nonresponse to Immune Checkpoint Inhibitors,2021,CLINICAL CANCER RESEARCH,10.1158/1078-0432.CCR-20-4834,0,"microbiota, gut, cancer, microbiome, immune, immunotherapy, gut microbiota, tumor, patients, treatment"
Immunosenescence and immunecheckpoint inhibitors in non-small cell lung cancer patients: Does age really matter?,2017,CANCER TREATMENT REVIEWS,10.1016/j.ctrv.2017.08.003,2,"cancer, tumor, immune, cell, resistance, pd, immunotherapy, checkpoint, drug, immune checkpoint"
"Microsatellite Instability in Colorectal Cancers: Carcinogenesis, Neo-Antigens, Immuno-Resistance and Emerging Therapies",2021,CANCERS,10.3390/cancers13123063,1,"crc, colorectal, cancer, colorectal cancer, nucleatum, tumor, cells, microbiota, cell, resistance"
First-in-class Microbial Ecosystem Therapeutic 4 (MET4) in combination with immune checkpoint inhibitors in patients with advanced solid tumors (MET4-IO trial),2023,ANNALS OF ONCOLOGY,10.1016/j.annonc.2023.02.011,0,"microbiota, gut, cancer, microbiome, immune, immunotherapy, gut microbiota, tumor, patients, treatment"
Expanding horizons of cancer immunotherapy: hopes and hurdles,2025,FRONTIERS IN ONCOLOGY,10.3389/fonc.2025.1511560,2,"cancer, tumor, immune, cell, resistance, pd, immunotherapy, checkpoint, drug, immune checkpoint"
Immunotherapy for hepatocellular carcinoma: Recent advances and future targets,2023,PHARMACOLOGY & THERAPEUTICS,10.1016/j.pharmthera.2023.108387,9,"hcc, liver, hepatocellular, carcinoma, hepatocellular carcinoma, tumor, immune, sorafenib, resistance, immunotherapy"
The microbiome as a therapeutic co-driver in melanoma immuno-oncology,2025,FRONTIERS IN MEDICINE,10.3389/fmed.2025.1673880,-1,"cancer, cell, treatment, patients, microbiota, immune, gut, therapy, disease, resistance"
Gut microbiota shapes cancer immunotherapy responses,2025,NPJ BIOFILMS AND MICROBIOMES,10.1038/s41522-025-00786-8,0,"microbiota, gut, cancer, microbiome, immune, immunotherapy, gut microbiota, tumor, patients, treatment"
Association of Prior Antibiotic Treatment With Survival and Response to Immune Checkpoint Inhibitor Therapy in Patients With Cancer,2019,JAMA ONCOLOGY,10.1001/jamaoncol.2019.2785,2,"cancer, tumor, immune, cell, resistance, pd, immunotherapy, checkpoint, drug, immune checkpoint"
Biomarkers for immune therapy in melanoma,2018,SEMINARS IN CUTANEOUS MEDICINE AND SURGERY,10.12788/j.sder.2018.019,-1,"cancer, cell, treatment, patients, microbiota, immune, gut, therapy, disease, resistance"
Breakthroughs in immune checkpoint therapy: overcoming NSCLC immune checkpoint therapy resistance with novel techniques,2025,FRONTIERS IN IMMUNOLOGY,10.3389/fimmu.2025.1630940,2,"cancer, tumor, immune, cell, resistance, pd, immunotherapy, checkpoint, drug, immune checkpoint"
Immune Checkpoint Inhibitors in Thoracic Malignancies: Review of the Existing Evidence by an IASLC Expert Panel and Recommendations,2020,JOURNAL OF THORACIC ONCOLOGY,10.1016/j.jtho.2020.03.006,2,"cancer, tumor, immune, cell, resistance, pd, immunotherapy, checkpoint, drug, immune checkpoint"
Targeting PD-L2-RGMb overcomes microbiome-related immunotherapy resistance,2023,NATURE,10.1038/s41586-023-06026-3,0,"microbiota, gut, cancer, microbiome, immune, immunotherapy, gut microbiota, tumor, patients, treatment"
Mechanisms of Immune Checkpoint Inhibitor Resistance in Hepatocellular Carcinoma and Strategies for Reversal,2025,CANCERS,10.3390/cancers18010039,9,"hcc, liver, hepatocellular, carcinoma, hepatocellular carcinoma, tumor, immune, sorafenib, resistance, immunotherapy"
"Innovative Therapy, Monoclonal Antibodies and Beyond",2017,CYTOKINE & GROWTH FACTOR REVIEWS,10.1016/j.cytogfr.2017.10.002,2,"cancer, tumor, immune, cell, resistance, pd, immunotherapy, checkpoint, drug, immune checkpoint"
Research progress on mechanisms of tumor immune microenvironment and gastrointestinal resistance to immunotherapy: mini review,2025,FRONTIERS IN IMMUNOLOGY,10.3389/fimmu.2025.1641518,2,"cancer, tumor, immune, cell, resistance, pd, immunotherapy, checkpoint, drug, immune checkpoint"
Antibiotic exposure windows and the efficacy of immune checkpoint blockers in patients with cancer: a meta-analysis,2021,ANNALS OF PALLIATIVE MEDICINE,10.21037/apm-20-2076,0,"microbiota, gut, cancer, microbiome, immune, immunotherapy, gut microbiota, tumor, patients, treatment"
Classic versus innovative strategies for immuno-therapy in pancreatic cancer,2025,ADVANCED DRUG DELIVERY REVIEWS,10.1016/j.addr.2025.115671,3,"pancreatic, pancreatic cancer, pdac, cancer, ductal, adenocarcinoma, tumor, gemcitabine, pancreatic ductal, resistance"
Predictive biomarkers of colon cancer immunotherapy: Present and future,2022,FRONTIERS IN IMMUNOLOGY,10.3389/fimmu.2022.1032314,0,"microbiota, gut, cancer, microbiome, immune, immunotherapy, gut microbiota, tumor, patients, treatment"
Microbiome bacterial influencers of host immunity and response to immunotherapy,2024,CELL REPORTS MEDICINE,10.1016/j.xcrm.2024.101487,0,"microbiota, gut, cancer, microbiome, immune, immunotherapy, gut microbiota, tumor, patients, treatment"
Immune biomarkers of response to immune-checkpoint inhibitors in head and neck squamous cell carcinoma,2019,ANNALS OF ONCOLOGY,10.1093/annonc/mdy507,2,"cancer, tumor, immune, cell, resistance, pd, immunotherapy, checkpoint, drug, immune checkpoint"
"Nutritional strategies in supporting immune checkpoint inhibitor, PI3K inhibitor, and tyrosine kinase inhibitor cancer therapies",2025,FRONTIERS IN NUTRITION,10.3389/fnut.2025.1670598,-1,"cancer, cell, treatment, patients, microbiota, immune, gut, therapy, disease, resistance"
Host-microbiota interactions in genitourinary cancer immunotherapy,2025,SEMINARS IN CANCER BIOLOGY,10.1016/j.semcancer.2025.07.005,0,"microbiota, gut, cancer, microbiome, immune, immunotherapy, gut microbiota, tumor, patients, treatment"
The gut microbiome affects response of treatments in HER2-negative advanced gastric cancer,2023,CLINICAL AND TRANSLATIONAL MEDICINE,10.1002/ctm2.1312,0,"microbiota, gut, cancer, microbiome, immune, immunotherapy, gut microbiota, tumor, patients, treatment"
"Immune Checkpoint Inhibitors Combined with Oncolytic Virotherapy: Synergy, Heterogeneity, and Safety in Cancer Treatment",2025,ONCOLOGY RESEARCH,10.32604/or.2025.067824,2,"cancer, tumor, immune, cell, resistance, pd, immunotherapy, checkpoint, drug, immune checkpoint"
Treatment of NSCLC after chemoimmunotherapy - are we making headway?,2025,NATURE REVIEWS CLINICAL ONCOLOGY,10.1038/s41571-025-01061-7,2,"cancer, tumor, immune, cell, resistance, pd, immunotherapy, checkpoint, drug, immune checkpoint"
Melanoma antigens recognized by T cells and their use for immunotherapy,2023,EXPERIMENTAL DERMATOLOGY,10.1111/exd.14741,2,"cancer, tumor, immune, cell, resistance, pd, immunotherapy, checkpoint, drug, immune checkpoint"
Novel technologies in cfDNA analysis and potential utility in clinic,2021,CHINESE JOURNAL OF CANCER RESEARCH,10.21147/j.issn.1000-9604.2021.06.07,2,"cancer, tumor, immune, cell, resistance, pd, immunotherapy, checkpoint, drug, immune checkpoint"
The Role of the Lymphocyte Functional Crosstalk and Regulation in the Context of Checkpoint Inhibitor Treatment-Review,2019,FRONTIERS IN IMMUNOLOGY,10.3389/fimmu.2019.02043,2,"cancer, tumor, immune, cell, resistance, pd, immunotherapy, checkpoint, drug, immune checkpoint"
PD-1/PD-L1 Cancer Immunotherapeutics Reshape Tumor Microenvironment - Clinical Evidence and Molecular Mechanisms for AI-based Precision Medicine,2025,CLINICAL REVIEWS IN ALLERGY & IMMUNOLOGY,10.1007/s12016-025-09105-7,2,"cancer, tumor, immune, cell, resistance, pd, immunotherapy, checkpoint, drug, immune checkpoint"
Efficacy and safety of immune checkpoint inhibitors in post-TKI NSCLC patients harboring EGFR mutations,2023,JOURNAL OF CANCER RESEARCH AND CLINICAL ONCOLOGY,10.1007/s00432-022-04176-x,2,"cancer, tumor, immune, cell, resistance, pd, immunotherapy, checkpoint, drug, immune checkpoint"
Targeting the gut and tumor microbiota in cancer,2022,NATURE MEDICINE,10.1038/s41591-022-01779-2,0,"microbiota, gut, cancer, microbiome, immune, immunotherapy, gut microbiota, tumor, patients, treatment"
Two Cases of Durable and Deep Responses to Immune Checkpoint Inhibition-Refractory Metastatic Melanoma after Addition of Camu Camu Prebiotic,2023,CURRENT ONCOLOGY,10.3390/curroncol30090570,0,"microbiota, gut, cancer, microbiome, immune, immunotherapy, gut microbiota, tumor, patients, treatment"
Elucidating the gut microbiota composition and the bioactivity of immunostimulatory commensals for the optimization of immune checkpoint inhibitors,2020,ONCOIMMUNOLOGY,10.1080/2162402X.2020.1794423,0,"microbiota, gut, cancer, microbiome, immune, immunotherapy, gut microbiota, tumor, patients, treatment"
The role of the microbiome in skin cancer development and treatment,2025,CURRENT OPINION IN ONCOLOGY,10.1097/CCO.0000000000001120,0,"microbiota, gut, cancer, microbiome, immune, immunotherapy, gut microbiota, tumor, patients, treatment"
Immune checkpoint inhibitor-induced diarrhea and colitis: an overview,2024,SUPPORTIVE CARE IN CANCER,10.1007/s00520-024-08889-2,-1,"cancer, cell, treatment, patients, microbiota, immune, gut, therapy, disease, resistance"
Microbiome alteration via fecal microbiota transplantation is effective for refractory immune checkpoint inhibitor-induced colitis,2023,SCIENCE TRANSLATIONAL MEDICINE,10.1126/scitranslmed.abq4006,-1,"cancer, cell, treatment, patients, microbiota, immune, gut, therapy, disease, resistance"
Melanoma and microbiota: Current understanding and future directions,2024,CANCER CELL,10.1016/j.ccell.2023.12.003,0,"microbiota, gut, cancer, microbiome, immune, immunotherapy, gut microbiota, tumor, patients, treatment"
"Interplay of gut microbiome, fatty acids, and the endocannabinoid system in regulating development, progression, immunomodulation, and chemoresistance of cancer",2022,NUTRITION,10.1016/j.nut.2022.111787,0,"microbiota, gut, cancer, microbiome, immune, immunotherapy, gut microbiota, tumor, patients, treatment"
Dynamic gut microbiota changes in patients with advanced malignancies experiencing secondary resistance to immune checkpoint inhibitors and immune-related adverse events,2023,FRONTIERS IN ONCOLOGY,10.3389/fonc.2023.1144534,0,"microbiota, gut, cancer, microbiome, immune, immunotherapy, gut microbiota, tumor, patients, treatment"
Intestinal Akkermansia muciniphila complements the efficacy of PD1 therapy in MAFLD-related hepatocellular carcinoma,2025,CELL REPORTS MEDICINE,10.1016/j.xcrm.2024.101900,9,"hcc, liver, hepatocellular, carcinoma, hepatocellular carcinoma, tumor, immune, sorafenib, resistance, immunotherapy"
Microbiome Modulation for the Treatment of Solid Neoplasms,2025,JOURNAL OF CLINICAL ONCOLOGY,10.1200/JCO-25-00374,0,"microbiota, gut, cancer, microbiome, immune, immunotherapy, gut microbiota, tumor, patients, treatment"
The role of the gut microbiome on the efficacy of immune checkpoint inhibitors in Japanese responder patients with advanced non-small cell lung cancer,2019,TRANSLATIONAL LUNG CANCER RESEARCH,10.21037/tlcr.2019.10.23,0,"microbiota, gut, cancer, microbiome, immune, immunotherapy, gut microbiota, tumor, patients, treatment"
Modulation of gut microbiota to overcome resistance to immune checkpoint blockade in cancer immunotherapy,2020,CURRENT OPINION IN PHARMACOLOGY,10.1016/j.coph.2020.06.004,0,"microbiota, gut, cancer, microbiome, immune, immunotherapy, gut microbiota, tumor, patients, treatment"
Anti-PD-1 antibody-activated Th17 cells subvert re-invigoration of antitumor cytotoxic T-lymphocytes via myeloid cell-derived COX-2/PGE2,2023,CANCER IMMUNOLOGY IMMUNOTHERAPY,10.1007/s00262-022-03285-3,2,"cancer, tumor, immune, cell, resistance, pd, immunotherapy, checkpoint, drug, immune checkpoint"
Current Advances and Future Directions for Sensitizing Gastric Cancer to Immune Checkpoint Inhibitors,2025,CANCER MEDICINE,10.1002/cam4.71065,-1,"cancer, cell, treatment, patients, microbiota, immune, gut, therapy, disease, resistance"
"Fusobacterium Nucleatum in Colorectal Cancer: Relationship Among Immune Modulation, Potential Biomarkers and Therapeutic Implications",2025,INTERNATIONAL JOURNAL OF MOLECULAR SCIENCES,10.3390/ijms26199710,1,"crc, colorectal, cancer, colorectal cancer, nucleatum, tumor, cells, microbiota, cell, resistance"
Improved survival in advanced melanoma patients treated with fecal microbiota transplantation using healthy donor stool in combination with anti-PD1: final results of the MIMic phase 1 trial,2025,JOURNAL FOR IMMUNOTHERAPY OF CANCER,10.1136/jitc-2025-012659,0,"microbiota, gut, cancer, microbiome, immune, immunotherapy, gut microbiota, tumor, patients, treatment"
From dysbiosis to precision therapy: decoding the gut-bladder axis in bladder carcinogenesis,2025,FRONTIERS IN ONCOLOGY,10.3389/fonc.2025.1630726,-1,"cancer, cell, treatment, patients, microbiota, immune, gut, therapy, disease, resistance"
Immunotherapy in hepatocellular carcinoma: how will it reshape treatment sequencing?,2023,THERAPEUTIC ADVANCES IN MEDICAL ONCOLOGY,10.1177/17588359221148029,9,"hcc, liver, hepatocellular, carcinoma, hepatocellular carcinoma, tumor, immune, sorafenib, resistance, immunotherapy"
"Bugs, drugs, and cancer: can the microbiome be a potential therapeutic target for cancer management?",2019,DRUG DISCOVERY TODAY,10.1016/j.drudis.2019.02.009,0,"microbiota, gut, cancer, microbiome, immune, immunotherapy, gut microbiota, tumor, patients, treatment"
The Impact of the Microbiome on Resistance to Cancer Treatment with Chemotherapeutic Agents and Immunotherapy,2022,INTERNATIONAL JOURNAL OF MOLECULAR SCIENCES,10.3390/ijms23010488,2,"cancer, tumor, immune, cell, resistance, pd, immunotherapy, checkpoint, drug, immune checkpoint"
Gut microbiome influences efficacy of PD-1-based immunotherapy against epithelial tumors,2018,SCIENCE,10.1126/science.aan3706,0,"microbiota, gut, cancer, microbiome, immune, immunotherapy, gut microbiota, tumor, patients, treatment"
Fusobacterium nucleatum confers chemoresistance by modulating autophagy in oesophageal squamous cell carcinoma,2021,BRITISH JOURNAL OF CANCER,10.1038/s41416-020-01198-5,1,"crc, colorectal, cancer, colorectal cancer, nucleatum, tumor, cells, microbiota, cell, resistance"
Clinical Evidence for Microbiome-Based Strategies in Cancer Immunotherapy: A State-of-the-Art Review,2025,MEDICINA-LITHUANIA,10.3390/medicina61091595,0,"microbiota, gut, cancer, microbiome, immune, immunotherapy, gut microbiota, tumor, patients, treatment"
What Is Known about Theragnostic Strategies in Colorectal Cancer,2021,BIOMEDICINES,10.3390/biomedicines9020140,1,"crc, colorectal, cancer, colorectal cancer, nucleatum, tumor, cells, microbiota, cell, resistance"
Immunotherapy for renal cell carcinoma: New therapeutic combinations and adverse event management strategies: A review,2024,MEDICINE,10.1097/MD.0000000000038991,2,"cancer, tumor, immune, cell, resistance, pd, immunotherapy, checkpoint, drug, immune checkpoint"
A Natural Polyphenol Exerts Antitumor Activity and Circumvents Anti-PD-1 Resistance through Effects on the Gut Microbiota,2022,CANCER DISCOVERY,10.1158/2159-8290.CD-21-0808,-1,"cancer, cell, treatment, patients, microbiota, immune, gut, therapy, disease, resistance"
Hedgehog blockade remodels the gut microbiota and the intestinal effector CD8+ T cells in a mouse model of mammary carcinoma,2022,LABORATORY INVESTIGATION,10.1038/s41374-022-00828-1,0,"microbiota, gut, cancer, microbiome, immune, immunotherapy, gut microbiota, tumor, patients, treatment"
Trends and hotspots in research related to tumor immune escape: bibliometric analysis and future perspectives,2025,FRONTIERS IN IMMUNOLOGY,10.3389/fimmu.2025.1604216,2,"cancer, tumor, immune, cell, resistance, pd, immunotherapy, checkpoint, drug, immune checkpoint"
"Gut microbiome in cancer immunotherapy: Current trends, translational challenges and future possibilities",2023,BIOCHIMICA ET BIOPHYSICA ACTA-GENERAL SUBJECTS,10.1016/j.bbagen.2023.130401,0,"microbiota, gut, cancer, microbiome, immune, immunotherapy, gut microbiota, tumor, patients, treatment"
"Nab-paclitaxel combined with cadonilimab (AK104) as second-line treatment for advanced gastric cancer: protocol for a phase II prospective, multicenter, single-arm clinical trial",2025,FRONTIERS IN IMMUNOLOGY,10.3389/fimmu.2025.1519545,-1,"cancer, cell, treatment, patients, microbiota, immune, gut, therapy, disease, resistance"
New Frontiers about the Role of Human Microbiota in Immunotherapy: The Immune Checkpoint Inhibitors and CAR T-Cell Therapy Era,2020,INTERNATIONAL JOURNAL OF MOLECULAR SCIENCES,10.3390/ijms21238902,0,"microbiota, gut, cancer, microbiome, immune, immunotherapy, gut microbiota, tumor, patients, treatment"
Drug resistance and new therapies in colorectal cancer,2018,WORLD JOURNAL OF GASTROENTEROLOGY,10.3748/wjg.v24.i34.3834,1,"crc, colorectal, cancer, colorectal cancer, nucleatum, tumor, cells, microbiota, cell, resistance"
Local Delivery of Immunomodulatory Antibodies for Gastrointestinal Tumors,2023,CANCERS,10.3390/cancers15082352,3,"pancreatic, pancreatic cancer, pdac, cancer, ductal, adenocarcinoma, tumor, gemcitabine, pancreatic ductal, resistance"
"Harnessing the Gut Microbiome in Cancer Immunotherapy: Mechanisms, Challenges, and Routes to Personalized Medicine-A Systematic Review",2025,TECHNOLOGY IN CANCER RESEARCH & TREATMENT,10.1177/15330338251365700,0,"microbiota, gut, cancer, microbiome, immune, immunotherapy, gut microbiota, tumor, patients, treatment"
Microbial biomarkers for immune checkpoint blockade therapy against cancer,2018,JOURNAL OF GASTROENTEROLOGY,10.1007/s00535-018-1492-9,-1,"cancer, cell, treatment, patients, microbiota, immune, gut, therapy, disease, resistance"
Immuno-Metabolism and Microenvironment in Cancer: Key Players for Immunotherapy,2020,INTERNATIONAL JOURNAL OF MOLECULAR SCIENCES,10.3390/ijms21124414,2,"cancer, tumor, immune, cell, resistance, pd, immunotherapy, checkpoint, drug, immune checkpoint"
Harnessing dietary polyunsaturated fatty acids through gut microbiota to enhance ferroptosis in breast cancer therapy,2025,NUTRITION RESEARCH,10.1016/j.nutres.2025.07.007,0,"microbiota, gut, cancer, microbiome, immune, immunotherapy, gut microbiota, tumor, patients, treatment"
Fusobacterium nucleatum: a novel immune modulator in breast cancer?,2023,EXPERT REVIEWS IN MOLECULAR MEDICINE,10.1017/erm.2023.9,0,"microbiota, gut, cancer, microbiome, immune, immunotherapy, gut microbiota, tumor, patients, treatment"
The Landscape of Immunotherapy Resistance in NSCLC,2022,FRONTIERS IN ONCOLOGY,10.3389/fonc.2022.817548,2,"cancer, tumor, immune, cell, resistance, pd, immunotherapy, checkpoint, drug, immune checkpoint"
Gut microbes involvement in gastrointestinal cancers through redox regulation,2023,GUT PATHOGENS,10.1186/s13099-023-00562-z,1,"crc, colorectal, cancer, colorectal cancer, nucleatum, tumor, cells, microbiota, cell, resistance"
Strategies for Predicting Response to Checkpoint Inhibitors,2018,CURRENT HEMATOLOGIC MALIGNANCY REPORTS,10.1007/s11899-018-0471-9,2,"cancer, tumor, immune, cell, resistance, pd, immunotherapy, checkpoint, drug, immune checkpoint"
The impact of the gut microbiome on tumor immunotherapy: from mechanism to application strategies,2023,CELL AND BIOSCIENCE,10.1186/s13578-023-01135-y,0,"microbiota, gut, cancer, microbiome, immune, immunotherapy, gut microbiota, tumor, patients, treatment"
Tumor-Associated Microbiome: Where Do We Stand?,2021,INTERNATIONAL JOURNAL OF MOLECULAR SCIENCES,10.3390/ijms22031446,0,"microbiota, gut, cancer, microbiome, immune, immunotherapy, gut microbiota, tumor, patients, treatment"
Gutting it Out: Developing Effective Immunotherapies for Patients With Colorectal Cancer,2021,JOURNAL OF IMMUNOTHERAPY,10.1097/CJI.0000000000000357,1,"crc, colorectal, cancer, colorectal cancer, nucleatum, tumor, cells, microbiota, cell, resistance"
Precision Delivery of Active Compounds from Edible and Medicinal Plants via Gut Microbiota Targeting: A New Paradigm for Cancer Immunotherapy,2025,NUTRIENTS,10.3390/nu17223591,0,"microbiota, gut, cancer, microbiome, immune, immunotherapy, gut microbiota, tumor, patients, treatment"
Gut Microbiome as a Potential Factor for Modulating Resistance to Cancer Immunotherapy,2020,FRONTIERS IN IMMUNOLOGY,10.3389/fimmu.2019.02989,0,"microbiota, gut, cancer, microbiome, immune, immunotherapy, gut microbiota, tumor, patients, treatment"
"Applications of traditional Chinese medicine in cancer immunotherapy via gut microbiota modulation: Current status, mechanisms, challenges and perspectives",2025,PHARMACOLOGICAL RESEARCH,10.1016/j.phrs.2025.108020,0,"microbiota, gut, cancer, microbiome, immune, immunotherapy, gut microbiota, tumor, patients, treatment"
Immunotherapy induced enterocolitis and gastritis - What to do and when?,2020,BEST PRACTICE & RESEARCH CLINICAL GASTROENTEROLOGY,10.1016/j.bpg.2020.101703,-1,"cancer, cell, treatment, patients, microbiota, immune, gut, therapy, disease, resistance"
Immunotherapy resistance in non-small cell lung cancer: from mechanisms to therapeutic opportunities,2025,JOURNAL OF EXPERIMENTAL & CLINICAL CANCER RESEARCH,10.1186/s13046-025-03519-z,2,"cancer, tumor, immune, cell, resistance, pd, immunotherapy, checkpoint, drug, immune checkpoint"
Longitudinal analysis of the gut microbiota during anti-PD-1 therapy reveals stable microbial features of response in melanoma patients,2024,CELL HOST & MICROBE,10.1016/j.chom.2024.10.006,0,"microbiota, gut, cancer, microbiome, immune, immunotherapy, gut microbiota, tumor, patients, treatment"
The Gut Microbiome Associates with Immune Checkpoint Inhibition Outcomes in Patients with Advanced Non-Small Cell Lung Cancer,2020,CANCER IMMUNOLOGY RESEARCH,10.1158/2326-6066.CIR-20-0196,0,"microbiota, gut, cancer, microbiome, immune, immunotherapy, gut microbiota, tumor, patients, treatment"
The Cancer Immunotherapy Biomarker Testing Landscape,2020,ARCHIVES OF PATHOLOGY & LABORATORY MEDICINE,10.5858/arpa.2018-0584-CP,2,"cancer, tumor, immune, cell, resistance, pd, immunotherapy, checkpoint, drug, immune checkpoint"
"Local Breast Microbiota: A ""New"" Player on the Block",2022,CANCERS,10.3390/cancers14153811,0,"microbiota, gut, cancer, microbiome, immune, immunotherapy, gut microbiota, tumor, patients, treatment"
Role of Human Microbiome in Development and Management of Head and Neck Squamous Cell Carcinoma,2025,CANCERS,10.3390/cancers17132238,-1,"cancer, cell, treatment, patients, microbiota, immune, gut, therapy, disease, resistance"
Tumor immune microenvironment and nano-immunotherapeutics in colorectal cancer,2019,NANOMEDICINE-NANOTECHNOLOGY BIOLOGY AND MEDICINE,10.1016/j.nano.2019.102034,1,"crc, colorectal, cancer, colorectal cancer, nucleatum, tumor, cells, microbiota, cell, resistance"
Complex interactions between the microbiome and cancer immune therapy,2019,CRITICAL REVIEWS IN CLINICAL LABORATORY SCIENCES,10.1080/10408363.2019.1660303,-1,"cancer, cell, treatment, patients, microbiota, immune, gut, therapy, disease, resistance"
"Synergistic Interactions Between Probiotics and Anticancer Drugs: Mechanisms, Benefits, and Challenges",2025,PROBIOTICS AND ANTIMICROBIAL PROTEINS,10.1007/s12602-025-10462-0,-1,"cancer, cell, treatment, patients, microbiota, immune, gut, therapy, disease, resistance"
Antibiotics are associated with decreased progression-free survival of advanced melanoma patients treated with immune checkpoint inhibitors,2019,ONCOIMMUNOLOGY,10.1080/2162402X.2019.1568812,0,"microbiota, gut, cancer, microbiome, immune, immunotherapy, gut microbiota, tumor, patients, treatment"
Stem cell-based therapies in inflammatory bowel disease: promises and pitfalls,2016,THERAPEUTIC ADVANCES IN GASTROENTEROLOGY,10.1177/1756283X16642190,7,"ibd, disease, inflammatory, bowel, inflammatory bowel, bowel disease, colitis, crohn, crohn disease, intestinal"
Identification of the Crucial Role of CCL22 in F. nucleatum-Related Colorectal Tumorigenesis that Correlates With Tumor Microenvironment and Immune Checkpoint Therapy,2022,FRONTIERS IN GENETICS,10.3389/fgene.2022.811900,1,"crc, colorectal, cancer, colorectal cancer, nucleatum, tumor, cells, microbiota, cell, resistance"
Gut Microbiota and Ferroptosis in Colorectal Cancer: A Comprehensive Review of Mechanisms and Therapeutic Strategies to Overcome Immune Checkpoint Resistance,2025,BIOMOLECULES,10.3390/biom15111546,1,"crc, colorectal, cancer, colorectal cancer, nucleatum, tumor, cells, microbiota, cell, resistance"
Screening costs associated with donor selection for fecal microbiota transplantation for treatment of PD-1 refractory melanoma patients,2023,MELANOMA RESEARCH,10.1097/CMR.0000000000000871,0,"microbiota, gut, cancer, microbiome, immune, immunotherapy, gut microbiota, tumor, patients, treatment"
Leveraging immune resistance archetypes in solid cancer to inform next-generation anticancer therapies,2023,JOURNAL FOR IMMUNOTHERAPY OF CANCER,10.1136/jitc-2022-006533,2,"cancer, tumor, immune, cell, resistance, pd, immunotherapy, checkpoint, drug, immune checkpoint"
Innovative approaches in HELICOBACTER pylori therapy: Clinical trials and advancements in Gastro-Retentive drug delivery systems,2025,ARAB JOURNAL OF GASTROENTEROLOGY,10.1016/j.ajg.2025.09.010,-1,"cancer, cell, treatment, patients, microbiota, immune, gut, therapy, disease, resistance"
Fecal microbiota transplantation plus immune checkpoint inhibitor rechallenges in patients with advanced non-small cell lung cancer: a single-arm exploratory study,2025,TRANSLATIONAL LUNG CANCER RESEARCH,10.21037/tlcr-2025-973,0,"microbiota, gut, cancer, microbiome, immune, immunotherapy, gut microbiota, tumor, patients, treatment"
Dietary pattern and the corresponding gut microbiome in response to immunotherapy in Thai patients with advanced non-small cell lung cancer (NSCLC),2024,SCIENTIFIC REPORTS,10.1038/s41598-024-79339-6,0,"microbiota, gut, cancer, microbiome, immune, immunotherapy, gut microbiota, tumor, patients, treatment"
MiCK: a database of gut microbial genes linked with chemoresistance in cancer patients,2024,DATABASE-THE JOURNAL OF BIOLOGICAL DATABASES AND CURATION,10.1093/database/baae124,1,"crc, colorectal, cancer, colorectal cancer, nucleatum, tumor, cells, microbiota, cell, resistance"
Biomarkers for predicting efficacy of PD-1/PD-L1 inhibitors,2018,MOLECULAR CANCER,10.1186/s12943-018-0864-3,2,"cancer, tumor, immune, cell, resistance, pd, immunotherapy, checkpoint, drug, immune checkpoint"
Beyond single biomarkers: multi-omics strategies to predict immunotherapy outcomes in blood cancers,2025,CLINICAL AND EXPERIMENTAL MEDICINE,10.1007/s10238-025-01902-w,2,"cancer, tumor, immune, cell, resistance, pd, immunotherapy, checkpoint, drug, immune checkpoint"
Anticancer Properties of Curcumin and Interactions With the Circadian Timing System,2019,INTEGRATIVE CANCER THERAPIES,10.1177/1534735419889154,1,"crc, colorectal, cancer, colorectal cancer, nucleatum, tumor, cells, microbiota, cell, resistance"
Next Wave of Targets in the Treatment of Advanced Renal Cell Carcinoma,2022,CURRENT ONCOLOGY,10.3390/curroncol29080429,2,"cancer, tumor, immune, cell, resistance, pd, immunotherapy, checkpoint, drug, immune checkpoint"
Immune-Related Colitis Is Associated with Fecal Microbial Dysbiosis and Can Be Mitigated by Fecal Microbiota Transplantation,2024,CANCER IMMUNOLOGY RESEARCH,10.1158/2326-6066.CIR-23-0498,5,"fmt, difficile, transplantation, fecal, cdi, microbiota transplantation, fecal microbiota, microbiota, treatment, infection"
Exploring the landscape of drug resistance in gastrointestinal cancer immunotherapy: A review,2024,MEDICINE,10.1097/MD.0000000000036957,2,"cancer, tumor, immune, cell, resistance, pd, immunotherapy, checkpoint, drug, immune checkpoint"
"Mechanisms, combination therapy, and biomarkers in cancer immunotherapy resistance",2024,CELL COMMUNICATION AND SIGNALING,10.1186/s12964-024-01711-w,2,"cancer, tumor, immune, cell, resistance, pd, immunotherapy, checkpoint, drug, immune checkpoint"
Possible therapeutic role of short-chain fatty acids from skin commensal bacteria in UVB-induced skin carcinogenesis,2023,BIOCELL,10.32604/biocell.2023.030383,-1,"cancer, cell, treatment, patients, microbiota, immune, gut, therapy, disease, resistance"
Combination strategies with PD-1/PD-L1 blockade: current advances and future directions,2022,MOLECULAR CANCER,10.1186/s12943-021-01489-2,2,"cancer, tumor, immune, cell, resistance, pd, immunotherapy, checkpoint, drug, immune checkpoint"
Fecal microbiota transplantation improves anti-PD-1 inhibitor efficacy in unresectable or metastatic solid cancers refractory to anti-PD-1 inhibitor,2024,CELL HOST & MICROBE,10.1016/j.chom.2024.06.010,0,"microbiota, gut, cancer, microbiome, immune, immunotherapy, gut microbiota, tumor, patients, treatment"
CAR-T and CAR-NK cell therapies in AML: breaking barriers and charting the future,2025,JOURNAL OF TRANSLATIONAL MEDICINE,10.1186/s12967-025-07151-5,-1,"cancer, cell, treatment, patients, microbiota, immune, gut, therapy, disease, resistance"
Feasibility of Atezolizumab in Combination With Chemotherapy for Children With Relapsed or Refractory Solid Tumors,2025,PEDIATRIC BLOOD & CANCER,10.1002/pbc.32046,2,"cancer, tumor, immune, cell, resistance, pd, immunotherapy, checkpoint, drug, immune checkpoint"
Composition of the Gut Microbiota Associated with the Response to Immunotherapy in Advanced Cancer Patients: A Chinese Real-World Pilot Study,2022,JOURNAL OF CLINICAL MEDICINE,10.3390/jcm11185479,0,"microbiota, gut, cancer, microbiome, immune, immunotherapy, gut microbiota, tumor, patients, treatment"
Mechanisms of resistance and predictive biomarkers of response to targeted therapies and immunotherapies in metastatic melanoma,2020,CURRENT OPINION IN ONCOLOGY,10.1097/CCO.0000000000000603,-1,"cancer, cell, treatment, patients, microbiota, immune, gut, therapy, disease, resistance"
The Role of the Gut Microbiota in Modulating Signaling Pathways and Oxidative Stress in Glioma Therapies,2025,CANCERS,10.3390/cancers17050719,0,"microbiota, gut, cancer, microbiome, immune, immunotherapy, gut microbiota, tumor, patients, treatment"
The microbiome-derived metabolite TMAO drives immune activation and boosts responses to immune checkpoint blockade in pancreatic cancer,2022,SCIENCE IMMUNOLOGY,10.1126/sciimmunol.abn0704,-1,"cancer, cell, treatment, patients, microbiota, immune, gut, therapy, disease, resistance"
Immunotherapy in microsatellite-stable colorectal cancer: Strategies to overcome resistance,2025,CRITICAL REVIEWS IN ONCOLOGY HEMATOLOGY,10.1016/j.critrevonc.2025.104775,1,"crc, colorectal, cancer, colorectal cancer, nucleatum, tumor, cells, microbiota, cell, resistance"
GABA-producing Lactobacillus plantarum inhibits metastatic properties and induces apoptosis of 5-FU-resistant colorectal cancer cells via GABAB receptor signaling,2021,JOURNAL OF MICROBIOLOGY,10.1007/s12275-021-0562-5,1,"crc, colorectal, cancer, colorectal cancer, nucleatum, tumor, cells, microbiota, cell, resistance"
Tumor microenvironment-mediated immune evasion in hepatocellular carcinoma,2023,FRONTIERS IN IMMUNOLOGY,10.3389/fimmu.2023.1133308,9,"hcc, liver, hepatocellular, carcinoma, hepatocellular carcinoma, tumor, immune, sorafenib, resistance, immunotherapy"
Tumor mutation burden in the prognosis and response of lung cancer patients to immune-checkpoint inhibition therapies,2023,TRANSLATIONAL ONCOLOGY,10.1016/j.tranon.2023.101788,2,"cancer, tumor, immune, cell, resistance, pd, immunotherapy, checkpoint, drug, immune checkpoint"
Primary and Acquired Resistance to Immunotherapy in Lung Cancer: Unveiling the Mechanisms Underlying of Immune Checkpoint Blockade Therapy,2020,CANCERS,10.3390/cancers12123729,2,"cancer, tumor, immune, cell, resistance, pd, immunotherapy, checkpoint, drug, immune checkpoint"
The Use of Fecal Microbiota Transplant in Overcoming and Modulating Resistance to Anti-PD-1 Therapy in Patients with Skin Cancer,2024,CANCERS,10.3390/cancers16030499,0,"microbiota, gut, cancer, microbiome, immune, immunotherapy, gut microbiota, tumor, patients, treatment"
Conversion of unresponsiveness to immune checkpoint inhibition by fecal microbiota transplantation in patients with metastatic melanoma: study protocol for a randomized phase Ib/IIa trial,2022,BMC CANCER,10.1186/s12885-022-10457-y,0,"microbiota, gut, cancer, microbiome, immune, immunotherapy, gut microbiota, tumor, patients, treatment"
The Microbiome and Genitourinary Cancers: A New Frontier,2025,CANCERS,10.3390/cancers17223606,-1,"cancer, cell, treatment, patients, microbiota, immune, gut, therapy, disease, resistance"
Gut commensal bacteria influence colorectal cancer development by modulating immune response in AOM/DSS-treated mice,2025,MICROBIOLOGY SPECTRUM,10.1128/spectrum.02792-24,1,"crc, colorectal, cancer, colorectal cancer, nucleatum, tumor, cells, microbiota, cell, resistance"
Research hotspots and frontiers in the tumor microenvironment of colorectal cancer: a bibliometric study from 2014 to 2024,2025,FRONTIERS IN ONCOLOGY,10.3389/fonc.2025.1525280,1,"crc, colorectal, cancer, colorectal cancer, nucleatum, tumor, cells, microbiota, cell, resistance"
Gut microbiome predicts gastrointestinal toxicity outcomes from chemoradiation therapy in patients with head and neck squamous cell carcinoma,2024,ORAL ONCOLOGY,10.1016/j.oraloncology.2023.106623,-1,"cancer, cell, treatment, patients, microbiota, immune, gut, therapy, disease, resistance"
Evaluation of gut leakage and bacterial translocation as efficacy biomarkers of immunotherapy in advanced non-small cell lung cancer (NSCLC),2025,TRANSLATIONAL LUNG CANCER RESEARCH,10.21037/tlcr-2024-1083,0,"microbiota, gut, cancer, microbiome, immune, immunotherapy, gut microbiota, tumor, patients, treatment"
Multinational Association of Supportive Care in Cancer (MASCC) 2020 clinical practice recommendations for the management of severe gastrointestinal and hepatic toxicities from checkpoint inhibitors,2020,SUPPORTIVE CARE IN CANCER,10.1007/s00520-020-05707-3,-1,"cancer, cell, treatment, patients, microbiota, immune, gut, therapy, disease, resistance"
Gut microbiome in gastrointestinal neoplasms: from mechanisms to precision therapeutic strategies,2025,GUT PATHOGENS,10.1186/s13099-025-00734-z,1,"crc, colorectal, cancer, colorectal cancer, nucleatum, tumor, cells, microbiota, cell, resistance"
Immunotherapy in Melanoma: Recent Advances and Future Directions,2023,CANCERS,10.3390/cancers15041106,-1,"cancer, cell, treatment, patients, microbiota, immune, gut, therapy, disease, resistance"
Salivary Microbiome Relates to Neoadjuvant Immunotherapy Response in OSCC,2024,JOURNAL OF DENTAL RESEARCH,10.1177/00220345241262759,0,"microbiota, gut, cancer, microbiome, immune, immunotherapy, gut microbiota, tumor, patients, treatment"
Methylglyoxal from gut microbes boosts radiosensitivity and radioimmunotherapy in rectal cancer by triggering endoplasmic reticulum stress and cGAS-STING activation,2023,JOURNAL FOR IMMUNOTHERAPY OF CANCER,10.1136/jitc-2023-007840,-1,"cancer, cell, treatment, patients, microbiota, immune, gut, therapy, disease, resistance"
A powerful machine learning approach to identify interactions of differentially abundant gut microbial subsets in patients with metastatic and non-metastatic pancreatic cancer,2024,GUT MICROBES,10.1080/19490976.2024.2375483,3,"pancreatic, pancreatic cancer, pdac, cancer, ductal, adenocarcinoma, tumor, gemcitabine, pancreatic ductal, resistance"
Gut microbiota correlates with antitumor activity in patients with mCRC and NSCLC treated with cetuximab plus avelumab,2022,INTERNATIONAL JOURNAL OF CANCER,10.1002/ijc.34033,0,"microbiota, gut, cancer, microbiome, immune, immunotherapy, gut microbiota, tumor, patients, treatment"
BRICS sequential therapeutic regimen as first-Line treatment for PD-L1-negative metastatic non-small cell lung cancer patients harboring EGFR/ALK wild-type status: a retrospective study,2025,FRONTIERS IN IMMUNOLOGY,10.3389/fimmu.2025.1618110,2,"cancer, tumor, immune, cell, resistance, pd, immunotherapy, checkpoint, drug, immune checkpoint"
The Potential Role of the Intestinal Micromilieu and Individual Microbes in the Immunobiology of Chimeric Antigen Receptor T-Cell Therapy,2021,FRONTIERS IN IMMUNOLOGY,10.3389/fimmu.2021.670286,-1,"cancer, cell, treatment, patients, microbiota, immune, gut, therapy, disease, resistance"
Effect of radiotherapy exposure on fruquintinib plus sintilimab treatment in refractory microsatellite stable metastatic colorectal cancer: a prospective observation study,2025,JOURNAL FOR IMMUNOTHERAPY OF CANCER,10.1136/jitc-2024-009415,1,"crc, colorectal, cancer, colorectal cancer, nucleatum, tumor, cells, microbiota, cell, resistance"
Safety and Efficacy of Consolidation Therapy with Ipilimumab Plus Nivolumab after Autologous Stem Cell Transplantation,2021,TRANSPLANTATION AND CELLULAR THERAPY,10.1016/j.jtct.2020.12.026,10,"transplantation, gvhd, graft, graft versus, versus, versus host, acute, cell transplantation, host disease, agvhd"
Gut microbial metabolism of 5-ASA diminishes its clinical efficacy in inflammatory bowel disease,2023,NATURE MEDICINE,10.1038/s41591-023-02217-7,7,"ibd, disease, inflammatory, bowel, inflammatory bowel, bowel disease, colitis, crohn, crohn disease, intestinal"
"A Novel Strategy for Enhancing Lung Cancer Immunotherapy Efficacy: Traditional Chinese Medicine Formula Shuyu Pills Enhances Anti-PD-1 Efficacy Via the ""GM-ERS-Immunity"" Axis",2025,BIOLOGICAL PROCEDURES ONLINE,10.1186/s12575-025-00314-0,2,"cancer, tumor, immune, cell, resistance, pd, immunotherapy, checkpoint, drug, immune checkpoint"
Engineering nanoplatforms of bacterial outer membrane vesicles to overcome cancer therapy resistance,2025,DRUG RESISTANCE UPDATES,10.1016/j.drup.2025.101277,-1,"cancer, cell, treatment, patients, microbiota, immune, gut, therapy, disease, resistance"
Gut Bacteria Composition Drives Primary Resistance to Cancer Immunotherapy in Renal Cell Carcinoma Patients,2020,EUROPEAN UROLOGY,10.1016/j.eururo.2020.04.044,0,"microbiota, gut, cancer, microbiome, immune, immunotherapy, gut microbiota, tumor, patients, treatment"
Gut modulation to regulate NF-κB in colorectal and gastric cancer therapy and inflammation,2025,CANCER IMMUNOLOGY IMMUNOTHERAPY,10.1007/s00262-025-04118-9,-1,"cancer, cell, treatment, patients, microbiota, immune, gut, therapy, disease, resistance"
Toward a comprehensive view of cancer immune responsiveness: a synopsis from the SITC workshop,2019,JOURNAL FOR IMMUNOTHERAPY OF CANCER,10.1186/s40425-019-0602-4,2,"cancer, tumor, immune, cell, resistance, pd, immunotherapy, checkpoint, drug, immune checkpoint"
Plant-derived vesicle-like nanoparticles: A new tool for inflammatory bowel disease and colitis-associated cancer treatment,2024,MOLECULAR THERAPY,10.1016/j.ymthe.2024.02.021,7,"ibd, disease, inflammatory, bowel, inflammatory bowel, bowel disease, colitis, crohn, crohn disease, intestinal"
Weissella cibaria Relieves Gut Inflammation Caused by Escherichia coli through Inflammation Modulation and Gut Microbiota Regulation,2024,FOODS,10.3390/foods13071133,4,"infection, infections, drug, resistant, aeruginosa, bacterial, phage, tb, mdr, animal"
Revealing the therapeutic properties of gut microbiota: transforming cancer immunotherapy from basic to clinical approaches,2024,MEDICAL ONCOLOGY,10.1007/s12032-024-02416-3,0,"microbiota, gut, cancer, microbiome, immune, immunotherapy, gut microbiota, tumor, patients, treatment"
Targeting the gut and tumor microbiome in cancer treatment resistance,2024,AMERICAN JOURNAL OF PHYSIOLOGY-CELL PHYSIOLOGY,10.1152/ajpcell.00201.2024,0,"microbiota, gut, cancer, microbiome, immune, immunotherapy, gut microbiota, tumor, patients, treatment"
How the interplay among the tumor microenvironment and the gut microbiota influences the stemness of colorectal cancer cells,2023,WORLD JOURNAL OF STEM CELLS,10.4252/wjsc.v15.i5.281,1,"crc, colorectal, cancer, colorectal cancer, nucleatum, tumor, cells, microbiota, cell, resistance"
"Modulating the gut microbiota by probiotics, prebiotics, postbiotics, and fecal microbiota transplantation: An emerging trend in cancer patient care",2023,BIOCHIMICA ET BIOPHYSICA ACTA-REVIEWS ON CANCER,10.1016/j.bbcan.2023.188990,0,"microbiota, gut, cancer, microbiome, immune, immunotherapy, gut microbiota, tumor, patients, treatment"
Faecal microbiota transplantation in patients with haematological malignancies undergoing cellular therapies: from translational research to routine clinical practice,2022,LANCET HAEMATOLOGY,10.1016/S2352-3026(22)00223-X,10,"transplantation, gvhd, graft, graft versus, versus, versus host, acute, cell transplantation, host disease, agvhd"
Gut dysbiosis in cancer immunotherapy: microbiota-mediated resistance and emerging treatments,2025,FRONTIERS IN IMMUNOLOGY,10.3389/fimmu.2025.1575452,0,"microbiota, gut, cancer, microbiome, immune, immunotherapy, gut microbiota, tumor, patients, treatment"
"The Role of the Gut Microbiome in Pathogenesis, Biology, and Treatment of Plasma Cell Dyscrasias",2021,FRONTIERS IN ONCOLOGY,10.3389/fonc.2021.741376,0,"microbiota, gut, cancer, microbiome, immune, immunotherapy, gut microbiota, tumor, patients, treatment"
Trial watch : the gut microbiota as a tool to boost the clinical efficacy of anticancer immunotherapy,2020,ONCOIMMUNOLOGY,10.1080/2162402X.2020.1774298,0,"microbiota, gut, cancer, microbiome, immune, immunotherapy, gut microbiota, tumor, patients, treatment"
Fecal transplantation in patient with metastatic melanoma refractory to immunotherapy: A case report,2023,WORLD JOURNAL OF CLINICAL CASES,10.12998/wjcc.v11.i24.5830,0,"microbiota, gut, cancer, microbiome, immune, immunotherapy, gut microbiota, tumor, patients, treatment"
Antitumor effects of fecal microbiota transplantation: Implications for microbiome modulation in cancer treatment,2022,FRONTIERS IN IMMUNOLOGY,10.3389/fimmu.2022.949490,5,"fmt, difficile, transplantation, fecal, cdi, microbiota transplantation, fecal microbiota, microbiota, treatment, infection"
The Role of Microbiota in Ovarian Cancer: Implications for Treatment Response and Therapeutic Strategies,2025,CELLS,10.3390/cells14221813,-1,"cancer, cell, treatment, patients, microbiota, immune, gut, therapy, disease, resistance"
Fecal microbiota transplant promotes response in immunotherapy-refractory melanoma patients,2021,SCIENCE,10.1126/science.abb5920,0,"microbiota, gut, cancer, microbiome, immune, immunotherapy, gut microbiota, tumor, patients, treatment"
Fecal microbiota transplant overcomes resistance to anti-PD-1 therapy in melanoma patients,2021,SCIENCE,10.1126/science.abf3363,0,"microbiota, gut, cancer, microbiome, immune, immunotherapy, gut microbiota, tumor, patients, treatment"
Fecal microbiota transplantation in cancer management: Current status and perspectives,2019,INTERNATIONAL JOURNAL OF CANCER,10.1002/ijc.32003,0,"microbiota, gut, cancer, microbiome, immune, immunotherapy, gut microbiota, tumor, patients, treatment"
Gut microbiome and CAR-T therapy,2019,EXPERIMENTAL HEMATOLOGY & ONCOLOGY,10.1186/s40164-019-0155-8,-1,"cancer, cell, treatment, patients, microbiota, immune, gut, therapy, disease, resistance"
Gut microbiome and gastric cancer: microbial interactions and therapeutic potential,2025,GUT PATHOGENS,10.1186/s13099-025-00729-w,1,"crc, colorectal, cancer, colorectal cancer, nucleatum, tumor, cells, microbiota, cell, resistance"
Case report: Fecal microbiota transplantation in refractory ankylosing spondylitis,2023,FRONTIERS IN IMMUNOLOGY,10.3389/fimmu.2023.1093233,5,"fmt, difficile, transplantation, fecal, cdi, microbiota transplantation, fecal microbiota, microbiota, treatment, infection"
Gut bacterial extracellular vesicles: important players in regulating intestinal microenvironment,2022,GUT MICROBES,10.1080/19490976.2022.2134689,0,"microbiota, gut, cancer, microbiome, immune, immunotherapy, gut microbiota, tumor, patients, treatment"
Gut microbiota in immunomodulation and infection prevention among multiple myeloma patients after chemotherapy: current evidence and clinical prospects,2025,AMERICAN JOURNAL OF CANCER RESEARCH,10.62347/NVYM7096,0,"microbiota, gut, cancer, microbiome, immune, immunotherapy, gut microbiota, tumor, patients, treatment"
Dysbiosis of gut microbiota in inflammatory bowel disease: Current therapies and potential for microbiota-modulating therapeutic approaches,2021,BOSNIAN JOURNAL OF BASIC MEDICAL SCIENCES,10.17305/bjbms.2020.5016,-1,"cancer, cell, treatment, patients, microbiota, immune, gut, therapy, disease, resistance"
Gut dysbiosis promotes prostate cancer progression and docetaxel resistance via activating NF-κB-IL6-STAT3 axis,2022,MICROBIOME,10.1186/s40168-022-01289-w,-1,"cancer, cell, treatment, patients, microbiota, immune, gut, therapy, disease, resistance"
High Diversity but Monodominance of Multidrug-Resistant Bacteria in Immunocompromised Pediatric Patients with Acute Lymphoblastic Leukemia Developing GVHD Are Not Associated with Changes in Gut Mycobiome,2023,ANTIBIOTICS-BASEL,10.3390/antibiotics12121667,10,"transplantation, gvhd, graft, graft versus, versus, versus host, acute, cell transplantation, host disease, agvhd"
Gut microbiota modulate radiotherapy-associated antitumor immune responses against hepatocellular carcinoma Via STING signaling,2022,GUT MICROBES,10.1080/19490976.2022.2119055,-1,"cancer, cell, treatment, patients, microbiota, immune, gut, therapy, disease, resistance"
The first report on effect of fecal microbiota transplantation as a complementary treatment in a patient with steroid-refractory Cronkhite-Canada syndrome A case report,2022,MEDICINE,10.1097/MD.0000000000029135,5,"fmt, difficile, transplantation, fecal, cdi, microbiota transplantation, fecal microbiota, microbiota, treatment, infection"
Microbiome dysbiosis and chemotherapy resistance in acute myeloid leukemia (AML),2025,NPJ BIOFILMS AND MICROBIOMES,10.1038/s41522-025-00891-8,-1,"cancer, cell, treatment, patients, microbiota, immune, gut, therapy, disease, resistance"
"Cancer and the Microbiome-Influence of the Commensal Microbiota on Cancer, Immune Responses, and Immunotherapy",2021,GASTROENTEROLOGY,10.1053/j.gastro.2020.11.041,0,"microbiota, gut, cancer, microbiome, immune, immunotherapy, gut microbiota, tumor, patients, treatment"
The long and winding road of faecal microbiota transplants to targeted intervention for improvement of immune checkpoint inhibition therapy,2023,EXPERT REVIEW OF ANTICANCER THERAPY,10.1080/14737140.2023.2262765,0,"microbiota, gut, cancer, microbiome, immune, immunotherapy, gut microbiota, tumor, patients, treatment"
Immunotherapy and Microbiota for Targeting of Liver Tumor-Initiating Stem-like Cells,2022,CANCERS,10.3390/cancers14102381,9,"hcc, liver, hepatocellular, carcinoma, hepatocellular carcinoma, tumor, immune, sorafenib, resistance, immunotherapy"
Mechanisms of primary and acquired resistance to PD-1/PD-L1 blockade and the emerging role of gut microbiome,2021,CLINICAL & TRANSLATIONAL ONCOLOGY,10.1007/s12094-021-02637-2,2,"cancer, tumor, immune, cell, resistance, pd, immunotherapy, checkpoint, drug, immune checkpoint"
From microbes to medicine: harnessing the power of the microbiome in esophageal cancer,2024,FRONTIERS IN IMMUNOLOGY,10.3389/fimmu.2024.1450927,-1,"cancer, cell, treatment, patients, microbiota, immune, gut, therapy, disease, resistance"
Metabolites in the Dance: Deciphering Gut-Microbiota-Mediated Metabolic Reprogramming of the Breast Tumor Microenvironment,2024,CANCERS,10.3390/cancers16244132,0,"microbiota, gut, cancer, microbiome, immune, immunotherapy, gut microbiota, tumor, patients, treatment"
The role of the microbiome in drug resistance in gastrointestinal cancers,2021,EXPERT REVIEW OF ANTICANCER THERAPY,10.1080/14737140.2021.1844007,0,"microbiota, gut, cancer, microbiome, immune, immunotherapy, gut microbiota, tumor, patients, treatment"
Leukaemia Infection Diagnosis and Intestinal Flora Disorder,2022,CURRENT MOLECULAR MEDICINE,10.2174/1566524021666210302144720,-1,"cancer, cell, treatment, patients, microbiota, immune, gut, therapy, disease, resistance"
A Comprehensive Oncological Biomarker Framework Guiding Precision Medicine,2025,BIOMOLECULES,10.3390/biom15091304,2,"cancer, tumor, immune, cell, resistance, pd, immunotherapy, checkpoint, drug, immune checkpoint"
Fecal microbiota transplantation beyond Clostridioides difficile infections,2019,EBIOMEDICINE,10.1016/j.ebiom.2019.05.066,5,"fmt, difficile, transplantation, fecal, cdi, microbiota transplantation, fecal microbiota, microbiota, treatment, infection"
"Gut Microbiome Alterations in Colorectal Cancer: Mechanisms, Therapeutic Strategies, and Precision Oncology Perspectives",2025,CANCERS,10.3390/cancers17142294,1,"crc, colorectal, cancer, colorectal cancer, nucleatum, tumor, cells, microbiota, cell, resistance"
Metastasis and the Microbiome: The Impact of Bacteria in Disseminated Colorectal Cancer,2024,FRONTIERS IN BIOSCIENCE-LANDMARK,10.31083/j.fbl2904152,1,"crc, colorectal, cancer, colorectal cancer, nucleatum, tumor, cells, microbiota, cell, resistance"
Type 2 diabetes induced microbiome dysbiosis is associated with therapy resistance in pancreatic adenocarcinoma,2020,MICROBIAL CELL FACTORIES,10.1186/s12934-020-01330-3,3,"pancreatic, pancreatic cancer, pdac, cancer, ductal, adenocarcinoma, tumor, gemcitabine, pancreatic ductal, resistance"
"Diet and Immune Effects Trial (DIET)- a randomized, double-blinded dietary intervention study in patients with melanoma receiving immunotherapy",2024,BMC CANCER,10.1186/s12885-024-13234-1,0,"microbiota, gut, cancer, microbiome, immune, immunotherapy, gut microbiota, tumor, patients, treatment"
Gut microbiota: a potential target for improved cancer therapy,2023,JOURNAL OF CANCER RESEARCH AND CLINICAL ONCOLOGY,10.1007/s00432-022-04546-5,0,"microbiota, gut, cancer, microbiome, immune, immunotherapy, gut microbiota, tumor, patients, treatment"
Immunotherapy resistance in MASLD-related hepatocellular carcinoma: special immune microenvironment and gut microbiota,2025,INTERNATIONAL JOURNAL OF BIOLOGICAL SCIENCES,10.7150/ijbs.117394,9,"hcc, liver, hepatocellular, carcinoma, hepatocellular carcinoma, tumor, immune, sorafenib, resistance, immunotherapy"
Gut microbiota as a hidden modulator of chemotherapy: implications for colorectal cancer treatment,2025,DISCOVER ONCOLOGY,10.1007/s12672-025-03574-0,1,"crc, colorectal, cancer, colorectal cancer, nucleatum, tumor, cells, microbiota, cell, resistance"
Targeting the Gut Microbiome to Improve Immunotherapy Outcomes: A Review,2024,INTEGRATIVE CANCER THERAPIES,10.1177/15347354241269870,0,"microbiota, gut, cancer, microbiome, immune, immunotherapy, gut microbiota, tumor, patients, treatment"
Microbiome dysbiosis in cancer: Exploring therapeutic strategies to counter the disease,2021,SEMINARS IN CANCER BIOLOGY,10.1016/j.semcancer.2020.07.006,0,"microbiota, gut, cancer, microbiome, immune, immunotherapy, gut microbiota, tumor, patients, treatment"
Fecal microbiota transplantation in non-communicable diseases: Recent advances and protocols,2022,FRONTIERS IN MEDICINE,10.3389/fmed.2022.1060581,5,"fmt, difficile, transplantation, fecal, cdi, microbiota transplantation, fecal microbiota, microbiota, treatment, infection"
"Analysis of serum S100A12, soluble advanced glycation end products receptor, and gut microbiome in elderly patients with colorectal cancer",2025,WORLD JOURNAL OF GASTROINTESTINAL ONCOLOGY,10.4251/wjgo.v17.i6.106393,1,"crc, colorectal, cancer, colorectal cancer, nucleatum, tumor, cells, microbiota, cell, resistance"
Drug-Microbiota Interaction in Colon Cancer Therapy: Impact of Antibiotics,2021,BIOMEDICINES,10.3390/biomedicines9030259,0,"microbiota, gut, cancer, microbiome, immune, immunotherapy, gut microbiota, tumor, patients, treatment"
Combination Therapy of TGF-β Blockade and Commensal-derived Probiotics Provides Enhanced Antitumor Immune Response and Tumor Suppression,2019,THERANOSTICS,10.7150/thno.35131,0,"microbiota, gut, cancer, microbiome, immune, immunotherapy, gut microbiota, tumor, patients, treatment"
Gut Microbiome in Colorectal Cancer: Clinical Diagnosis and Treatment,2023,GENOMICS PROTEOMICS & BIOINFORMATICS,10.1016/j.gpb.2022.07.002,1,"crc, colorectal, cancer, colorectal cancer, nucleatum, tumor, cells, microbiota, cell, resistance"
Role of the microbiome in systemic therapy for pancreatic ductal adenocarcinoma (Review),2021,INTERNATIONAL JOURNAL OF ONCOLOGY,10.3892/ijo.2021.5281,3,"pancreatic, pancreatic cancer, pdac, cancer, ductal, adenocarcinoma, tumor, gemcitabine, pancreatic ductal, resistance"
Role of gut microbiota-immunity axis in patients undergoing surgery for colorectal cancer: Focus on short and long-term outcomes,2020,WORLD JOURNAL OF GASTROENTEROLOGY,10.3748/wjg.v26.i20.2498,1,"crc, colorectal, cancer, colorectal cancer, nucleatum, tumor, cells, microbiota, cell, resistance"
Succinic semialdehyde derived from the gut microbiota can promote the proliferation of adult T-cell leukemia/lymphoma cells,2024,HELIYON,10.1016/j.heliyon.2024.e38507,-1,"cancer, cell, treatment, patients, microbiota, immune, gut, therapy, disease, resistance"
Fecal microbiota transplantation in the metabolic diseases: Current status and perspectives,2022,WORLD JOURNAL OF GASTROENTEROLOGY,10.3748/wjg.v28.i23.2546,5,"fmt, difficile, transplantation, fecal, cdi, microbiota transplantation, fecal microbiota, microbiota, treatment, infection"
The Role of the Microbiome in Cancer Therapies Current Evidence and Future Directions,2025,HEMATOLOGY-ONCOLOGY CLINICS OF NORTH AMERICA,10.1016/j.hoc.2024.12.005,0,"microbiota, gut, cancer, microbiome, immune, immunotherapy, gut microbiota, tumor, patients, treatment"
"Intra-tumoral microbial heterogeneity of breast cancer: roles in tumorigenesis, therapeutic responses, and future directions",2025,JOURNAL OF APPLIED MICROBIOLOGY,10.1093/jambio/lxaf230,0,"microbiota, gut, cancer, microbiome, immune, immunotherapy, gut microbiota, tumor, patients, treatment"
Influence of the Microbiome Metagenomics and Epigenomics on Gastric Cancer,2022,INTERNATIONAL JOURNAL OF MOLECULAR SCIENCES,10.3390/ijms232213750,1,"crc, colorectal, cancer, colorectal cancer, nucleatum, tumor, cells, microbiota, cell, resistance"
Biomarkers for immunotherapy resistance in non-small cell lung cancer,2024,FRONTIERS IN ONCOLOGY,10.3389/fonc.2024.1489977,2,"cancer, tumor, immune, cell, resistance, pd, immunotherapy, checkpoint, drug, immune checkpoint"
The gut microbiota: an emerging modulator of drug resistance in hepatocellular carcinoma,2025,GUT MICROBES,10.1080/19490976.2025.2473504,-1,"cancer, cell, treatment, patients, microbiota, immune, gut, therapy, disease, resistance"
Current Therapeutics in Primary Sclerosing Cholangitis,2023,JOURNAL OF CLINICAL AND TRANSLATIONAL HEPATOLOGY,10.14218/JCTH.2022.00068S,6,"liver, bile, acid, protein, transporter, drug, bile acid, metabolism, transporters, ba"
Serendipity in Refractory Celiac Disease: Full Recovery of Duodenal Villi and Clinical Symptoms after Fecal Microbiota Transfer,2016,JOURNAL OF GASTROINTESTINAL AND LIVER DISEASES,10.15403/jgld.2014.1121.253.cel,5,"fmt, difficile, transplantation, fecal, cdi, microbiota transplantation, fecal microbiota, microbiota, treatment, infection"
The Intake of Coffee Increases the Absorption of Aspirin in Mice by Modifying Gut Microbiome,2022,PHARMACEUTICS,10.3390/pharmaceutics14040746,0,"microbiota, gut, cancer, microbiome, immune, immunotherapy, gut microbiota, tumor, patients, treatment"
Strategic modulation of the gastrointestinal microbiome to enhance pancreatic cancer immunotherapy,2025,DRUG DISCOVERY TODAY,10.1016/j.drudis.2025.104528,3,"pancreatic, pancreatic cancer, pdac, cancer, ductal, adenocarcinoma, tumor, gemcitabine, pancreatic ductal, resistance"
A Perspective on the Role of Microbiome for Colorectal Cancer Treatment,2021,CANCERS,10.3390/cancers13184623,1,"crc, colorectal, cancer, colorectal cancer, nucleatum, tumor, cells, microbiota, cell, resistance"
"The Gut Microbiome and Its Multifaceted Role in Cancer Metabolism, Initiation, and Progression: Insights and Therapeutic Implications",2025,TECHNOLOGY IN CANCER RESEARCH & TREATMENT,10.1177/15330338251331960,0,"microbiota, gut, cancer, microbiome, immune, immunotherapy, gut microbiota, tumor, patients, treatment"
Microbial Landscapes of the Gut-Biliary Axis: Implications for Benign and Malignant Biliary Tract Diseases,2025,MICROORGANISMS,10.3390/microorganisms13091980,6,"liver, bile, acid, protein, transporter, drug, bile acid, metabolism, transporters, ba"
Targeting gut and intratumoral microbiota: a novel strategy to improve therapy resistance in cancer with a focus on urologic tumors,2024,EXPERT OPINION ON BIOLOGICAL THERAPY,10.1080/14712598.2024.2371543,0,"microbiota, gut, cancer, microbiome, immune, immunotherapy, gut microbiota, tumor, patients, treatment"
The Interplay between Gut Microbiota and the Immune System in Liver Transplant Recipients and Its Role in Infections,2021,INFECTION AND IMMUNITY,10.1128/IAI.00376-21,10,"transplantation, gvhd, graft, graft versus, versus, versus host, acute, cell transplantation, host disease, agvhd"
Intestinal Flora in Chemotherapy Resistance of Biliary Pancreatic Cancer,2023,BIOLOGY-BASEL,10.3390/biology12081151,3,"pancreatic, pancreatic cancer, pdac, cancer, ductal, adenocarcinoma, tumor, gemcitabine, pancreatic ductal, resistance"
Interaction between gut microbiota and tumour chemotherapy,2022,CLINICAL & TRANSLATIONAL ONCOLOGY,10.1007/s12094-022-02919-3,0,"microbiota, gut, cancer, microbiome, immune, immunotherapy, gut microbiota, tumor, patients, treatment"
Phocaeicola vulgatus induces immunotherapy resistance in hepatocellular carcinoma via reducing indoleacetic acid production,2025,CELL REPORTS MEDICINE,10.1016/j.xcrm.2025.102370,9,"hcc, liver, hepatocellular, carcinoma, hepatocellular carcinoma, tumor, immune, sorafenib, resistance, immunotherapy"
Fecal Microbiota Transplantation for Treatment of Severe Clostridioides difficile Colitis in a Pediatric Patient With Non-Hodgkin Lymphoma,2021,JOURNAL OF PEDIATRIC HEMATOLOGY ONCOLOGY,10.1097/MPH.0000000000002023,5,"fmt, difficile, transplantation, fecal, cdi, microbiota transplantation, fecal microbiota, microbiota, treatment, infection"
"Bacteroides fragilis promotes chemoresistance in colorectal cancer, and its elimination by phage VA7 restores chemosensitivity",2025,CELL HOST & MICROBE,10.1016/j.chom.2025.05.004,1,"crc, colorectal, cancer, colorectal cancer, nucleatum, tumor, cells, microbiota, cell, resistance"
Strategies for overcoming ABC transporter-mediated multidrug resistance in colorectal cancer,2025,AMERICAN JOURNAL OF PHYSIOLOGY-CELL PHYSIOLOGY,10.1152/ajpcell.00412.2025,1,"crc, colorectal, cancer, colorectal cancer, nucleatum, tumor, cells, microbiota, cell, resistance"
Gut microbiota changes and biological mechanism in hepatocellular carcinoma after transarterial chemoembolization treatment,2022,FRONTIERS IN ONCOLOGY,10.3389/fonc.2022.1002589,-1,"cancer, cell, treatment, patients, microbiota, immune, gut, therapy, disease, resistance"
The emerging role of the gut microbiome in cancer cell plasticity and therapeutic resistance,2024,CANCER AND METASTASIS REVIEWS,10.1007/s10555-023-10138-7,-1,"cancer, cell, treatment, patients, microbiota, immune, gut, therapy, disease, resistance"
Current evidence and clinical relevance of drug-microbiota interactions in inflammatory bowel disease,2023,FRONTIERS IN MICROBIOLOGY,10.3389/fmicb.2023.1107976,7,"ibd, disease, inflammatory, bowel, inflammatory bowel, bowel disease, colitis, crohn, crohn disease, intestinal"
Original research Faecal microbiota composition is related to response to CDK4/6-inhibitors in metastatic breast cancer: A prospective cross-sectional exploratory study,2023,EUROPEAN JOURNAL OF CANCER,10.1016/j.ejca.2023.112948,0,"microbiota, gut, cancer, microbiome, immune, immunotherapy, gut microbiota, tumor, patients, treatment"
Fusobacterium nucleatum and non-coding RNAs: orchestrating oncogenic pathways in colorectal cancer,2025,GUT PATHOGENS,10.1186/s13099-025-00757-6,1,"crc, colorectal, cancer, colorectal cancer, nucleatum, tumor, cells, microbiota, cell, resistance"
HIV-associated gut dysbiosis drives oncogenesis through metabolic-immune crosstalk: mechanisms and therapeutic implications,2025,FRONTIERS IN ONCOLOGY,10.3389/fonc.2025.1634388,0,"microbiota, gut, cancer, microbiome, immune, immunotherapy, gut microbiota, tumor, patients, treatment"
Colorectal cancer and therapy response: a focus on the main mechanisms involved,2023,FRONTIERS IN ONCOLOGY,10.3389/fonc.2023.1208140,1,"crc, colorectal, cancer, colorectal cancer, nucleatum, tumor, cells, microbiota, cell, resistance"
Application of machine learning in prediction of Chemotherapy resistant of Ovarian Cancer based on Gut Microbiota,2021,JOURNAL OF CANCER,10.7150/jca.46621,-1,"cancer, cell, treatment, patients, microbiota, immune, gut, therapy, disease, resistance"
"Inflammation, microbiota, and pancreatic cancer",2025,CANCER CELL INTERNATIONAL,10.1186/s12935-025-03673-6,3,"pancreatic, pancreatic cancer, pdac, cancer, ductal, adenocarcinoma, tumor, gemcitabine, pancreatic ductal, resistance"
"Altering the gut microbiome and tumor microenvironment in advanced liver cancer: A phase II study of nivolumab, tadalafil and oral vancomycin in patients with refractory primary hepatocellular carcinoma or liver dominant metastatic cancer from colorectal or pancreatic cancers",2025,CANCER LETTERS,10.1016/j.canlet.2025.217975,-1,"cancer, cell, treatment, patients, microbiota, immune, gut, therapy, disease, resistance"
"Pancreatic Cancer, Gut Microbiota, and Therapeutic Efficacy",2020,JOURNAL OF CANCER,10.7150/jca.37445,3,"pancreatic, pancreatic cancer, pdac, cancer, ductal, adenocarcinoma, tumor, gemcitabine, pancreatic ductal, resistance"
Gut Microbiota in Acute Myeloid Leukemia: From Biomarkers to Interventions,2025,METABOLITES,10.3390/metabo15090568,0,"microbiota, gut, cancer, microbiome, immune, immunotherapy, gut microbiota, tumor, patients, treatment"
Novel Anticancer Strategy by Targeting the Gut Microbial Neurotransmitter Signaling to Overcome Immunotherapy Resistance,2023,ANTIOXIDANTS & REDOX SIGNALING,10.1089/ars.2021.0243,0,"microbiota, gut, cancer, microbiome, immune, immunotherapy, gut microbiota, tumor, patients, treatment"
Dysbiosis-NK Cell Crosstalk in Pancreatic Cancer: Toward a Unified Biomarker Signature for Improved Clinical Outcomes,2025,INTERNATIONAL JOURNAL OF MOLECULAR SCIENCES,10.3390/ijms26020730,3,"pancreatic, pancreatic cancer, pdac, cancer, ductal, adenocarcinoma, tumor, gemcitabine, pancreatic ductal, resistance"
Microbiome and cancer treatment: Are we ready to apply in clinics?,2020,MICROBIOME IN HEALTH AND DISEASE,10.1016/bs.pmbts.2020.04.004,0,"microbiota, gut, cancer, microbiome, immune, immunotherapy, gut microbiota, tumor, patients, treatment"
Fusobacterium nucleatum-derived succinic acid induces tumor resistance to immunotherapy in colorectal cancer,2023,CELL HOST & MICROBE,10.1016/j.chom.2023.04.010,1,"crc, colorectal, cancer, colorectal cancer, nucleatum, tumor, cells, microbiota, cell, resistance"
"Microbiota transplantation: concept, methodology and strategy for its modernization",2018,PROTEIN & CELL,10.1007/s13238-018-0541-8,5,"fmt, difficile, transplantation, fecal, cdi, microbiota transplantation, fecal microbiota, microbiota, treatment, infection"
Metabolic Reprogramming of Colorectal Cancer Cells and the Microenvironment: Implication for Therapy,2021,INTERNATIONAL JOURNAL OF MOLECULAR SCIENCES,10.3390/ijms22126262,1,"crc, colorectal, cancer, colorectal cancer, nucleatum, tumor, cells, microbiota, cell, resistance"
YYFZBJS ameliorates colorectal cancer progression in ApcMin/+ mice by remodeling gut microbiota and inhibiting regulatory T-cell generation,2020,CELL COMMUNICATION AND SIGNALING,10.1186/s12964-020-00596-9,1,"crc, colorectal, cancer, colorectal cancer, nucleatum, tumor, cells, microbiota, cell, resistance"
"Molecular Mechanisms and Therapeutic Perspectives of Gut Microbiota, Autophagy, and Apoptosis in Cholangiocarcinoma Pathophysiology",2025,INTERNATIONAL JOURNAL OF MOLECULAR SCIENCES,10.3390/ijms26209949,6,"liver, bile, acid, protein, transporter, drug, bile acid, metabolism, transporters, ba"
Pharmacomicrobiomics in precision cancer therapy: bench to bedside,2024,FRONTIERS IN IMMUNOLOGY,10.3389/fimmu.2024.1428420,0,"microbiota, gut, cancer, microbiome, immune, immunotherapy, gut microbiota, tumor, patients, treatment"
The role of microbiota in esophageal squamous cell carcinoma: A review of the literature,2023,THORACIC CANCER,10.1111/1759-7714.15096,-1,"cancer, cell, treatment, patients, microbiota, immune, gut, therapy, disease, resistance"
Opportunities and Challenges of the Human Microbiome in Ovarian Cancer,2020,FRONTIERS IN ONCOLOGY,10.3389/fonc.2020.00163,-1,"cancer, cell, treatment, patients, microbiota, immune, gut, therapy, disease, resistance"
Combination strategies of gut microbiota in cancer therapy through metabolic reprogramming and immune remodeling,2025,CELL COMMUNICATION AND SIGNALING,10.1186/s12964-025-02275-z,0,"microbiota, gut, cancer, microbiome, immune, immunotherapy, gut microbiota, tumor, patients, treatment"
"The triangular relationship between traditional Chinese medicines, intestinal flora, and colorectal cancer",2024,MEDICINAL RESEARCH REVIEWS,10.1002/med.21989,1,"crc, colorectal, cancer, colorectal cancer, nucleatum, tumor, cells, microbiota, cell, resistance"
How Can the Microbiome Induce Carcinogenesis and Modulate Drug Resistance in Cancer Therapy?,2023,INTERNATIONAL JOURNAL OF MOLECULAR SCIENCES,10.3390/ijms241411855,-1,"cancer, cell, treatment, patients, microbiota, immune, gut, therapy, disease, resistance"
Gut microbial metabolite 4-hydroxybenzeneacetic acid drives colorectal cancer progression via accumulation of immunosuppressive PMN-MDSCs,2025,JOURNAL OF CLINICAL INVESTIGATION,10.1172/JCI181243,1,"crc, colorectal, cancer, colorectal cancer, nucleatum, tumor, cells, microbiota, cell, resistance"
Sea cucumber polysaccharides overcome immunotherapy resistance in tumor-bearing mice via modulation of the gut microbiome,2025,FOOD & FUNCTION,10.1039/d4fo05449k,1,"crc, colorectal, cancer, colorectal cancer, nucleatum, tumor, cells, microbiota, cell, resistance"
Immunotherapeutic properties of chemotherapy,2017,CURRENT OPINION IN PHARMACOLOGY,10.1016/j.coph.2017.05.003,2,"cancer, tumor, immune, cell, resistance, pd, immunotherapy, checkpoint, drug, immune checkpoint"
Gut Microbial Profile in Patients with Pancreatic Cancer,2022,JUNDISHAPUR JOURNAL OF MICROBIOLOGY,10.5812/jjm-122386,3,"pancreatic, pancreatic cancer, pdac, cancer, ductal, adenocarcinoma, tumor, gemcitabine, pancreatic ductal, resistance"
The impact of tumor and gut microbiotas on cancer therapy: Beneficial or detrimental?,2019,LIFE SCIENCES,10.1016/j.lfs.2019.116680,0,"microbiota, gut, cancer, microbiome, immune, immunotherapy, gut microbiota, tumor, patients, treatment"
The role of the gut microbiota and probiotics associated with microbial metabolisms in cancer prevention and therapy,2022,FRONTIERS IN PHARMACOLOGY,10.3389/fphar.2022.1025860,1,"crc, colorectal, cancer, colorectal cancer, nucleatum, tumor, cells, microbiota, cell, resistance"
The gut microbiota is altered significantly in primary diffuse large b-cell lymphoma patients and relapse refractory diffuse large b-cell lymphoma patients,2025,CLINICAL & TRANSLATIONAL ONCOLOGY,10.1007/s12094-024-03710-2,0,"microbiota, gut, cancer, microbiome, immune, immunotherapy, gut microbiota, tumor, patients, treatment"
An update on polyphenol disposition via coupled metabolic pathways,2019,EXPERT OPINION ON DRUG METABOLISM & TOXICOLOGY,10.1080/17425255.2019.1559815,-1,"cancer, cell, treatment, patients, microbiota, immune, gut, therapy, disease, resistance"
Abundance and Metabolism Disruptions of Intratumoral Microbiota by Chemical and Physical Actions Unfreeze Tumor Treatment Resistance,2022,ADVANCED SCIENCE,10.1002/advs.202105523,0,"microbiota, gut, cancer, microbiome, immune, immunotherapy, gut microbiota, tumor, patients, treatment"
Mice with dysfunctional TGF-β signaling develop altered intestinal microbiome and colorectal cancer resistant to 5FU,2021,BIOCHIMICA ET BIOPHYSICA ACTA-MOLECULAR BASIS OF DISEASE,10.1016/j.bbadis.2021.166179,1,"crc, colorectal, cancer, colorectal cancer, nucleatum, tumor, cells, microbiota, cell, resistance"
Probiotic-Derived Bioactive Compounds in Colorectal Cancer Treatment,2023,MICROORGANISMS,10.3390/microorganisms11081898,1,"crc, colorectal, cancer, colorectal cancer, nucleatum, tumor, cells, microbiota, cell, resistance"
Molecular Mechanisms and Countermeasures of Immunotherapy Resistance in Malignant Tumor,2019,JOURNAL OF CANCER,10.7150/jca.26481,2,"cancer, tumor, immune, cell, resistance, pd, immunotherapy, checkpoint, drug, immune checkpoint"
Reversal of Platinum-based Chemotherapy Resistance in Ovarian Cancer by Naringin Through Modulation of The Gut Microbiota in a Humanized Nude Mouse Model,2024,JOURNAL OF CANCER,10.7150/jca.96448,-1,"cancer, cell, treatment, patients, microbiota, immune, gut, therapy, disease, resistance"
"Gut Microbiota, Metabolome, and Body Composition Signatures of Response to Therapy in Patients with Advanced Melanoma",2023,INTERNATIONAL JOURNAL OF MOLECULAR SCIENCES,10.3390/ijms241411611,0,"microbiota, gut, cancer, microbiome, immune, immunotherapy, gut microbiota, tumor, patients, treatment"
The Interplay Between the Gut Microbiota and Colorectal Cancer: A Review of the Literature,2025,MICROORGANISMS,10.3390/microorganisms13061410,1,"crc, colorectal, cancer, colorectal cancer, nucleatum, tumor, cells, microbiota, cell, resistance"
A Review of Gut Microbiota-Derived Metabolites in Tumor Progression and Cancer Therapy,2023,ADVANCED SCIENCE,10.1002/advs.202207366,0,"microbiota, gut, cancer, microbiome, immune, immunotherapy, gut microbiota, tumor, patients, treatment"
Pancreatic Cancer Resistance to Treatment: The Role of Microbiota,2023,BIOMEDICINES,10.3390/biomedicines11010157,3,"pancreatic, pancreatic cancer, pdac, cancer, ductal, adenocarcinoma, tumor, gemcitabine, pancreatic ductal, resistance"
Multi-omics of the gut microbial ecosystem in patients with microsatellite-instability-high gastrointestinal cancer resistant to immunotherapy,2024,CELL REPORTS MEDICINE,10.1016/j.xcrm.2023.101355,0,"microbiota, gut, cancer, microbiome, immune, immunotherapy, gut microbiota, tumor, patients, treatment"
Interdisciplinary insights into the link between gut microbiome and gastric carcinogenesis-what is currently known?,2022,GASTRIC CANCER,10.1007/s10120-021-01260-y,1,"crc, colorectal, cancer, colorectal cancer, nucleatum, tumor, cells, microbiota, cell, resistance"
Tigecycline-induced coagulation gene prognostic prediction model and intestinal flora signature in AML,2024,FRONTIERS IN IMMUNOLOGY,10.3389/fimmu.2024.1486592,-1,"cancer, cell, treatment, patients, microbiota, immune, gut, therapy, disease, resistance"
Role of Gut Microbiota in Breast Cancer and Drug Resistance,2023,PATHOGENS,10.3390/pathogens12030468,0,"microbiota, gut, cancer, microbiome, immune, immunotherapy, gut microbiota, tumor, patients, treatment"
Gut Microbiota in the Regulation of Intestinal Drug Transporters: Molecular Mechanisms and Pharmacokinetic Implications,2025,INTERNATIONAL JOURNAL OF MOLECULAR SCIENCES,10.3390/ijms262411897,0,"microbiota, gut, cancer, microbiome, immune, immunotherapy, gut microbiota, tumor, patients, treatment"
Gut microbiome alterations and their clinical and biological implications in ovarian cancer: a systematic review,2025,FRONTIERS IN ONCOLOGY,10.3389/fonc.2025.1690541,-1,"cancer, cell, treatment, patients, microbiota, immune, gut, therapy, disease, resistance"
Understanding the Role of the Microbiome in Cancer Diagnostics and Therapeutics by Creating and Utilizing ML Models,2022,APPLIED SCIENCES-BASEL,10.3390/app12094094,1,"crc, colorectal, cancer, colorectal cancer, nucleatum, tumor, cells, microbiota, cell, resistance"
Analysis of the Gut Microbiota: An Emerging Source of Biomarkers for Immune Checkpoint Blockade Therapy in Non-Small Cell Lung Cancer,2021,CANCERS,10.3390/cancers13112514,0,"microbiota, gut, cancer, microbiome, immune, immunotherapy, gut microbiota, tumor, patients, treatment"
Potential role of microbiota in ovarian cancer treatment,2025,ARCHIVES OF MEDICAL SCIENCE,10.5114/aoms/209544,-1,"cancer, cell, treatment, patients, microbiota, immune, gut, therapy, disease, resistance"
Complementary Therapeutic Effect of Fecal Microbiota Transplantation in Ulcerative Colitis after the Response to Anti-Tumor Necrosis Factor Alpha Agent Was Lost: A Case Report,2024,BIOMEDICINES,10.3390/biomedicines12040800,-1,"cancer, cell, treatment, patients, microbiota, immune, gut, therapy, disease, resistance"
Gut microbiota mediated the individualized efficacy of Temozolomide via immunomodulation in glioma,2023,JOURNAL OF TRANSLATIONAL MEDICINE,10.1186/s12967-023-04042-5,0,"microbiota, gut, cancer, microbiome, immune, immunotherapy, gut microbiota, tumor, patients, treatment"
Microbiome Assisted Tumor Microenvironment: Emerging Target of Breast Cancer,2022,CLINICAL BREAST CANCER,10.1016/j.clbc.2021.09.002,0,"microbiota, gut, cancer, microbiome, immune, immunotherapy, gut microbiota, tumor, patients, treatment"
"Role of the oral-gut microbiota axis in pancreatic cancer: a new perspective on tumor pathophysiology, diagnosis, and treatment",2025,MOLECULAR MEDICINE,10.1186/s10020-025-01166-w,3,"pancreatic, pancreatic cancer, pdac, cancer, ductal, adenocarcinoma, tumor, gemcitabine, pancreatic ductal, resistance"
Metabolites derived from gut microbiota mitigate chemoresistance in pancreatic cancer,2024,EXPERT REVIEW OF GASTROENTEROLOGY & HEPATOLOGY,10.1080/17474124.2024.2412045,3,"pancreatic, pancreatic cancer, pdac, cancer, ductal, adenocarcinoma, tumor, gemcitabine, pancreatic ductal, resistance"
The Influence of the Microbiome on Immunotherapy for Gastroesophageal Cancer,2023,CANCERS,10.3390/cancers15184426,0,"microbiota, gut, cancer, microbiome, immune, immunotherapy, gut microbiota, tumor, patients, treatment"
A comparative analysis of gut microbiota disturbances in the Gottingen minipig and rhesus macaque models of acute radiation syndrome following bioequivalent radiation exposures,2018,RADIATION AND ENVIRONMENTAL BIOPHYSICS,10.1007/s00411-018-0759-0,0,"microbiota, gut, cancer, microbiome, immune, immunotherapy, gut microbiota, tumor, patients, treatment"
Synergistic ROS/enzyme dual-responsive oral drug delivery system: A novel multi-mechanistic platform for spatiotemporal control and overcoming drug resistance in colorectal cancer therapy,2025,MATERIALS TODAY BIO,10.1016/j.mtbio.2025.101920,1,"crc, colorectal, cancer, colorectal cancer, nucleatum, tumor, cells, microbiota, cell, resistance"
Unraveling the Role of the Microbiota in Cancer Immunotherapy: A New Frontier,2025,RESEARCH,10.34133/research.0744,0,"microbiota, gut, cancer, microbiome, immune, immunotherapy, gut microbiota, tumor, patients, treatment"
Chemoprevention of Colorectal Cancer by Anthocyanidins and Mitigation of Metabolic Shifts Induced by Dysbiosis of the Gut Microbiome,2020,CANCER PREVENTION RESEARCH,10.1158/1940-6207.CAPR-19-0362,1,"crc, colorectal, cancer, colorectal cancer, nucleatum, tumor, cells, microbiota, cell, resistance"
Composition of gastrointestinal microbiota in association with treatment response in individuals with metastatic castrate resistant prostate cancer progressing on enzalutamide and initiating treatment with anti-PD-1 (pembrolizumab),2022,NEOPLASIA,10.1016/j.neo.2022.100822,0,"microbiota, gut, cancer, microbiome, immune, immunotherapy, gut microbiota, tumor, patients, treatment"
Gut-Spleen Axis: Microbiota via Vascular and Immune Pathways Improve Busulfan-Induced Spleen Disruption,2023,MSPHERE,10.1128/msphere.00581-22,5,"fmt, difficile, transplantation, fecal, cdi, microbiota transplantation, fecal microbiota, microbiota, treatment, infection"
Fecal Microbiota Transplant for Hematologic and Oncologic Diseases: Principle and Practice,2022,CANCERS,10.3390/cancers14030691,5,"fmt, difficile, transplantation, fecal, cdi, microbiota transplantation, fecal microbiota, microbiota, treatment, infection"
Baicalin circumvents anti-PD-1 resistance by regulating the gut microbiota metabolite short-chain fatty acids,2024,PHARMACOLOGICAL RESEARCH,10.1016/j.phrs.2023.107033,-1,"cancer, cell, treatment, patients, microbiota, immune, gut, therapy, disease, resistance"
Fecal Microbiota Transplantation Alleviated Paclitaxel-Induced Peripheral Neuropathy by Interfering with Astrocytes and TLR4/p38MAPK Pathway in Rats,2023,JOURNAL OF PAIN RESEARCH,10.2147/JPR.S415642,5,"fmt, difficile, transplantation, fecal, cdi, microbiota transplantation, fecal microbiota, microbiota, treatment, infection"
"Protocol: Faecal microbiota transfer in liver cancer to overcome resistance to atezolizumab/bevacizumab - a multicentre, randomised, placebo-controlled, double-blind phase II trial (the FLORA trial)",2025,BMJ OPEN,10.1136/bmjopen-2024-097802,9,"hcc, liver, hepatocellular, carcinoma, hepatocellular carcinoma, tumor, immune, sorafenib, resistance, immunotherapy"
Obesity enriches for tumor protective microbial metabolites and treatment refractory cells to confer therapy resistance in PDAC,2022,GUT MICROBES,10.1080/19490976.2022.2096328,3,"pancreatic, pancreatic cancer, pdac, cancer, ductal, adenocarcinoma, tumor, gemcitabine, pancreatic ductal, resistance"
"Microbial metabolites affect tumor progression, immunity and therapy prediction by reshaping the tumor microenvironment (Review)",2024,INTERNATIONAL JOURNAL OF ONCOLOGY,10.3892/ijo.2024.5661,0,"microbiota, gut, cancer, microbiome, immune, immunotherapy, gut microbiota, tumor, patients, treatment"
The human microbiome: redefining cancer pathogenesis and therapy,2025,CANCER CELL INTERNATIONAL,10.1186/s12935-025-03787-x,0,"microbiota, gut, cancer, microbiome, immune, immunotherapy, gut microbiota, tumor, patients, treatment"
Beyond the Barrier: Unraveling the Mechanisms of Immunotherapy Resistance,2024,ANNUAL REVIEW OF IMMUNOLOGY,10.1146/annurev-immunol-101819-024752,2,"cancer, tumor, immune, cell, resistance, pd, immunotherapy, checkpoint, drug, immune checkpoint"
Tumour neoantigen mimicry by microbial species in cancer immunotherapy,2021,BRITISH JOURNAL OF CANCER,10.1038/s41416-021-01365-2,0,"microbiota, gut, cancer, microbiome, immune, immunotherapy, gut microbiota, tumor, patients, treatment"
Albuca Bracteate Polysaccharides Synergistically Enhance the Anti-Tumor Efficacy of 5-Fluorouracil Against Colorectal Cancer by Modulating β-Catenin Signaling and Intestinal Flora,2021,FRONTIERS IN PHARMACOLOGY,10.3389/fphar.2021.736627,1,"crc, colorectal, cancer, colorectal cancer, nucleatum, tumor, cells, microbiota, cell, resistance"
Review of METTL3 in colorectal cancer: From mechanisms to the therapeutic potential,2024,INTERNATIONAL JOURNAL OF BIOLOGICAL MACROMOLECULES,10.1016/j.ijbiomac.2024.134212,1,"crc, colorectal, cancer, colorectal cancer, nucleatum, tumor, cells, microbiota, cell, resistance"
Comparison of Microbiota in Patients Treated by Surgery or Chemotherapy by 16S rRNA Sequencing Reveals Potential Biomarkers for Colorectal Cancer Therapy,2018,FRONTIERS IN MICROBIOLOGY,10.3389/fmicb.2018.01607,1,"crc, colorectal, cancer, colorectal cancer, nucleatum, tumor, cells, microbiota, cell, resistance"
Targeting metabolic reprogramming to overcome immune tolerance in melanoma immunotherapy,2025,FRONTIERS IN IMMUNOLOGY,10.3389/fimmu.2025.1597770,-1,"cancer, cell, treatment, patients, microbiota, immune, gut, therapy, disease, resistance"
Prebiotic-Induced Anti-tumor Immunity Attenuates Tumor Growth,2020,CELL REPORTS,10.1016/j.celrep.2020.01.035,0,"microbiota, gut, cancer, microbiome, immune, immunotherapy, gut microbiota, tumor, patients, treatment"
Gut microbiota and its influence on the Gut-Brain axis in comparison with chemotherapy patients and cancer-free control data in Breast cancer-A computational perspective,2025,PLOS ONE,10.1371/journal.pone.0324742,0,"microbiota, gut, cancer, microbiome, immune, immunotherapy, gut microbiota, tumor, patients, treatment"
"Gut Microbiome and Bile Acid Interactions Mechanistic Implications for Cholangiocarcinoma Development, Immune Resistance, and Therapy",2025,AMERICAN JOURNAL OF PATHOLOGY,10.1016/j.ajpath.2024.11.004,6,"liver, bile, acid, protein, transporter, drug, bile acid, metabolism, transporters, ba"
Early gut microbiota signature of aGvHD in children given allogeneic hematopoietic cell transplantation for hematological disorders,2019,BMC MEDICAL GENOMICS,10.1186/s12920-019-0494-7,10,"transplantation, gvhd, graft, graft versus, versus, versus host, acute, cell transplantation, host disease, agvhd"
Exploring the microbiome-gut-testis axis in testicular germ cell tumors,2025,FRONTIERS IN CELLULAR AND INFECTION MICROBIOLOGY,10.3389/fcimb.2024.1529871,0,"microbiota, gut, cancer, microbiome, immune, immunotherapy, gut microbiota, tumor, patients, treatment"
Overcoming Microbiome-Acquired Gemcitabine Resistance in Pancreatic Ductal Adenocarcinoma,2024,BIOMEDICINES,10.3390/biomedicines12010227,3,"pancreatic, pancreatic cancer, pdac, cancer, ductal, adenocarcinoma, tumor, gemcitabine, pancreatic ductal, resistance"
Strategies to Overcome PD-1/PD-L1 Blockade Resistance: Focusing on Combination with Immune Checkpoint Blockades,2025,JOURNAL OF CANCER,10.7150/jca.108163,2,"cancer, tumor, immune, cell, resistance, pd, immunotherapy, checkpoint, drug, immune checkpoint"
"Polyoxypregnanes as safe, potent, and specific ABCB1-inhibitory pro-drugs to overcome multidrug resistance in cancer chemotherapy in vitro and in vivo",2021,ACTA PHARMACEUTICA SINICA B,10.1016/j.apsb.2020.12.021,1,"crc, colorectal, cancer, colorectal cancer, nucleatum, tumor, cells, microbiota, cell, resistance"
Exploring the role of Fusobacterium nucleatum in colorectal cancer: implications for tumor proliferation and chemoresistance,2024,CELL COMMUNICATION AND SIGNALING,10.1186/s12964-024-01909-y,1,"crc, colorectal, cancer, colorectal cancer, nucleatum, tumor, cells, microbiota, cell, resistance"
Antibiotic-Augmented Chemodynamic Therapy for Treatment of Helicobacter pylori Infection in the Dynamic Stomach Environment,2024,NANO LETTERS,10.1021/acs.nanolett.4c03692,-1,"cancer, cell, treatment, patients, microbiota, immune, gut, therapy, disease, resistance"
Gut Microbiome Influences the Efficacy of PD-1 Antibody Immunotherapy on MSS-Type Colorectal Cancer via Metabolic Pathway,2020,FRONTIERS IN MICROBIOLOGY,10.3389/fmicb.2020.00814,1,"crc, colorectal, cancer, colorectal cancer, nucleatum, tumor, cells, microbiota, cell, resistance"
"Desmethylbellidifolin Attenuates Dextran Sulfate Sodium-Induced Colitis: Impact on Intestinal Barrier, Intestinal Inflammation and Gut Microbiota",2022,PLANTA MEDICA,10.1055/a-1506-3476,8,"colitis, ulcerative, ulcerative colitis, uc, disease, treatment, inflammatory, patients, pouch, therapy"
"Phage therapy and the microbiome in hematologic malignancies: opportunities, mechanisms, and early evidence",2025,JOURNAL OF CANCER RESEARCH AND CLINICAL ONCOLOGY,10.1007/s00432-025-06393-6,-1,"cancer, cell, treatment, patients, microbiota, immune, gut, therapy, disease, resistance"
CAR-T cell therapy-related cytokine release syndrome and therapeutic response is modulated by the gut microbiome in hematologic malignancies,2022,NATURE COMMUNICATIONS,10.1038/s41467-022-32960-3,-1,"cancer, cell, treatment, patients, microbiota, immune, gut, therapy, disease, resistance"
Targeting the brain-gut-prostate axis in chronic prostatitis: mechanisms and therapeutics,2025,FRONTIERS IN ENDOCRINOLOGY,10.3389/fendo.2025.1628094,-1,"cancer, cell, treatment, patients, microbiota, immune, gut, therapy, disease, resistance"
Gut Microbiota Profiling in Patients With HER2-Negative Metastatic Breast Cancer Receiving Metronomic Chemotherapy of Capecitabine Compared to Those Under Conventional Dosage,2020,FRONTIERS IN ONCOLOGY,10.3389/fonc.2020.00902,0,"microbiota, gut, cancer, microbiome, immune, immunotherapy, gut microbiota, tumor, patients, treatment"
"Oleocanthal as a Multifunctional Anti-Cancer Agent: Mechanistic Insights, Advanced Delivery Strategies, and Synergies for Precision Oncology",2025,INTERNATIONAL JOURNAL OF MOLECULAR SCIENCES,10.3390/ijms26125521,-1,"cancer, cell, treatment, patients, microbiota, immune, gut, therapy, disease, resistance"
Gut microbiota in colorectal cancer development and therapy,2023,NATURE REVIEWS CLINICAL ONCOLOGY,10.1038/s41571-023-00766-x,1,"crc, colorectal, cancer, colorectal cancer, nucleatum, tumor, cells, microbiota, cell, resistance"
Nano-enabled colorectal cancer therapy,2023,JOURNAL OF CONTROLLED RELEASE,10.1016/j.jconrel.2023.09.014,1,"crc, colorectal, cancer, colorectal cancer, nucleatum, tumor, cells, microbiota, cell, resistance"
The dysbiosis signature of Fusobacterium nucleatum in colorectal cancer-cause or consequences? A systematic review,2021,CANCER CELL INTERNATIONAL,10.1186/s12935-021-01886-z,1,"crc, colorectal, cancer, colorectal cancer, nucleatum, tumor, cells, microbiota, cell, resistance"
"Ginseng polysaccharides alter the gut microbiota and kynurenine/tryptophan ratio, potentiating the antitumour effect of antiprogrammed cell death 1/programmed cell death ligand 1 (anti-PD-1/PD-L1) immunotherapy",2022,GUT,10.1136/gutjnl-2020-321031,-1,"cancer, cell, treatment, patients, microbiota, immune, gut, therapy, disease, resistance"
Changes in Microbial Community Composition Related to Sex and Colon Cancer by Nrf2 Knockout,2021,FRONTIERS IN CELLULAR AND INFECTION MICROBIOLOGY,10.3389/fcimb.2021.636808,1,"crc, colorectal, cancer, colorectal cancer, nucleatum, tumor, cells, microbiota, cell, resistance"
Bifidobacterium boosts anti-PD-1 effectiveness through JAK pathway in hepatocellular carcinoma,2025,NPJ PRECISION ONCOLOGY,10.1038/s41698-025-00960-3,9,"hcc, liver, hepatocellular, carcinoma, hepatocellular carcinoma, tumor, immune, sorafenib, resistance, immunotherapy"
The Role of the Crosstalk Between Gut Microbiota and Immune Cells in the Pathogenesis and Treatment of Multiple Myeloma,2022,FRONTIERS IN IMMUNOLOGY,10.3389/fimmu.2022.853540,0,"microbiota, gut, cancer, microbiome, immune, immunotherapy, gut microbiota, tumor, patients, treatment"
Microbiota in cancer care: Clinical prospects,2025,PATHOLOGY RESEARCH AND PRACTICE,10.1016/j.prp.2025.156235,-1,"cancer, cell, treatment, patients, microbiota, immune, gut, therapy, disease, resistance"
Shenling Baizhu Powder potentiates immunotherapy response: putative roles of gut microbial remodeling and fatty acid metabolism modulation,2025,PHYTOMEDICINE,10.1016/j.phymed.2025.157559,0,"microbiota, gut, cancer, microbiome, immune, immunotherapy, gut microbiota, tumor, patients, treatment"
Fusobacterium nucleatum-positive colorectal cancer,2019,ONCOLOGY LETTERS,10.3892/ol.2019.10433,1,"crc, colorectal, cancer, colorectal cancer, nucleatum, tumor, cells, microbiota, cell, resistance"
Protective effect of plantaricin bio-LP1 bacteriocin on multidrug-resistance Escherichia Coli infection by alleviate the inflammation and modulate of gut-microbiota in BALB/c mice model,2023,INTERNATIONAL JOURNAL OF BIOLOGICAL MACROMOLECULES,10.1016/j.ijbiomac.2023.125700,4,"infection, infections, drug, resistant, aeruginosa, bacterial, phage, tb, mdr, animal"
Ursolic acid restores sensitivity to gemcitabine through the RAGE/NF-κB/MDR1 axis in pancreatic cancer cells and in a mouse xenograft model,2021,JOURNAL OF FOOD AND DRUG ANALYSIS,10.38212/2224-6614.3346,3,"pancreatic, pancreatic cancer, pdac, cancer, ductal, adenocarcinoma, tumor, gemcitabine, pancreatic ductal, resistance"
Targeting Enterobacter cloacae attenuates osteolysis by reducing ammonium in multiple myeloma,2025,BLOOD,10.1182/blood.2024025694,-1,"cancer, cell, treatment, patients, microbiota, immune, gut, therapy, disease, resistance"
"Mechanistic Foundations of KRAS-Driven Tumor Ecosystems: Integrating Crosstalk among Immune, Metabolic, Microbial, and Stromal Microenvironment",2025,ADVANCED SCIENCE,10.1002/advs.202502714,-1,"cancer, cell, treatment, patients, microbiota, immune, gut, therapy, disease, resistance"
The Gut Microbiota Affects Anti-TNF Responsiveness by Activating the NAD+ Salvage Pathway in Ulcerative Colitis,2025,ADVANCED SCIENCE,10.1002/advs.202413128,8,"colitis, ulcerative, ulcerative colitis, uc, disease, treatment, inflammatory, patients, pouch, therapy"
"In Vitro and In Vivo Activities of Zinc Linolenate, a Selective Antibacterial Agent against Helicobacter pylori",2019,ANTIMICROBIAL AGENTS AND CHEMOTHERAPY,10.1128/AAC.00004-19,-1,"cancer, cell, treatment, patients, microbiota, immune, gut, therapy, disease, resistance"
Gut microbial dysbiosis and its association with esophageal cancer,2021,JOURNAL OF APPLIED BIOMEDICINE,10.32725/jab.2021.005,1,"crc, colorectal, cancer, colorectal cancer, nucleatum, tumor, cells, microbiota, cell, resistance"
Disruption of the Gut Microbiota Confers Cisplatin Resistance in Epithelial Ovarian Cancer,2022,CANCER RESEARCH,10.1158/0008-5472.CAN-22-0455,-1,"cancer, cell, treatment, patients, microbiota, immune, gut, therapy, disease, resistance"
Exploring the microbiota to better understand gastrointestinal cancers physiology,2018,CLINICAL CHEMISTRY AND LABORATORY MEDICINE,10.1515/cclm-2017-1163,1,"crc, colorectal, cancer, colorectal cancer, nucleatum, tumor, cells, microbiota, cell, resistance"
Lactobacillus plantarum-derived metabolites sensitize the tumor-suppressive effects of butyrate by regulating the functional expression of SMCT1 in 5-FU-resistant colorectal cancer cells,2022,JOURNAL OF MICROBIOLOGY,10.1007/s12275-022-1533-1,1,"crc, colorectal, cancer, colorectal cancer, nucleatum, tumor, cells, microbiota, cell, resistance"
Obstructive Sleep Apnea and Hypertension: Updates to a Critical Relationship,2022,CURRENT HYPERTENSION REPORTS,10.1007/s11906-022-01181-w,-1,"cancer, cell, treatment, patients, microbiota, immune, gut, therapy, disease, resistance"
Nanodrug-based therapeutic interventions for tumor-associated microbiota modulation,2025,JOURNAL OF CONTROLLED RELEASE,10.1016/j.jconrel.2025.114196,0,"microbiota, gut, cancer, microbiome, immune, immunotherapy, gut microbiota, tumor, patients, treatment"
The Interplay between Microbiota and Chemotherapy-Derived Metabolites in Breast Cancer,2023,METABOLITES,10.3390/metabo13060703,0,"microbiota, gut, cancer, microbiome, immune, immunotherapy, gut microbiota, tumor, patients, treatment"
C. tropicalis promotes chemotherapy resistance in colon cancer through increasing lactate production to regulate the mismatch repair system,2021,INTERNATIONAL JOURNAL OF BIOLOGICAL SCIENCES,10.7150/ijbs.59262,1,"crc, colorectal, cancer, colorectal cancer, nucleatum, tumor, cells, microbiota, cell, resistance"
Shaping the Future of Immunotherapy Targets and Biomarkers in Melanoma and Non-Melanoma Cutaneous Cancers,2023,INTERNATIONAL JOURNAL OF MOLECULAR SCIENCES,10.3390/ijms24021294,-1,"cancer, cell, treatment, patients, microbiota, immune, gut, therapy, disease, resistance"
Microbiome-targeted nanoplatforms and engineering approaches in breast cancer therapy,2025,MOLECULAR CANCER,10.1186/s12943-025-02456-x,0,"microbiota, gut, cancer, microbiome, immune, immunotherapy, gut microbiota, tumor, patients, treatment"
The Role of Bacteria in Central Nervous System Tumors: Opportunities and Challenges,2024,MICROORGANISMS,10.3390/microorganisms12061053,0,"microbiota, gut, cancer, microbiome, immune, immunotherapy, gut microbiota, tumor, patients, treatment"
Dual role of lactate in human health and disease,2025,FRONTIERS IN PHYSIOLOGY,10.3389/fphys.2025.1621358,-1,"cancer, cell, treatment, patients, microbiota, immune, gut, therapy, disease, resistance"
Fecal Microbiota Signatures Are Associated with Response to Ustekinumab Therapy among Crohn's Disease Patients,2018,MBIO,10.1128/mBio.02120-17,-1,"cancer, cell, treatment, patients, microbiota, immune, gut, therapy, disease, resistance"
Decoding the crossroads of aging and cancer through single-cell analysis: Implications for precision oncology,2025,INTERNATIONAL JOURNAL OF CANCER,10.1002/ijc.35456,2,"cancer, tumor, immune, cell, resistance, pd, immunotherapy, checkpoint, drug, immune checkpoint"
Barrier integrity and chronic inflammation mediated by HIF-1 impact on intestinal tumorigenesis,2020,CANCER LETTERS,10.1016/j.canlet.2020.07.002,1,"crc, colorectal, cancer, colorectal cancer, nucleatum, tumor, cells, microbiota, cell, resistance"
Research progress in the construction and application of immunotherapy resistance models,2025,CANCER IMMUNOLOGY IMMUNOTHERAPY,10.1007/s00262-025-04221-x,2,"cancer, tumor, immune, cell, resistance, pd, immunotherapy, checkpoint, drug, immune checkpoint"
The microbiome and precision oncology: an emerging paradigm in anticancer therapy,2022,CRITICAL REVIEWS IN MICROBIOLOGY,10.1080/1040841X.2022.2035313,0,"microbiota, gut, cancer, microbiome, immune, immunotherapy, gut microbiota, tumor, patients, treatment"
"Gut Microbiome Components Predict Response to Neoadjuvant Chemoradiotherapy in Patients with Locally Advanced Rectal Cancer: A Prospective, Longitudinal Study",2021,CLINICAL CANCER RESEARCH,10.1158/1078-0432.CCR-20-3445,0,"microbiota, gut, cancer, microbiome, immune, immunotherapy, gut microbiota, tumor, patients, treatment"
Oral probiotics microgel plus Galunisertib reduced TGF-β blockade resistance and enhanced anti-tumor immune responses in colorectal cancer,2024,INTERNATIONAL JOURNAL OF PHARMACEUTICS,10.1016/j.ijpharm.2024.123810,0,"microbiota, gut, cancer, microbiome, immune, immunotherapy, gut microbiota, tumor, patients, treatment"
Roles of microbiota in pancreatic cancer development and treatment,2024,GUT MICROBES,10.1080/19490976.2024.2320280,3,"pancreatic, pancreatic cancer, pdac, cancer, ductal, adenocarcinoma, tumor, gemcitabine, pancreatic ductal, resistance"
Research Progress in Ulcerative Colitis: The Role of Traditional Chinese Medicine on Gut Microbiota and Signaling Pathways,2024,AMERICAN JOURNAL OF CHINESE MEDICINE,10.1142/S0192415X24500885,8,"colitis, ulcerative, ulcerative colitis, uc, disease, treatment, inflammatory, patients, pouch, therapy"
Potential of natural products and gut microbiome in tumor immunotherapy,2024,CHINESE MEDICINE,10.1186/s13020-024-01032-7,0,"microbiota, gut, cancer, microbiome, immune, immunotherapy, gut microbiota, tumor, patients, treatment"
"Non-coding RNAs in bladder cancer, a bridge between gut microbiota and host?",2024,FRONTIERS IN IMMUNOLOGY,10.3389/fimmu.2024.1482765,-1,"cancer, cell, treatment, patients, microbiota, immune, gut, therapy, disease, resistance"
"RETRACTED: The Impact of Fusobacterium nucleatum and the Genotypic Biomarker KRAS on Colorectal Cancer Pathogenesis (Retracted article. See vol. 27, 2026)",2025,INTERNATIONAL JOURNAL OF MOLECULAR SCIENCES,10.3390/ijms26146958,1,"crc, colorectal, cancer, colorectal cancer, nucleatum, tumor, cells, microbiota, cell, resistance"
Challenges in precision medicine in pancreatic cancer: A focus in cancer stem cells and microbiota,2022,FRONTIERS IN ONCOLOGY,10.3389/fonc.2022.995357,3,"pancreatic, pancreatic cancer, pdac, cancer, ductal, adenocarcinoma, tumor, gemcitabine, pancreatic ductal, resistance"
Deciphering the Post-Operative Dynamics of Opportunistic Gut Microbiota in Colorectal Cancer Patients,2025,MICROORGANISMS,10.3390/microorganisms13122818,1,"crc, colorectal, cancer, colorectal cancer, nucleatum, tumor, cells, microbiota, cell, resistance"
Fecal microbiota transplantation before or after allogeneic hematopoietic transplantation in patients with hematologic malignancies carrying multidrug-resistance bacteria,2019,HAEMATOLOGICA,10.3324/haematol.2018.198549,-1,"cancer, cell, treatment, patients, microbiota, immune, gut, therapy, disease, resistance"
Bloodstream infection by Lactobacillus rhamnosus in a haematology patient: why metagenomics can make the difference,2025,GUT PATHOGENS,10.1186/s13099-025-00722-3,-1,"cancer, cell, treatment, patients, microbiota, immune, gut, therapy, disease, resistance"
Spatial microbiome-metabolic crosstalk drives CD8+ T-cell exhaustion through the butyrate-HDAC axis in colorectal cancer,2025,FRONTIERS IN MICROBIOLOGY,10.3389/fmicb.2025.1704491,1,"crc, colorectal, cancer, colorectal cancer, nucleatum, tumor, cells, microbiota, cell, resistance"
"Investigating postbiotics as innovative adjuvants: deciphering the gut-breast connection in breast Cancer therapy, from gut microbiome to personalized medicine",2025,MOLECULAR BIOLOGY REPORTS,10.1007/s11033-025-10626-9,0,"microbiota, gut, cancer, microbiome, immune, immunotherapy, gut microbiota, tumor, patients, treatment"
The roles of the gut microbiota-miRNA interaction in the host pathophysiology,2020,MOLECULAR MEDICINE,10.1186/s10020-020-00234-7,0,"microbiota, gut, cancer, microbiome, immune, immunotherapy, gut microbiota, tumor, patients, treatment"
Natural quinazolinones: From a treasure house to promising anticancer leads,2023,EUROPEAN JOURNAL OF MEDICINAL CHEMISTRY,10.1016/j.ejmech.2022.114915,-1,"cancer, cell, treatment, patients, microbiota, immune, gut, therapy, disease, resistance"
Fusobacterium nucleatum induces oxaliplatin resistance by inhibiting ferroptosis through E-cadherin/ β-catenin/GPX4 axis in colorectal cancer,2024,FREE RADICAL BIOLOGY AND MEDICINE,10.1016/j.freeradbiomed.2024.04.226,1,"crc, colorectal, cancer, colorectal cancer, nucleatum, tumor, cells, microbiota, cell, resistance"
Exploring the role of gut microbiota in advancing personalized medicine,2023,FRONTIERS IN MICROBIOLOGY,10.3389/fmicb.2023.1274925,0,"microbiota, gut, cancer, microbiome, immune, immunotherapy, gut microbiota, tumor, patients, treatment"
"Human gut-microbiome interplay: Analysis of clinical studies for the emerging roles of diagnostic microbiology in inflammation, oncogenesis and cancer management",2021,INFECTION GENETICS AND EVOLUTION,10.1016/j.meegid.2021.104946,0,"microbiota, gut, cancer, microbiome, immune, immunotherapy, gut microbiota, tumor, patients, treatment"
Identification of Core gene expression alterations regulated by gut microbiota in tumor progression and immunotherapy resistance through integrative pan-cancer analysis,2025,INTERNATIONAL JOURNAL OF BIOLOGICAL MACROMOLECULES,10.1016/j.ijbiomac.2025.146911,0,"microbiota, gut, cancer, microbiome, immune, immunotherapy, gut microbiota, tumor, patients, treatment"
Recent advances in acute gastrointestinal graft versus host disease (aGvHD): aspects of steroid-resistant disease,2025,ANNALS OF HEMATOLOGY,10.1007/s00277-024-05952-0,10,"transplantation, gvhd, graft, graft versus, versus, versus host, acute, cell transplantation, host disease, agvhd"
Pediatric tumor microenvironment: developmental dynamics and therapy resistance,2025,FRONTIERS IN ONCOLOGY,10.3389/fonc.2025.1663975,-1,"cancer, cell, treatment, patients, microbiota, immune, gut, therapy, disease, resistance"
Novel therapeutic strategies and recent advances in gut microbiota synergy with nanotechnology for colorectal cancer treatment,2025,MATERIALS TODAY BIO,10.1016/j.mtbio.2025.101601,1,"crc, colorectal, cancer, colorectal cancer, nucleatum, tumor, cells, microbiota, cell, resistance"
The Microbiome Tumor Axis: How the Microbiome Could Contribute to Clonal Heterogeneity and Disease Outcome in Pancreatic Cancer,2021,FRONTIERS IN ONCOLOGY,10.3389/fonc.2021.740606,3,"pancreatic, pancreatic cancer, pdac, cancer, ductal, adenocarcinoma, tumor, gemcitabine, pancreatic ductal, resistance"
Modulating the Gut Microbiota via Rectal Ozone Insufflation in Gynecological Cancer Patients with Radiotherapy/Chemotherapy-Induced Pelvic Toxicity: A Proposed Clinical Study Protocol,2025,JOURNAL OF CLINICAL MEDICINE,10.3390/jcm14228015,-1,"cancer, cell, treatment, patients, microbiota, immune, gut, therapy, disease, resistance"
Toll Like Receptors as Sensors of the Tumor Microbial Dysbiosis: Implications in Cancer Progression,2021,FRONTIERS IN CELL AND DEVELOPMENTAL BIOLOGY,10.3389/fcell.2021.732192,0,"microbiota, gut, cancer, microbiome, immune, immunotherapy, gut microbiota, tumor, patients, treatment"
Anti-breast Cancer Enhancement of a Polysaccharide From Spore of Ganoderma lucidum With Paclitaxel: Suppression on Tumor Metabolism With Gut Microbiota Reshaping,2018,FRONTIERS IN MICROBIOLOGY,10.3389/fmicb.2018.03099,-1,"cancer, cell, treatment, patients, microbiota, immune, gut, therapy, disease, resistance"
Fusobacterium nucleatum promotes chemoresistance to 5-fluorouracil by upregulation of BIRC3 expression in colorectal cancer,2019,JOURNAL OF EXPERIMENTAL & CLINICAL CANCER RESEARCH,10.1186/s13046-018-0985-y,1,"crc, colorectal, cancer, colorectal cancer, nucleatum, tumor, cells, microbiota, cell, resistance"
Molecular pathology of lymphoma and its treatment strategies: from mechanistic elucidation to precision medicine,2025,FRONTIERS IN IMMUNOLOGY,10.3389/fimmu.2025.1620895,2,"cancer, tumor, immune, cell, resistance, pd, immunotherapy, checkpoint, drug, immune checkpoint"
Peptostreptococcus anaerobius mediates anti-PD1 therapy resistance and exacerbates colorectal cancer via myeloid-derived suppressor cells in mice,2024,NATURE MICROBIOLOGY,10.1038/s41564-024-01695-w,1,"crc, colorectal, cancer, colorectal cancer, nucleatum, tumor, cells, microbiota, cell, resistance"
Treatment of intestinal graft-versus-host disease with unrelated donor fecal microbiota transplantation capsules A case report,2020,MEDICINE,10.1097/MD.0000000000022129,5,"fmt, difficile, transplantation, fecal, cdi, microbiota transplantation, fecal microbiota, microbiota, treatment, infection"
Microbiota-Derived Natural Products Targeting Cancer Stem Cells: Inside the Gut Pharma Factory,2023,INTERNATIONAL JOURNAL OF MOLECULAR SCIENCES,10.3390/ijms24054997,0,"microbiota, gut, cancer, microbiome, immune, immunotherapy, gut microbiota, tumor, patients, treatment"
Huang-Lian-Jie-Du decoction enhances Capecitabine-Oxaliplatin efficacy via Akkermansia muciniphila and CD8+T cells in colorectal cancer,2025,PHYTOMEDICINE,10.1016/j.phymed.2025.157233,1,"crc, colorectal, cancer, colorectal cancer, nucleatum, tumor, cells, microbiota, cell, resistance"
"Fecal microbiota transplantation plus tislelizumab and fruquintinib in refractory microsatellite stable metastatic colorectal cancer: an open-label, single-arm, phase II trial (RENMIN-215)",2023,ECLINICALMEDICINE,10.1016/j.eclinm.2023.102315,0,"microbiota, gut, cancer, microbiome, immune, immunotherapy, gut microbiota, tumor, patients, treatment"
Functional Effects of Probiotic Lactiplantibacillus plantarum in Alleviation Multidrug-Resistant Escherichia coli-Associated Colitis in BALB/c Mice Model,2025,PROBIOTICS AND ANTIMICROBIAL PROTEINS,10.1007/s12602-024-10356-7,4,"infection, infections, drug, resistant, aeruginosa, bacterial, phage, tb, mdr, animal"
Analysis of the predictive effect of gut microbiota changes on the occurrence of chemotherapy resistance in pancreatic cancer patients based on nomogram prediction models,2025,BMC CANCER,10.1186/s12885-025-15309-z,3,"pancreatic, pancreatic cancer, pdac, cancer, ductal, adenocarcinoma, tumor, gemcitabine, pancreatic ductal, resistance"
"Butyrate, a postbiotic of intestinal bacteria, affects pancreatic cancer and gemcitabine response in in vitro and in vivo models",2022,BIOMEDICINE & PHARMACOTHERAPY,10.1016/j.biopha.2022.113163,3,"pancreatic, pancreatic cancer, pdac, cancer, ductal, adenocarcinoma, tumor, gemcitabine, pancreatic ductal, resistance"
Tumor-associated bacteria activate PRDX1-driven glycolysis to promote immune evasion and PD-1 antibody resistance in hepatocellular carcinoma,2025,FRONTIERS IN MICROBIOLOGY,10.3389/fmicb.2025.1599691,-1,"cancer, cell, treatment, patients, microbiota, immune, gut, therapy, disease, resistance"
Mechanisms underlying the effects of stress on tumorigenesis and metastasis (Review),2018,INTERNATIONAL JOURNAL OF ONCOLOGY,10.3892/ijo.2018.4570,-1,"cancer, cell, treatment, patients, microbiota, immune, gut, therapy, disease, resistance"
Roxadustat alleviates the inflammatory status in patients receiving maintenance hemodialysis with erythropoiesis-stimulating agent resistance by increasing the short-chain fatty acids producing gut bacteria,2023,EUROPEAN JOURNAL OF MEDICAL RESEARCH,10.1186/s40001-023-01179-3,6,"liver, bile, acid, protein, transporter, drug, bile acid, metabolism, transporters, ba"
Keto microbiota: A powerful contributor to host disease recovery,2019,REVIEWS IN ENDOCRINE & METABOLIC DISORDERS,10.1007/s11154-019-09518-8,0,"microbiota, gut, cancer, microbiome, immune, immunotherapy, gut microbiota, tumor, patients, treatment"
Association of blood cell-based inflammatory markers with gut microbiota and cancer incidence in the Rotterdam study,2024,CANCER MEDICINE,10.1002/cam4.6860,7,"ibd, disease, inflammatory, bowel, inflammatory bowel, bowel disease, colitis, crohn, crohn disease, intestinal"
Microbiome-driven resistance in cervical cancer therapy: from mechanistic dissection to clinical translation,2025,EXPERT REVIEWS IN MOLECULAR MEDICINE,10.1017/erm.2025.10029,2,"cancer, tumor, immune, cell, resistance, pd, immunotherapy, checkpoint, drug, immune checkpoint"
Determinants of resistance and response to melanoma therapy,2024,NATURE CANCER,10.1038/s43018-024-00794-1,-1,"cancer, cell, treatment, patients, microbiota, immune, gut, therapy, disease, resistance"
"Role of drug catabolism, modulation of oncogenic signaling and tumor microenvironment in microbe-mediated pancreatic cancer chemoresistance",2022,DRUG RESISTANCE UPDATES,10.1016/j.drup.2022.100864,3,"pancreatic, pancreatic cancer, pdac, cancer, ductal, adenocarcinoma, tumor, gemcitabine, pancreatic ductal, resistance"
The epidemiology of Clostridium difficile infection in patients with cancer,2016,EXPERT REVIEW OF ANTI-INFECTIVE THERAPY,10.1080/14787210.2016.1234376,5,"fmt, difficile, transplantation, fecal, cdi, microbiota transplantation, fecal microbiota, microbiota, treatment, infection"
The impact of technical and clinical factors on fecal microbiota transfer outcomes for the treatment of recurrent Clostridioides difficile infections in Germany,2019,UNITED EUROPEAN GASTROENTEROLOGY JOURNAL,10.1177/2050640619839918,5,"fmt, difficile, transplantation, fecal, cdi, microbiota transplantation, fecal microbiota, microbiota, treatment, infection"
Anticancer Effect of Puerarin on Ovarian Cancer Progression Contributes to the Tumor Suppressor Gene Expression and Gut Microbiota Modulation,2022,JOURNAL OF IMMUNOLOGY RESEARCH,10.1155/2022/4472509,-1,"cancer, cell, treatment, patients, microbiota, immune, gut, therapy, disease, resistance"
Bacteria-Mediated Modulatory Strategies for Colorectal Cancer Treatment,2022,BIOMEDICINES,10.3390/biomedicines10040832,1,"crc, colorectal, cancer, colorectal cancer, nucleatum, tumor, cells, microbiota, cell, resistance"
Tumor heterogeneity and clonal cooperation influence the immune selection of IFN-γ-signaling mutant cancer cells,2020,NATURE COMMUNICATIONS,10.1038/s41467-020-14290-4,2,"cancer, tumor, immune, cell, resistance, pd, immunotherapy, checkpoint, drug, immune checkpoint"
Combination gut microbiota modulation and chemotherapy for orthotopic colorectal cancer therapy,2021,NANO TODAY,10.1016/j.nantod.2021.101329,1,"crc, colorectal, cancer, colorectal cancer, nucleatum, tumor, cells, microbiota, cell, resistance"
Negative impact of antibiotic administration on the clinical activity in patients with advanced gastric cancer,2021,BIOTECHNOLOGY & BIOTECHNOLOGICAL EQUIPMENT,10.1080/13102818.2021.1953400,0,"microbiota, gut, cancer, microbiome, immune, immunotherapy, gut microbiota, tumor, patients, treatment"
The hallmarks of successful anticancer immunotherapy,2018,SCIENCE TRANSLATIONAL MEDICINE,10.1126/scitranslmed.aat7807,2,"cancer, tumor, immune, cell, resistance, pd, immunotherapy, checkpoint, drug, immune checkpoint"
"21ST ANNUAL MEETING OF THE EUROPEAN SOCIETY FOR PIGMENT CELL RESEARCH (ESPCR), RENNES, FRANCE 24TH-27TH SEPTEMBER 2018 ABSTRACTS",2018,PIGMENT CELL & MELANOMA RESEARCH,,-1,"cancer, cell, treatment, patients, microbiota, immune, gut, therapy, disease, resistance"
Mechanisms of drug resistance in HCC,2024,HEPATOLOGY,10.1097/HEP.0000000000000237,9,"hcc, liver, hepatocellular, carcinoma, hepatocellular carcinoma, tumor, immune, sorafenib, resistance, immunotherapy"
"The effect of the intratumoral microbiome on tumor occurrence, progression, prognosis and treatment",2022,FRONTIERS IN IMMUNOLOGY,10.3389/fimmu.2022.1051987,0,"microbiota, gut, cancer, microbiome, immune, immunotherapy, gut microbiota, tumor, patients, treatment"
Mechanisms of Anti-PD Therapy Resistance in Digestive System Neoplasms,2025,RECENT PATENTS ON ANTI-CANCER DRUG DISCOVERY,10.2174/0115748928269276231120103256,2,"cancer, tumor, immune, cell, resistance, pd, immunotherapy, checkpoint, drug, immune checkpoint"
"Peripheral Immune-Inflammatory Pathways in Major Depressive Disorder, Bipolar Disorder, and Schizophrenia: Exploring Their Potential as Treatment Targets",2025,CNS DRUGS,10.1007/s40263-025-01195-3,2,"cancer, tumor, immune, cell, resistance, pd, immunotherapy, checkpoint, drug, immune checkpoint"
Fusobacterium nucleatum Promotes Chemoresistance to Colorectal Cancer by Modulating Autophagy,2017,CELL,10.1016/j.cell.2017.07.008,1,"crc, colorectal, cancer, colorectal cancer, nucleatum, tumor, cells, microbiota, cell, resistance"
Potential role of intratumor bacteria outside the gastrointestinal tract: More than passengers,2023,CANCER MEDICINE,10.1002/cam4.6298,0,"microbiota, gut, cancer, microbiome, immune, immunotherapy, gut microbiota, tumor, patients, treatment"
Integrative mendelian randomization and multi-omics analysis reveal a gut microbiota-metabolite-CXCL10 axis in breast cancer,2025,AMB EXPRESS,10.1186/s13568-025-01989-0,0,"microbiota, gut, cancer, microbiome, immune, immunotherapy, gut microbiota, tumor, patients, treatment"
Yin and Yang of Polyphenols in Cancer Prevention: A Short Review,2016,ANTI-CANCER AGENTS IN MEDICINAL CHEMISTRY,10.2174/1871520616666151116124549,-1,"cancer, cell, treatment, patients, microbiota, immune, gut, therapy, disease, resistance"
Fusobacterium nucleatum promotes esophageal squamous cell carcinoma progression and chemoresistance by enhancing the secretion of chemotherapy-induced senescence-associated secretory phenotype via activation of DNA damage response pathway,2023,GUT MICROBES,10.1080/19490976.2023.2197836,1,"crc, colorectal, cancer, colorectal cancer, nucleatum, tumor, cells, microbiota, cell, resistance"
Anticancer Effects of Gut Microbiota-Derived Short-Chain Fatty Acids in Cancers,2023,JOURNAL OF MICROBIOLOGY AND BIOTECHNOLOGY,10.4014/jmb.2301.01031,-1,"cancer, cell, treatment, patients, microbiota, immune, gut, therapy, disease, resistance"
Integrated Analysis of Colorectal Cancer Reveals Cross-Cohort Gut Microbial Signatures and Associated Serum Metabolites,2022,GASTROENTEROLOGY,10.1053/j.gastro.2022.06.069,1,"crc, colorectal, cancer, colorectal cancer, nucleatum, tumor, cells, microbiota, cell, resistance"
Beyond Antibiotics: What the Future Holds,2024,ANTIBIOTICS-BASEL,10.3390/antibiotics13100919,4,"infection, infections, drug, resistant, aeruginosa, bacterial, phage, tb, mdr, animal"
Safety and efficacy of fecal microbiota transplantation for viral diseases: A systematic review of clinical trials,2024,PLOS ONE,10.1371/journal.pone.0311731,5,"fmt, difficile, transplantation, fecal, cdi, microbiota transplantation, fecal microbiota, microbiota, treatment, infection"
Probiotics functionalized with a gallium-polyphenol network modulate the intratumor microbiota and promote anti-tumor immune responses in pancreatic cancer,2024,NATURE COMMUNICATIONS,10.1038/s41467-024-51534-z,3,"pancreatic, pancreatic cancer, pdac, cancer, ductal, adenocarcinoma, tumor, gemcitabine, pancreatic ductal, resistance"
Intratumoral Fusobacterium nucleatum in Pancreatic Cancer: Current and Future Perspectives,2025,PATHOGENS,10.3390/pathogens14010002,3,"pancreatic, pancreatic cancer, pdac, cancer, ductal, adenocarcinoma, tumor, gemcitabine, pancreatic ductal, resistance"
Resistant Starch-Encapsulated Probiotics Attenuate Colorectal Cancer Cachexia and 5-Fluorouracil-Induced Microbial Dysbiosis,2024,BIOMEDICINES,10.3390/biomedicines12071450,1,"crc, colorectal, cancer, colorectal cancer, nucleatum, tumor, cells, microbiota, cell, resistance"
Pancreatic Cancer Meets Human Microbiota: Close Encounters of the Third Kind,2021,CANCERS,10.3390/cancers13061231,3,"pancreatic, pancreatic cancer, pdac, cancer, ductal, adenocarcinoma, tumor, gemcitabine, pancreatic ductal, resistance"
Cannabidiol Inhibits Epithelial Ovarian Cancer: Role of Gut Microbiome,2024,JOURNAL OF NATURAL PRODUCTS,10.1021/acs.jnatprod.3c00782,-1,"cancer, cell, treatment, patients, microbiota, immune, gut, therapy, disease, resistance"
Shenling Baizhu Decoction (SLBZD) may play a synergistic role of tirelizumab in the treatment of colorectal cancer by influencing the imbalance of colon flora and Tumor microenvironment,2024,JOURNAL OF CANCER,10.7150/jca.88854,1,"crc, colorectal, cancer, colorectal cancer, nucleatum, tumor, cells, microbiota, cell, resistance"
"Clinical research, mechanisms, and prospects of flavonoids from Herba Patriniae in the treatment of colorectal cancer",2025,FRONTIERS IN PHARMACOLOGY,10.3389/fphar.2025.1633286,1,"crc, colorectal, cancer, colorectal cancer, nucleatum, tumor, cells, microbiota, cell, resistance"
Multifaceted modes of action of the anticancer probiotic Enterococcus hirae,2021,CELL DEATH AND DIFFERENTIATION,10.1038/s41418-021-00753-8,0,"microbiota, gut, cancer, microbiome, immune, immunotherapy, gut microbiota, tumor, patients, treatment"
Microbiota enterotoxigenic Bacteroides fragilis-secreted BFT-1 promotes breast cancer cell stemness and chemoresistance through its functional receptor NOD1,2024,PROTEIN & CELL,10.1093/procel/pwae005,0,"microbiota, gut, cancer, microbiome, immune, immunotherapy, gut microbiota, tumor, patients, treatment"
The Effect of Radiation and Chemoradiation Therapy on the Head and Neck Mucosal Microbiome: A Review,2021,FRONTIERS IN ONCOLOGY,10.3389/fonc.2021.784457,-1,"cancer, cell, treatment, patients, microbiota, immune, gut, therapy, disease, resistance"
Inhalable Capsular Polysaccharide-Camouflaged Gallium-Polyphenol Nanoparticles Enhance Lung Cancer Chemotherapy by Depleting Local Lung Microbiota,2023,ADVANCED MATERIALS,10.1002/adma.202302551,1,"crc, colorectal, cancer, colorectal cancer, nucleatum, tumor, cells, microbiota, cell, resistance"
The Influence of the Microbiome on the Complications of Radiotherapy and Its Effectiveness in Patients with Laryngeal Cancer,2024,CANCERS,10.3390/cancers16213707,0,"microbiota, gut, cancer, microbiome, immune, immunotherapy, gut microbiota, tumor, patients, treatment"
Influence of Fusobacterium nucleatum on Tumor Necrosis Factor Alpha Therapy in Ulcerative Colitis,2025,MEDIATORS OF INFLAMMATION,10.1155/mi/5035877,8,"colitis, ulcerative, ulcerative colitis, uc, disease, treatment, inflammatory, patients, pouch, therapy"
Blocking Fusobacterium nucleatum-host cell interactions with responsive supramolecular GalNAc-derived nanoplatform for enhanced chemotherapy in colorectal cancer,2024,NANO TODAY,10.1016/j.nantod.2024.102288,1,"crc, colorectal, cancer, colorectal cancer, nucleatum, tumor, cells, microbiota, cell, resistance"
Gut Microbiota-Mediated Bile Acid Transformations Alter the Cellular Response to Multidrug Resistant Transporter Substrates in Vitro: Focus on P-glycoprotein,2018,MOLECULAR PHARMACEUTICS,10.1021/acs.molpharmaceut.8b00875,6,"liver, bile, acid, protein, transporter, drug, bile acid, metabolism, transporters, ba"
Recent Advances in Nanomedicine for Modulating Intratumoral Bacteria in Cancer Therapy,2025,MOLECULAR PHARMACEUTICS,10.1021/acs.molpharmaceut.5c00677,0,"microbiota, gut, cancer, microbiome, immune, immunotherapy, gut microbiota, tumor, patients, treatment"
Short-Chain Fatty Acid Production by Gut Microbiota Predicts Treatment Response in Multiple Myeloma,2024,CLINICAL CANCER RESEARCH,10.1158/1078-0432.CCR-23-0195,0,"microbiota, gut, cancer, microbiome, immune, immunotherapy, gut microbiota, tumor, patients, treatment"
Unraveling the role of gut microbiota and immune cells in thyroid cancer and tumor drug resistance,2024,DISCOVER ONCOLOGY,10.1007/s12672-024-01585-x,-1,"cancer, cell, treatment, patients, microbiota, immune, gut, therapy, disease, resistance"
"Successful treatment of fulminant Clostridioides difficile infection with emergent fecal microbiota transplantation in a patient with acute myeloid leukemia and prolonged, severe neutropenia",2020,TRANSPLANT INFECTIOUS DISEASE,10.1111/tid.13216,5,"fmt, difficile, transplantation, fecal, cdi, microbiota transplantation, fecal microbiota, microbiota, treatment, infection"
Beyond` Tissue Stiffness and Bioadhesivity: Advanced Biomaterials to Model Tumor Microenvironments and Drug Resistance,2018,TRENDS IN CANCER,10.1016/j.trecan.2018.01.008,2,"cancer, tumor, immune, cell, resistance, pd, immunotherapy, checkpoint, drug, immune checkpoint"
Gastric Acid-Responsive ROS Nanogenerators for Effective Treatment of Helicobacter pylori Infection without Disrupting Homeostasis of Intestinal Flora,2023,ADVANCED SCIENCE,10.1002/advs.202206957,-1,"cancer, cell, treatment, patients, microbiota, immune, gut, therapy, disease, resistance"
Significant changes in gut microbiota and SCFAs among patients with newly diagnosed acute myeloid leukemia,2025,FRONTIERS IN MICROBIOLOGY,10.3389/fmicb.2025.1559033,0,"microbiota, gut, cancer, microbiome, immune, immunotherapy, gut microbiota, tumor, patients, treatment"
Xihuang Pill enhances anticancer effect of anlotinib by regulating gut microbiota composition and tumor angiogenesis pathway,2022,BIOMEDICINE & PHARMACOTHERAPY,10.1016/j.biopha.2022.113081,-1,"cancer, cell, treatment, patients, microbiota, immune, gut, therapy, disease, resistance"
Circadian Rhythm Shapes the Gut Microbiota Affecting Host Radiosensitivity,2016,INTERNATIONAL JOURNAL OF MOLECULAR SCIENCES,10.3390/ijms17111786,-1,"cancer, cell, treatment, patients, microbiota, immune, gut, therapy, disease, resistance"
Autophagy: A Versatile Player in the Progression of Colorectal Cancer and Drug Resistance,2022,FRONTIERS IN ONCOLOGY,10.3389/fonc.2022.924290,1,"crc, colorectal, cancer, colorectal cancer, nucleatum, tumor, cells, microbiota, cell, resistance"
Dysregulation of ILC3s unleashes progression and immunotherapy resistance in colon cancer,2021,CELL,10.1016/j.cell.2021.07.029,-1,"cancer, cell, treatment, patients, microbiota, immune, gut, therapy, disease, resistance"
Emerging role of RNF2 in cancer: From bench to bedside,2021,JOURNAL OF CELLULAR PHYSIOLOGY,10.1002/jcp.30260,2,"cancer, tumor, immune, cell, resistance, pd, immunotherapy, checkpoint, drug, immune checkpoint"
Extracellular vesicles in Inter-Kingdom communication in gastrointestinal cancer,2021,AMERICAN JOURNAL OF CANCER RESEARCH,,-1,"cancer, cell, treatment, patients, microbiota, immune, gut, therapy, disease, resistance"
Integrated In Vitro and In Silico Modeling Delineates the Molecular Effects of a Synbiotic Regimen on Colorectal-Cancer-Derived Cells,2019,CELL REPORTS,10.1016/j.celrep.2019.04.001,1,"crc, colorectal, cancer, colorectal cancer, nucleatum, tumor, cells, microbiota, cell, resistance"
"Tumor-associated macrophages in colon cancer immunotherapy: mechanisms, natural product interventions, and microenvironment remodeling",2025,FRONTIERS IN IMMUNOLOGY,10.3389/fimmu.2025.1642091,-1,"cancer, cell, treatment, patients, microbiota, immune, gut, therapy, disease, resistance"
Characterization of Butyrate-Resistant Colorectal Cancer Cell Lines and the Cytotoxicity of Anticancer Drugs against These Cells,2022,BIOMED RESEARCH INTERNATIONAL,10.1155/2022/6565300,1,"crc, colorectal, cancer, colorectal cancer, nucleatum, tumor, cells, microbiota, cell, resistance"
Delivery of short chain fatty acid butyrate to overcome Fusobacterium nucleatum-induced chemoresistance,2023,JOURNAL OF CONTROLLED RELEASE,10.1016/j.jconrel.2023.09.028,1,"crc, colorectal, cancer, colorectal cancer, nucleatum, tumor, cells, microbiota, cell, resistance"
Targeting purine metabolism-related enzymes for therapeutic intervention: A review from molecular mechanism to therapeutic breakthrough,2024,INTERNATIONAL JOURNAL OF BIOLOGICAL MACROMOLECULES,10.1016/j.ijbiomac.2024.136828,-1,"cancer, cell, treatment, patients, microbiota, immune, gut, therapy, disease, resistance"
How to Determine the Role of the Microbiome in Drug Disposition,2018,DRUG METABOLISM AND DISPOSITION,10.1124/dmd.118.083402,0,"microbiota, gut, cancer, microbiome, immune, immunotherapy, gut microbiota, tumor, patients, treatment"
"The correlation between gut and intra-tumor microbiota and PDAC: Etiology, diagnostics and therapeutics",2023,BIOCHIMICA ET BIOPHYSICA ACTA-REVIEWS ON CANCER,10.1016/j.bbcan.2023.188943,3,"pancreatic, pancreatic cancer, pdac, cancer, ductal, adenocarcinoma, tumor, gemcitabine, pancreatic ductal, resistance"
Crosstalk between gut microbiota and cancer chemotherapy: current status and trends,2024,DISCOVER ONCOLOGY,10.1007/s12672-024-01704-8,0,"microbiota, gut, cancer, microbiome, immune, immunotherapy, gut microbiota, tumor, patients, treatment"
Metabolite interactions between host and microbiota during health and disease: Which feeds the other?,2023,BIOMEDICINE & PHARMACOTHERAPY,10.1016/j.biopha.2023.114295,0,"microbiota, gut, cancer, microbiome, immune, immunotherapy, gut microbiota, tumor, patients, treatment"
Effect of Nematodes-Bacteria Complex Metabolites on Cancer and Tumor Progression,2025,BIOMOLECULES,10.3390/biom15081165,0,"microbiota, gut, cancer, microbiome, immune, immunotherapy, gut microbiota, tumor, patients, treatment"
Gut microbiome is associated with radiotherapy response in lung cancer patients with brain metastases,2025,FRONTIERS IN CELLULAR AND INFECTION MICROBIOLOGY,10.3389/fcimb.2025.1562831,0,"microbiota, gut, cancer, microbiome, immune, immunotherapy, gut microbiota, tumor, patients, treatment"
Lactobacillus rhamnosus GG Orchestrates an Antitumor Immune Response,2021,CELLULAR AND MOLECULAR GASTROENTEROLOGY AND HEPATOLOGY,10.1016/j.jcmgh.2021.06.001,0,"microbiota, gut, cancer, microbiome, immune, immunotherapy, gut microbiota, tumor, patients, treatment"
METTL3 mediates m6A methylation modification of ULBP2 and affects the progression of cervical cancer,2025,HEREDITAS,10.1186/s41065-025-00483-8,1,"crc, colorectal, cancer, colorectal cancer, nucleatum, tumor, cells, microbiota, cell, resistance"
Effect of Hepatic Impairment on the Pharmacokinetics of Baicalin in Rats: Critical Roles of Gut Microbiota and Hepatic Transporters,2025,PHARMACEUTICS,10.3390/pharmaceutics17070851,6,"liver, bile, acid, protein, transporter, drug, bile acid, metabolism, transporters, ba"
Microbiota and cancer: host cellular mechanisms activated by gut microbial metabolites,2020,INTERNATIONAL JOURNAL OF MEDICAL MICROBIOLOGY,10.1016/j.ijmm.2020.151425,-1,"cancer, cell, treatment, patients, microbiota, immune, gut, therapy, disease, resistance"
Deciphering the mechanism of Peptostreptococcus anaerobius-induced chemoresistance in colorectal cancer: the important roles of MDSC recruitment and EMT activation,2023,FRONTIERS IN IMMUNOLOGY,10.3389/fimmu.2023.1230681,1,"crc, colorectal, cancer, colorectal cancer, nucleatum, tumor, cells, microbiota, cell, resistance"
Proteomic analysis of small intestinal epithelial cells in antibiotic-treated mice: Changes in drug transporters and metabolizing enzymes,2019,DRUG METABOLISM AND PHARMACOKINETICS,10.1016/j.dmpk.2019.01.001,-1,"cancer, cell, treatment, patients, microbiota, immune, gut, therapy, disease, resistance"
Effects of the ketogenic diet on skin-potential benefits and risks,2025,FRONTIERS IN NUTRITION,10.3389/fnut.2025.1686056,-1,"cancer, cell, treatment, patients, microbiota, immune, gut, therapy, disease, resistance"
Role of interleukin-6-mediated inflammation in the pathogenesis of inflammatory bowel disease: focus on the available therapeutic approaches and gut microbiome,2023,JOURNAL OF CELL COMMUNICATION AND SIGNALING,10.1007/s12079-022-00695-x,7,"ibd, disease, inflammatory, bowel, inflammatory bowel, bowel disease, colitis, crohn, crohn disease, intestinal"
Adaptation of the gut holobiont to malnutrition during mouse pregnancy depends on the type of nutritional adversity,2023,JOURNAL OF NUTRITIONAL BIOCHEMISTRY,10.1016/j.jnutbio.2022.109172,0,"microbiota, gut, cancer, microbiome, immune, immunotherapy, gut microbiota, tumor, patients, treatment"
Glycyrrhiza uralensis Fisch. Attenuates Dioscorea bulbifera L.-induced liver injury by regulating the FXR/Nrf2-BAs-related proteins and intestinal microbiota,2025,JOURNAL OF ETHNOPHARMACOLOGY,10.1016/j.jep.2025.119319,6,"liver, bile, acid, protein, transporter, drug, bile acid, metabolism, transporters, ba"
Fecal Microbiota Transplantation Alleviates Severe PD-1 Inhibitor-Associated Colitis Caused by Neoadjuvant Therapy for Esophageal Cancer,2024,GASTROENTEROLOGY NURSING,10.1097/SGA.0000000000000794,-1,"cancer, cell, treatment, patients, microbiota, immune, gut, therapy, disease, resistance"
Tumor-resident microorganisms as clinical biomarkers in primary liver cancer: A systematic review of current evidence,2025,WORLD JOURNAL OF GASTROINTESTINAL ONCOLOGY,10.4251/wjgo.v17.i12.112936,-1,"cancer, cell, treatment, patients, microbiota, immune, gut, therapy, disease, resistance"
Gut microbial bile and amino acid metabolism associate with peanut oral immunotherapy failure,2025,NATURE COMMUNICATIONS,10.1038/s41467-025-61161-x,-1,"cancer, cell, treatment, patients, microbiota, immune, gut, therapy, disease, resistance"
Fusobacterium nucleatum Acts as a Pro-carcinogenic Bacterium in Colorectal Cancer: From Association to Causality,2021,FRONTIERS IN CELL AND DEVELOPMENTAL BIOLOGY,10.3389/fcell.2021.710165,1,"crc, colorectal, cancer, colorectal cancer, nucleatum, tumor, cells, microbiota, cell, resistance"
Non-traditional Antibacterial Therapeutic Options and Challenges,2019,CELL HOST & MICROBE,10.1016/j.chom.2019.06.004,4,"infection, infections, drug, resistant, aeruginosa, bacterial, phage, tb, mdr, animal"
Adrenomedullin: Not Just Another Gastrointestinal Peptide,2022,BIOMOLECULES,10.3390/biom12020156,-1,"cancer, cell, treatment, patients, microbiota, immune, gut, therapy, disease, resistance"
Intratumor microbiome-derived butyrate promotes chemo-resistance in colorectal cancer,2025,FRONTIERS IN PHARMACOLOGY,10.3389/fphar.2024.1510851,1,"crc, colorectal, cancer, colorectal cancer, nucleatum, tumor, cells, microbiota, cell, resistance"
Spatial Heterogeneity of Intratumoral Microbiota: A New Frontier in Cancer Immunotherapy Resistance,2025,BIOMEDICINES,10.3390/biomedicines13051261,0,"microbiota, gut, cancer, microbiome, immune, immunotherapy, gut microbiota, tumor, patients, treatment"
Microbial metabolites and their influence on the tumor microenvironment,2025,FRONTIERS IN IMMUNOLOGY,10.3389/fimmu.2025.1675677,2,"cancer, tumor, immune, cell, resistance, pd, immunotherapy, checkpoint, drug, immune checkpoint"
Oncobiome at the Forefront of a Novel Molecular Mechanism to Understand the Microbiome and Cancer,2019,TRANSLATIONAL RESEARCH AND ONCO-OMICS APPLICATIONS IN THE ERA OF CANCER PERSONAL GENOMICS,10.1007/978-3-030-24100-1_10,0,"microbiota, gut, cancer, microbiome, immune, immunotherapy, gut microbiota, tumor, patients, treatment"
"Updates on Candida albicans infections: pathogenesis, resistance, and emerging nanopharmaceutical strategies",2025,EXPERT REVIEW OF ANTI-INFECTIVE THERAPY,10.1080/14787210.2025.2569831,4,"infection, infections, drug, resistant, aeruginosa, bacterial, phage, tb, mdr, animal"
Gut microbiome composition can predict the response to nivolumab in advanced hepatocellular carcinoma patients,2021,WORLD JOURNAL OF GASTROENTEROLOGY,10.3748/wjg.v27.i42.7340,-1,"cancer, cell, treatment, patients, microbiota, immune, gut, therapy, disease, resistance"
The complexity of cancer immunotherapy illustrated through skin tumors,2022,INTERNATIONAL JOURNAL OF BIOLOGICAL MARKERS,10.1177/03936155221088884,2,"cancer, tumor, immune, cell, resistance, pd, immunotherapy, checkpoint, drug, immune checkpoint"
Quinoa and Colonic Health: A Review of Bioactive Components and Mechanistic Insights,2025,CURRENT ISSUES IN MOLECULAR BIOLOGY,10.3390/cimb47100815,3,"pancreatic, pancreatic cancer, pdac, cancer, ductal, adenocarcinoma, tumor, gemcitabine, pancreatic ductal, resistance"
Unraveling the pharmaceutical excipient-drug interactions: The effects of polyethylene glycol copolymers on drug metabolism and transport systems,2025,INTERNATIONAL JOURNAL OF PHARMACEUTICS,10.1016/j.ijpharm.2025.125758,1,"crc, colorectal, cancer, colorectal cancer, nucleatum, tumor, cells, microbiota, cell, resistance"
Novel therapeutic strategy for cancer and autoimmune conditions: Modulating cell metabolism and redox capacity,2018,PHARMACOLOGY & THERAPEUTICS,10.1016/j.pharmthera.2018.06.010,2,"cancer, tumor, immune, cell, resistance, pd, immunotherapy, checkpoint, drug, immune checkpoint"
Integrating alternative therapies in overcoming chemotherapy resistance in tumors,2025,MOLECULAR BIOLOGY REPORTS,10.1007/s11033-025-10361-1,2,"cancer, tumor, immune, cell, resistance, pd, immunotherapy, checkpoint, drug, immune checkpoint"
Sonosensitizer-doped framework theranostic nanoprobe for enhanced spatiotemporal eradication of helicobacter pylori with photoacoustic imaging guidance,2025,ACTA BIOMATERIALIA,10.1016/j.actbio.2025.06.008,-1,"cancer, cell, treatment, patients, microbiota, immune, gut, therapy, disease, resistance"
Crosstalk between neutrophil extracellular traps and gut microbiota in ulcerative colitis: traditional Chinese medicine strategies,2025,FRONTIERS IN CELLULAR AND INFECTION MICROBIOLOGY,10.3389/fcimb.2025.1692312,8,"colitis, ulcerative, ulcerative colitis, uc, disease, treatment, inflammatory, patients, pouch, therapy"
Cancer Resistance to Immunotherapy: Molecular Mechanisms and Tackling Strategies,2022,INTERNATIONAL JOURNAL OF MOLECULAR SCIENCES,10.3390/ijms231810906,2,"cancer, tumor, immune, cell, resistance, pd, immunotherapy, checkpoint, drug, immune checkpoint"
Case report of clostridium difficile infection after rectal resection with ileostomy,2025,WORLD JOURNAL OF SURGICAL ONCOLOGY,10.1186/s12957-025-03713-5,5,"fmt, difficile, transplantation, fecal, cdi, microbiota transplantation, fecal microbiota, microbiota, treatment, infection"
Host and microbiome lipid metabolism in colorectal cancer development and therapy,2025,TRENDS IN CANCER,10.1016/j.trecan.2025.08.005,1,"crc, colorectal, cancer, colorectal cancer, nucleatum, tumor, cells, microbiota, cell, resistance"
The huge clinical potential of microbiota in the treatment of pancreatic cancer: The next frontier,2022,BIOCHIMICA ET BIOPHYSICA ACTA-REVIEWS ON CANCER,10.1016/j.bbcan.2022.188733,3,"pancreatic, pancreatic cancer, pdac, cancer, ductal, adenocarcinoma, tumor, gemcitabine, pancreatic ductal, resistance"
Lactobacillus-derived metabolites enhance the antitumor activity of 5-FU and inhibit metastatic behavior in 5-FU-resistant colorectal cancer cells by regulating claudin-1 expression,2020,JOURNAL OF MICROBIOLOGY,10.1007/s12275-020-0375-y,1,"crc, colorectal, cancer, colorectal cancer, nucleatum, tumor, cells, microbiota, cell, resistance"
Fecal Microbiota Transplantation Is Safe for Clostridiodies difficile Infection in Patients with Solid Tumors Undergoing Chemotherapy,2022,DIGESTIVE DISEASES AND SCIENCES,10.1007/s10620-021-07024-z,5,"fmt, difficile, transplantation, fecal, cdi, microbiota transplantation, fecal microbiota, microbiota, treatment, infection"
The Microbiome in PDAC-Vantage Point for Future Therapies?,2022,CANCERS,10.3390/cancers14235974,3,"pancreatic, pancreatic cancer, pdac, cancer, ductal, adenocarcinoma, tumor, gemcitabine, pancreatic ductal, resistance"
Resident Bacteria in Breast Cancer Tissue: Pathogenic Agents or Harmless Commensals?,2018,DISCOVERY MEDICINE,,0,"microbiota, gut, cancer, microbiome, immune, immunotherapy, gut microbiota, tumor, patients, treatment"
Updated outcomes and exploratory analysis of RENMIN-215: tislelizumab plus fruquintinib and fecal microbiota transplantation in refractory microsatellite stable metastatic colorectal cancer,2024,AMERICAN JOURNAL OF CANCER RESEARCH,10.62347/XKUJ3012,0,"microbiota, gut, cancer, microbiome, immune, immunotherapy, gut microbiota, tumor, patients, treatment"
Blueprint for cancer research: Critical gaps and opportunities,2021,CA-A CANCER JOURNAL FOR CLINICIANS,10.3322/caac.21652,2,"cancer, tumor, immune, cell, resistance, pd, immunotherapy, checkpoint, drug, immune checkpoint"
Disentangling the molecular mystery of tumour-microbiota interactions: Microbial metabolites,2024,CLINICAL AND TRANSLATIONAL MEDICINE,10.1002/ctm2.70093,0,"microbiota, gut, cancer, microbiome, immune, immunotherapy, gut microbiota, tumor, patients, treatment"
"Advances in ovarian cancer: biological insights, therapeutic innovations, and future perspectives",2025,JOURNAL OF OVARIAN RESEARCH,10.1186/s13048-025-01921-x,-1,"cancer, cell, treatment, patients, microbiota, immune, gut, therapy, disease, resistance"
Epithelial chemerin-CMKLR1 signaling restricts microbiota-driven colonic neutrophilia and tumorigenesis by up-regulating lactoperoxidase,2022,PROCEEDINGS OF THE NATIONAL ACADEMY OF SCIENCES OF THE UNITED STATES OF AMERICA,10.1073/pnas.2205574119,-1,"cancer, cell, treatment, patients, microbiota, immune, gut, therapy, disease, resistance"
Therapeutic potential of rifaximin in liver diseases,2024,BIOMEDICINE & PHARMACOTHERAPY,10.1016/j.biopha.2024.117283,6,"liver, bile, acid, protein, transporter, drug, bile acid, metabolism, transporters, ba"
Prospects of Probiotic Adjuvant Drugs in Clinical Treatment,2022,NUTRIENTS,10.3390/nu14224723,4,"infection, infections, drug, resistant, aeruginosa, bacterial, phage, tb, mdr, animal"
Cepharanthine sensitizes gastric cancer cells to chemotherapy by targeting TRIB3-FOXO3-FOXM1 axis to inhibit autophagy,2024,PHYTOMEDICINE,10.1016/j.phymed.2024.156161,-1,"cancer, cell, treatment, patients, microbiota, immune, gut, therapy, disease, resistance"
Gegen Qinlian Decoction reverses oxaliplatin resistance in colorectal cancer by inhibiting YTHDF1-regulated m6A modification of GLS1,2024,PHYTOMEDICINE,10.1016/j.phymed.2024.155906,1,"crc, colorectal, cancer, colorectal cancer, nucleatum, tumor, cells, microbiota, cell, resistance"
The Next-Generation of Combination Cancer Immunotherapy: Epigenetic Immunomodulators Transmogrify Immune Training to Enhance Immunotherapy,2021,CANCERS,10.3390/cancers13143596,2,"cancer, tumor, immune, cell, resistance, pd, immunotherapy, checkpoint, drug, immune checkpoint"
Mycoplasma-associated multidrug resistance of hepatocarcinoma cells requires the interaction of P37 and Annexin A2,2017,PLOS ONE,10.1371/journal.pone.0184578,-1,"cancer, cell, treatment, patients, microbiota, immune, gut, therapy, disease, resistance"
The emerging tumor microbe microenvironment: From delineation to multidisciplinary approach-based interventions,2024,ACTA PHARMACEUTICA SINICA B,10.1016/j.apsb.2023.11.018,0,"microbiota, gut, cancer, microbiome, immune, immunotherapy, gut microbiota, tumor, patients, treatment"
Overcoming therapy resistance in pancreatic cancer: challenges and emerging strategies,2025,ADVANCED DRUG DELIVERY REVIEWS,10.1016/j.addr.2025.115647,3,"pancreatic, pancreatic cancer, pdac, cancer, ductal, adenocarcinoma, tumor, gemcitabine, pancreatic ductal, resistance"
Tissue-resident microbiota impacts colorectal cancer progression and prognosis,2025,NATURE COMMUNICATIONS,10.1038/s41467-025-67047-2,1,"crc, colorectal, cancer, colorectal cancer, nucleatum, tumor, cells, microbiota, cell, resistance"
Investigating the association between the urinary microbiome and bladder cancer: An exploratory study,2021,UROLOGIC ONCOLOGY-SEMINARS AND ORIGINAL INVESTIGATIONS,10.1016/j.urolonc.2020.12.011,-1,"cancer, cell, treatment, patients, microbiota, immune, gut, therapy, disease, resistance"
Fusobacterium nucleatum induces chemoresistance in colorectal cancer by inhibiting pyroptosis via the Hippo pathway,2024,GUT MICROBES,10.1080/19490976.2024.2333790,1,"crc, colorectal, cancer, colorectal cancer, nucleatum, tumor, cells, microbiota, cell, resistance"
Natural Polyphenols for Treatment of Colorectal Cancer,2022,MOLECULES,10.3390/molecules27248810,1,"crc, colorectal, cancer, colorectal cancer, nucleatum, tumor, cells, microbiota, cell, resistance"
Targeting gut microbial nitrogen recycling and cellular uptake of ammonium to improve bortezomib resistance in multiple myeloma,2024,CELL METABOLISM,10.1016/j.cmet.2023.11.019,-1,"cancer, cell, treatment, patients, microbiota, immune, gut, therapy, disease, resistance"
The healthy female microbiome across body sites: effect of hormonal contraceptives and the menstrual cycle,2022,HUMAN REPRODUCTION,10.1093/humrep/deac094,-1,"cancer, cell, treatment, patients, microbiota, immune, gut, therapy, disease, resistance"
Strategic use of nanomaterials as double-edged therapeutics to control carcinogenesis via regulation of dysbiosis and bacterial infection: current status and future prospects,2025,JOURNAL OF MATERIALS CHEMISTRY B,10.1039/d4tb02409e,0,"microbiota, gut, cancer, microbiome, immune, immunotherapy, gut microbiota, tumor, patients, treatment"
Microbial metabolite restricts 5-fluorouracil-resistant colonic tumor progression by sensitizing drug transporters via regulation of FOXO3-FOXM1 axis,2022,THERANOSTICS,10.7150/thno.70754,1,"crc, colorectal, cancer, colorectal cancer, nucleatum, tumor, cells, microbiota, cell, resistance"
XIAP restrains TNF-driven intestinal inflammation and dysbiosis by promoting innate immune responses of Paneth and dendritic cells,2021,SCIENCE IMMUNOLOGY,10.1126/sciimmunol.abf7235,7,"ibd, disease, inflammatory, bowel, inflammatory bowel, bowel disease, colitis, crohn, crohn disease, intestinal"
"Biliary microbiome profiling via 16 S rRNA amplicon sequencing in patients with cholangiocarcinoma, pancreatic carcinoma and choledocholithiasis",2025,SCIENTIFIC REPORTS,10.1038/s41598-025-00976-6,6,"liver, bile, acid, protein, transporter, drug, bile acid, metabolism, transporters, ba"
Human Intestinal Organoids and Microphysiological Systems for Modeling Radiotoxicity and Assessing Radioprotective Agents,2023,CANCERS,10.3390/cancers15245859,0,"microbiota, gut, cancer, microbiome, immune, immunotherapy, gut microbiota, tumor, patients, treatment"
Therapeutic Targeting of Myeloperoxidase Attenuates NASH in Mice,2020,HEPATOLOGY COMMUNICATIONS,10.1002/hep4.1566,6,"liver, bile, acid, protein, transporter, drug, bile acid, metabolism, transporters, ba"
Butyrate prevents chemotherapy-induced gastrointestinal toxicity and microbial dysbiosis,2025,SCIENTIFIC REPORTS,10.1038/s41598-025-30385-8,-1,"cancer, cell, treatment, patients, microbiota, immune, gut, therapy, disease, resistance"
Chemotherapy-driven intestinal dysbiosis and indole-3-propionic acid rewire myelopoiesis to promote a metastasis-refractory state,2025,NATURE COMMUNICATIONS,10.1038/s41467-025-67169-7,1,"crc, colorectal, cancer, colorectal cancer, nucleatum, tumor, cells, microbiota, cell, resistance"
Appraisal of postbiotics in cancer therapy,2024,FRONTIERS IN PHARMACOLOGY,10.3389/fphar.2024.1436021,-1,"cancer, cell, treatment, patients, microbiota, immune, gut, therapy, disease, resistance"
Ulcerative Colitis: Rapid Evidence Review,2022,AMERICAN FAMILY PHYSICIAN,,8,"colitis, ulcerative, ulcerative colitis, uc, disease, treatment, inflammatory, patients, pouch, therapy"
Biotransformation of Doxorubicin Promotes Resilience in Simplified Intestinal Microbial Communities,2021,MSPHERE,10.1128/mSphere.00068-21,0,"microbiota, gut, cancer, microbiome, immune, immunotherapy, gut microbiota, tumor, patients, treatment"
9th Immunotherapy of Cancer conference (ITOC): A meeting report,2022,HUMAN VACCINES & IMMUNOTHERAPEUTICS,10.1080/21645515.2022.2159706,2,"cancer, tumor, immune, cell, resistance, pd, immunotherapy, checkpoint, drug, immune checkpoint"
Intratumour microbiome of pancreatic cancer,2023,WORLD JOURNAL OF GASTROINTESTINAL ONCOLOGY,10.4251/wjgo.v15.i5.713,3,"pancreatic, pancreatic cancer, pdac, cancer, ductal, adenocarcinoma, tumor, gemcitabine, pancreatic ductal, resistance"
Pretreatment with probiotic Bifico ameliorates colitis-associated cancer in mice: Transcriptome and gut flora profiling,2018,CANCER SCIENCE,10.1111/cas.13497,7,"ibd, disease, inflammatory, bowel, inflammatory bowel, bowel disease, colitis, crohn, crohn disease, intestinal"
Analyzing the Blueprint: Exploring the Molecular Profile of Metastasis and Therapeutic Resistance,2025,INTERNATIONAL JOURNAL OF MOLECULAR SCIENCES,10.3390/ijms26146954,2,"cancer, tumor, immune, cell, resistance, pd, immunotherapy, checkpoint, drug, immune checkpoint"
"Unveiling the Hidden Links: Periodontal Disease, Fusobacterium Nucleatum, and Cancers",2024,CURRENT ONCOLOGY REPORTS,10.1007/s11912-024-01591-w,1,"crc, colorectal, cancer, colorectal cancer, nucleatum, tumor, cells, microbiota, cell, resistance"
Turning tumor microenvironmental foes to friends: A new opportunity for thyroid cancer therapy and redifferentiation,2025,ORAL ONCOLOGY,10.1016/j.oraloncology.2025.107513,2,"cancer, tumor, immune, cell, resistance, pd, immunotherapy, checkpoint, drug, immune checkpoint"
"The role of intratumoral microbiome in the occurrence, proliferation, metastasis of colorectal cancer and its underlying therapeutic strategies",2025,AGEING RESEARCH REVIEWS,10.1016/j.arr.2025.102820,1,"crc, colorectal, cancer, colorectal cancer, nucleatum, tumor, cells, microbiota, cell, resistance"
Biology-driven developments in the therapy of acute graft-versus-host disease,2018,HEMATOLOGY-AMERICAN SOCIETY OF HEMATOLOGY EDUCATION PROGRAM,10.1182/asheducation-2018.1.236,10,"transplantation, gvhd, graft, graft versus, versus, versus host, acute, cell transplantation, host disease, agvhd"
The role of Fusobacterium nucleatum in cancer and its implications for clinical applications,2024,MOLECULAR ORAL MICROBIOLOGY,10.1111/omi.12475,1,"crc, colorectal, cancer, colorectal cancer, nucleatum, tumor, cells, microbiota, cell, resistance"
The protective effect of teprenone in TNBS-induced ulcerative colitis rats by modulating the gut microbiota and reducing inflammatory response,2024,IMMUNOPHARMACOLOGY AND IMMUNOTOXICOLOGY,10.1080/08923973.2024.2308252,8,"colitis, ulcerative, ulcerative colitis, uc, disease, treatment, inflammatory, patients, pouch, therapy"
Evidence-Based Approach to Chronic Antibiotic Refractory Pouchitis: A Review,2024,DISEASES OF THE COLON & RECTUM,10.1097/DCR.0000000000003207,8,"colitis, ulcerative, ulcerative colitis, uc, disease, treatment, inflammatory, patients, pouch, therapy"
Pouchitis: pathophysiology and management,2024,NATURE REVIEWS GASTROENTEROLOGY & HEPATOLOGY,10.1038/s41575-024-00920-5,8,"colitis, ulcerative, ulcerative colitis, uc, disease, treatment, inflammatory, patients, pouch, therapy"
Saussurea costus alleviates ulcerative colitis by regulating the gut microbiota and improving intestinal barrier integrity,2025,FRONTIERS IN CELLULAR AND INFECTION MICROBIOLOGY,10.3389/fcimb.2025.1528578,8,"colitis, ulcerative, ulcerative colitis, uc, disease, treatment, inflammatory, patients, pouch, therapy"
"Curcumin in colorectal cancer: mechanistic insights, pharmacological limitations, and translational perspectives",2025,FRONTIERS IN PHARMACOLOGY,10.3389/fphar.2025.1667731,1,"crc, colorectal, cancer, colorectal cancer, nucleatum, tumor, cells, microbiota, cell, resistance"
Engineering lauric acid-based nanodrug delivery systems for restoring chemosensitivity and improving biocompatibility of 5-FU and OxPt against Fn-associated colorectal tumor,2024,JOURNAL OF MATERIALS CHEMISTRY B,10.1039/d4tb00103f,1,"crc, colorectal, cancer, colorectal cancer, nucleatum, tumor, cells, microbiota, cell, resistance"
Natural anti-cancer products: insights from herbal medicine,2025,CHINESE MEDICINE,10.1186/s13020-025-01124-y,-1,"cancer, cell, treatment, patients, microbiota, immune, gut, therapy, disease, resistance"
Fecal microbiome extract downregulates the expression of key proteins at the interface between airway remodelling and lung cancer pathogenesis in vitro,2024,PATHOLOGY RESEARCH AND PRACTICE,10.1016/j.prp.2024.155387,-1,"cancer, cell, treatment, patients, microbiota, immune, gut, therapy, disease, resistance"
Resistance Mechanisms to Anti-PD Cancer Immunotherapy,2022,ANNUAL REVIEW OF IMMUNOLOGY,10.1146/annurev-immunol-070621-030155,2,"cancer, tumor, immune, cell, resistance, pd, immunotherapy, checkpoint, drug, immune checkpoint"
The metabolism-immune axis in colorectal cancer: remodeling the tumor microenvironment through metabolite signaling,2025,FRONTIERS IN IMMUNOLOGY,10.3389/fimmu.2025.1735873,1,"crc, colorectal, cancer, colorectal cancer, nucleatum, tumor, cells, microbiota, cell, resistance"
"PRIMARY NON-RESPONSE IN INFLAMMATORY BOWEL DISEASE, DEFINITION, POTENTIAL CAUSES, THERAPEUTIC DRUG MONITORING AND MICROBIOTA - A REVIEW",2020,APPLIED ECOLOGY AND ENVIRONMENTAL RESEARCH,10.15666/aeer/1804_55055525,-1,"cancer, cell, treatment, patients, microbiota, immune, gut, therapy, disease, resistance"
Washed microbiota transplantation stopped recurrent sepsis in a patient with myelofibrosis: a case report,2024,GUT PATHOGENS,10.1186/s13099-024-00660-6,-1,"cancer, cell, treatment, patients, microbiota, immune, gut, therapy, disease, resistance"
"Indoleamine 2,3-dioxygenase 1 (IDO1) inhibitors and PROTAC-based degraders for cancer therapy",2022,EUROPEAN JOURNAL OF MEDICINAL CHEMISTRY,10.1016/j.ejmech.2021.113967,2,"cancer, tumor, immune, cell, resistance, pd, immunotherapy, checkpoint, drug, immune checkpoint"
"Unraveling the Anti-Cancer Mechanisms of Antibiotics: Current Insights, Controversies, and Future Perspectives",2025,ANTIBIOTICS-BASEL,10.3390/antibiotics14010009,2,"cancer, tumor, immune, cell, resistance, pd, immunotherapy, checkpoint, drug, immune checkpoint"
Recent advances in gut microbiota metabolite regulation of hepatic pregnane X receptor,2025,FRONTIERS IN IMMUNOLOGY,10.3389/fimmu.2025.1692684,6,"liver, bile, acid, protein, transporter, drug, bile acid, metabolism, transporters, ba"
Natural Compounds as Potential Therapeutics for Pancreatic Cancer: A Narrative Review,2025,CURRENT DRUG METABOLISM,10.2174/0113892002393013250812093213,3,"pancreatic, pancreatic cancer, pdac, cancer, ductal, adenocarcinoma, tumor, gemcitabine, pancreatic ductal, resistance"
Innovative Bacterial Therapies and Genetic Engineering Approaches in Colorectal Cancer: A Review of Emerging Strategies and Clinical Implications,2024,JOURNAL OF MICROBIOLOGY AND BIOTECHNOLOGY,10.4014/jmb.2408.08026,1,"crc, colorectal, cancer, colorectal cancer, nucleatum, tumor, cells, microbiota, cell, resistance"
Tumor immunotherapy resistance: Revealing the mechanism of PD-1 / PD-L1-mediated tumor immune escape,2024,BIOMEDICINE & PHARMACOTHERAPY,10.1016/j.biopha.2024.116203,2,"cancer, tumor, immune, cell, resistance, pd, immunotherapy, checkpoint, drug, immune checkpoint"
"Insights into the role of gut and intratumor microbiota in pancreatic ductal adenocarcinoma as new key players in preventive, diagnostic and therapeutic perspective",2022,SEMINARS IN CANCER BIOLOGY,10.1016/j.semcancer.2021.11.007,0,"microbiota, gut, cancer, microbiome, immune, immunotherapy, gut microbiota, tumor, patients, treatment"
Advances in Engineered Phages for Disease Treatment,2025,SMALL METHODS,10.1002/smtd.202401611,4,"infection, infections, drug, resistant, aeruginosa, bacterial, phage, tb, mdr, animal"
Molecular Alterations in Gastric Intestinal Metaplasia Shed Light on Alteration of Methionine Metabolism: Insight into New Diagnostic and Treatment Approaches,2025,BIOMEDICINES,10.3390/biomedicines13040964,1,"crc, colorectal, cancer, colorectal cancer, nucleatum, tumor, cells, microbiota, cell, resistance"
Higher amoebic and metronidazole resistant forms of Blastocystis sp. seen in schizophrenic patients,2022,PARASITES & VECTORS,10.1186/s13071-022-05418-0,4,"infection, infections, drug, resistant, aeruginosa, bacterial, phage, tb, mdr, animal"
Tryptophan Metabolism as a Pharmacological Target,2021,TRENDS IN PHARMACOLOGICAL SCIENCES,10.1016/j.tips.2020.11.006,6,"liver, bile, acid, protein, transporter, drug, bile acid, metabolism, transporters, ba"
Bacterial Quorum Sensing: A Double-Edged Sword in Cancer Development,2025,ADVANCED BIOLOGY,10.1002/adbi.202500023,-1,"cancer, cell, treatment, patients, microbiota, immune, gut, therapy, disease, resistance"
The Pathogenicity of Fusobacterium nucleatum Modulated by Dietary Fibers-A Possible Missing Link between the Dietary Composition and the Risk of Colorectal Cancer,2023,MICROORGANISMS,10.3390/microorganisms11082004,1,"crc, colorectal, cancer, colorectal cancer, nucleatum, tumor, cells, microbiota, cell, resistance"
Fungal Dysbiosis Aggravates Pouchitis in a Rat Model of Ileal Pouch Anal Anastomosis,2020,INFLAMMATORY BOWEL DISEASES,10.1093/ibd/izaa111,8,"colitis, ulcerative, ulcerative colitis, uc, disease, treatment, inflammatory, patients, pouch, therapy"
"Natural-Derived Polysaccharides From Plants, Mushrooms, and Seaweeds for the Treatment of Inflammatory Bowel Disease",2021,FRONTIERS IN PHARMACOLOGY,10.3389/fphar.2021.651813,7,"ibd, disease, inflammatory, bowel, inflammatory bowel, bowel disease, colitis, crohn, crohn disease, intestinal"
Elucidating cellular origins and TME dynamic evolution in NSCLC through multi-omics technologies,2025,BIOCHIMICA ET BIOPHYSICA ACTA-REVIEWS ON CANCER,10.1016/j.bbcan.2025.189425,2,"cancer, tumor, immune, cell, resistance, pd, immunotherapy, checkpoint, drug, immune checkpoint"
The crosstalk between MiRNAs and autophagy in leukemia: mechanisms and therapeutic insights,2025,DISCOVER ONCOLOGY,10.1007/s12672-025-03686-7,-1,"cancer, cell, treatment, patients, microbiota, immune, gut, therapy, disease, resistance"
Inflammation: the incubator of the tumor microenvironment,2022,TRENDS IN CANCER,10.1016/j.trecan.2022.07.002,0,"microbiota, gut, cancer, microbiome, immune, immunotherapy, gut microbiota, tumor, patients, treatment"
The Hippo Pathway Effectors YAP/TAZ-TEAD Oncoproteins as Emerging Therapeutic Targets in the Tumor Microenvironment,2023,CANCERS,10.3390/cancers15133468,2,"cancer, tumor, immune, cell, resistance, pd, immunotherapy, checkpoint, drug, immune checkpoint"
Tumor-Targeting Nanoassembly for Enhanced Colorectal Cancer Therapy by Eliminating Intratumoral Fusobacterium nucleatum,2023,ACS APPLIED MATERIALS & INTERFACES,10.1021/acsami.3c01210,1,"crc, colorectal, cancer, colorectal cancer, nucleatum, tumor, cells, microbiota, cell, resistance"
Butyrate-mediated acquisition of chemoresistance by human colon cancer cells,2016,ONCOLOGY REPORTS,10.3892/or.2016.4838,1,"crc, colorectal, cancer, colorectal cancer, nucleatum, tumor, cells, microbiota, cell, resistance"
Refractory psoriatic arthritis: emerging concepts in whole process management,2025,CLINICAL RHEUMATOLOGY,10.1007/s10067-024-07267-x,6,"liver, bile, acid, protein, transporter, drug, bile acid, metabolism, transporters, ba"
Application prospects of ferroptosis in colorectal cancer,2025,CANCER CELL INTERNATIONAL,10.1186/s12935-025-03641-0,1,"crc, colorectal, cancer, colorectal cancer, nucleatum, tumor, cells, microbiota, cell, resistance"
A combination of PD-1/PD-L1 inhibitors: The prospect of overcoming the weakness of tumor immunotherapy,2021,MOLECULAR MEDICINE REPORTS,10.3892/mmr.2021.12001,2,"cancer, tumor, immune, cell, resistance, pd, immunotherapy, checkpoint, drug, immune checkpoint"
A tumor microenvironment-specific gene expression signature predicts chemotherapy resistance in colorectal cancer patients,2021,NPJ PRECISION ONCOLOGY,10.1038/s41698-021-00142-x,1,"crc, colorectal, cancer, colorectal cancer, nucleatum, tumor, cells, microbiota, cell, resistance"
CAR-T therapy dilemma and innovative design strategies for next generation,2025,CELL DEATH & DISEASE,10.1038/s41419-025-07454-x,-1,"cancer, cell, treatment, patients, microbiota, immune, gut, therapy, disease, resistance"
Therapeutic implications of bioactive sphingolipids: A focus on colorectal cancer,2017,CANCER BIOLOGY & THERAPY,10.1080/15384047.2017.1345396,1,"crc, colorectal, cancer, colorectal cancer, nucleatum, tumor, cells, microbiota, cell, resistance"
Role of the intratumoral microbiome in tumor progression and therapeutics implications,2023,BIOCHIMICA ET BIOPHYSICA ACTA-REVIEWS ON CANCER,10.1016/j.bbcan.2023.189014,0,"microbiota, gut, cancer, microbiome, immune, immunotherapy, gut microbiota, tumor, patients, treatment"
Decoding the role of intratumoral microbiota in gastric cancer,2025,BIOCHIMICA ET BIOPHYSICA ACTA-REVIEWS ON CANCER,10.1016/j.bbcan.2025.189355,1,"crc, colorectal, cancer, colorectal cancer, nucleatum, tumor, cells, microbiota, cell, resistance"
Clearing intratumoral bacteria to augment tumor-therapeutic response by engineering antimicrobial dendritic mesoporous silica nanomedicine,2023,NANO TODAY,10.1016/j.nantod.2023.101994,1,"crc, colorectal, cancer, colorectal cancer, nucleatum, tumor, cells, microbiota, cell, resistance"
Investigational Microbiological Therapy for Glioma,2022,CANCERS,10.3390/cancers14235977,0,"microbiota, gut, cancer, microbiome, immune, immunotherapy, gut microbiota, tumor, patients, treatment"
Metformin abrogates Fusobacterium nucleatum-induced chemoresistance in colorectal cancer by inhibiting miR-361-5p/sonic hedgehog signaling-regulated stemness,2023,BRITISH JOURNAL OF CANCER,10.1038/s41416-022-02044-6,1,"crc, colorectal, cancer, colorectal cancer, nucleatum, tumor, cells, microbiota, cell, resistance"
Impact of broad-spectrum antibiotic exposures and multidrug-resistant gram-negative bacteremia on hematopoietic cell transplantation outcomes,2021,TRANSPLANT INFECTIOUS DISEASE,10.1111/tid.13717,10,"transplantation, gvhd, graft, graft versus, versus, versus host, acute, cell transplantation, host disease, agvhd"
The microbiome-immune cell interaction network: Advancing tumor immunotherapy,2025,SEMINARS IN CANCER BIOLOGY,10.1016/j.semcancer.2025.06.009,0,"microbiota, gut, cancer, microbiome, immune, immunotherapy, gut microbiota, tumor, patients, treatment"
The application of AI-driven and engineered intratumoral microbes in cancer therapy,2025,JOURNAL OF TRANSLATIONAL MEDICINE,10.1186/s12967-025-07546-4,0,"microbiota, gut, cancer, microbiome, immune, immunotherapy, gut microbiota, tumor, patients, treatment"
Implications of the microbiome in the development and treatment of pancreatic cancer: Thinking outside of the box by looking inside the gut,2021,NEOPLASIA,10.1016/j.neo.2020.12.008,3,"pancreatic, pancreatic cancer, pdac, cancer, ductal, adenocarcinoma, tumor, gemcitabine, pancreatic ductal, resistance"
Unraveling the role of cancer-associated fibroblasts in colorectal cancer,2024,WORLD JOURNAL OF GASTROINTESTINAL ONCOLOGY,10.4251/wjgo.v16.i12.4565,1,"crc, colorectal, cancer, colorectal cancer, nucleatum, tumor, cells, microbiota, cell, resistance"
"Vanillin Has Potent Antibacterial, Antioxidant, and Anti-Inflammatory Activities In Vitro and in Mouse Colitis Induced by Multidrug-Resistant Escherichia coli",2024,ANTIOXIDANTS,10.3390/antiox13121544,4,"infection, infections, drug, resistant, aeruginosa, bacterial, phage, tb, mdr, animal"
Exploring the phototherapy modalities and dosages for an ingestible light-emitting diode capsule to eliminate Helicobacter pylori infection,2025,JOURNAL OF PHOTOCHEMISTRY AND PHOTOBIOLOGY B-BIOLOGY,10.1016/j.jphotobiol.2025.113155,-1,"cancer, cell, treatment, patients, microbiota, immune, gut, therapy, disease, resistance"
Desulfovibrio desulfuricans and its derived metabolites confer resistance to FOLFOX through METTL3,2024,EBIOMEDICINE,10.1016/j.ebiom.2024.105041,-1,"cancer, cell, treatment, patients, microbiota, immune, gut, therapy, disease, resistance"
Multi-omics perspectives for gastrointestinal malignancy: A systematic review,2025,WORLD JOURNAL OF GASTROINTESTINAL SURGERY,10.4240/wjgs.v17.i7.107110,1,"crc, colorectal, cancer, colorectal cancer, nucleatum, tumor, cells, microbiota, cell, resistance"
Genetically Engineered Bacteria as a Promising Therapeutic Strategy Against Cancer: A Comprehensive Review,2025,BIOTECHNOLOGY AND APPLIED BIOCHEMISTRY,10.1002/bab.2738,0,"microbiota, gut, cancer, microbiome, immune, immunotherapy, gut microbiota, tumor, patients, treatment"
Prediction of Pathogenic Factors in Dysbiotic Gut Microbiomes of Colorectal Cancer Patients Using Reverse Microbiomics,2022,FRONTIERS IN ONCOLOGY,10.3389/fonc.2022.882874,1,"crc, colorectal, cancer, colorectal cancer, nucleatum, tumor, cells, microbiota, cell, resistance"
Advances in the role of baicalin and baicalein in colon cancer: mechanisms and therapeutic potential,2025,DISCOVER ONCOLOGY,10.1007/s12672-025-02719-5,1,"crc, colorectal, cancer, colorectal cancer, nucleatum, tumor, cells, microbiota, cell, resistance"
New insights and options into the mechanisms and effects of combined targeted therapy and immunotherapy in prostate cancer,2023,MOLECULAR THERAPY ONCOLYTICS,10.1016/j.omto.2023.04.007,2,"cancer, tumor, immune, cell, resistance, pd, immunotherapy, checkpoint, drug, immune checkpoint"
Lung microbiome in children with hematological malignancies and lower respiratory tract infections,2022,FRONTIERS IN ONCOLOGY,10.3389/fonc.2022.932709,-1,"cancer, cell, treatment, patients, microbiota, immune, gut, therapy, disease, resistance"
"Microbial and Metabolic Disorders in Cervical Cancer: Structural Insights, Biomarkers, Mechanisms, and Therapeutic Strategies",2025,CANCER SCIENCE,10.1111/cas.70201,-1,"cancer, cell, treatment, patients, microbiota, immune, gut, therapy, disease, resistance"
Targeting Intratumoral Bacteria for Cancer Treatment,2025,SMALL,10.1002/smll.202505651,0,"microbiota, gut, cancer, microbiome, immune, immunotherapy, gut microbiota, tumor, patients, treatment"
The Regulatory Network of MicroRNA in the Metabolism of Colorectal Cancer,2021,JOURNAL OF CANCER,10.7150/jca.61618,1,"crc, colorectal, cancer, colorectal cancer, nucleatum, tumor, cells, microbiota, cell, resistance"
New insights into the antimicrobial action and protective therapeutic effect of tirapazamine towards Escherichia coli- infected mice,2023,INTERNATIONAL JOURNAL OF ANTIMICROBIAL AGENTS,10.1016/j.ijantimicag.2023.106923,4,"infection, infections, drug, resistant, aeruginosa, bacterial, phage, tb, mdr, animal"
TPL Inhibits the Invasion and Migration of Drug-Resistant Ovarian Cancer by Targeting the PI3K/AKT/NF-κB-Signaling Pathway to Inhibit the Polarization of M2 TAMs,2021,FRONTIERS IN ONCOLOGY,10.3389/fonc.2021.704001,2,"cancer, tumor, immune, cell, resistance, pd, immunotherapy, checkpoint, drug, immune checkpoint"
Aryl hydrocarbon receptor (AhR) and pregnane X receptor (PXR) play both distinct and common roles in the regulation of colon homeostasis and intestinal carcinogenesis,2023,BIOCHEMICAL PHARMACOLOGY,10.1016/j.bcp.2023.115797,6,"liver, bile, acid, protein, transporter, drug, bile acid, metabolism, transporters, ba"
"Microbial Metabolite, Macro Impact: Urolithin A in the Nexus of Insulin Resistance and Colorectal Tumorigenesis",2025,NUTRIENTS,10.3390/nu17233712,-1,"cancer, cell, treatment, patients, microbiota, immune, gut, therapy, disease, resistance"
Acquired resistance to immunotherapy in solid tumors,2025,TRENDS IN MOLECULAR MEDICINE,10.1016/j.molmed.2025.03.010,2,"cancer, tumor, immune, cell, resistance, pd, immunotherapy, checkpoint, drug, immune checkpoint"
Cancer chemoprevention through dietary flavonoids: what's limiting?,2017,CHINESE JOURNAL OF CANCER,10.1186/s40880-017-0217-4,1,"crc, colorectal, cancer, colorectal cancer, nucleatum, tumor, cells, microbiota, cell, resistance"
"Fusobacteriumnucleatum: Pathophysiological and Clinical Involvement in Inflammatory Bowel Diseases, Colorectal Cancer and Cardiovascular Diseases",2025,CANCERS,10.3390/cancers17203348,1,"crc, colorectal, cancer, colorectal cancer, nucleatum, tumor, cells, microbiota, cell, resistance"
Modulation of the Tumor Microenvironment by Microbiota-Derived Short-Chain Fatty Acids: Impact in Colorectal Cancer Therapy,2023,INTERNATIONAL JOURNAL OF MOLECULAR SCIENCES,10.3390/ijms24065069,1,"crc, colorectal, cancer, colorectal cancer, nucleatum, tumor, cells, microbiota, cell, resistance"
"Probiotic Mixture Attenuates Colorectal Tumorigenesis in Murine AOM/DSS Model by Suppressing STAT3, Inducing Apoptotic p53 and Modulating Gut Microbiota",2025,PROBIOTICS AND ANTIMICROBIAL PROTEINS,10.1007/s12602-024-10405-1,1,"crc, colorectal, cancer, colorectal cancer, nucleatum, tumor, cells, microbiota, cell, resistance"
"Molecular Frontiers in Melanoma: Pathogenesis, Diagnosis, and Therapeutic Advances",2024,INTERNATIONAL JOURNAL OF MOLECULAR SCIENCES,10.3390/ijms25052984,-1,"cancer, cell, treatment, patients, microbiota, immune, gut, therapy, disease, resistance"
Assessing Diversity Scaling in Lung Cancer Microbiome Across Individuals and Tissue Types,2025,MICROBIOLOGYOPEN,10.1002/mbo3.70036,0,"microbiota, gut, cancer, microbiome, immune, immunotherapy, gut microbiota, tumor, patients, treatment"
Exploiting bacteria for cancer immunotherapy,2024,NATURE REVIEWS CLINICAL ONCOLOGY,10.1038/s41571-024-00908-9,0,"microbiota, gut, cancer, microbiome, immune, immunotherapy, gut microbiota, tumor, patients, treatment"
The Hidden Cost of Modern Medical Interventions: How Medical Advances Have Shaped the Prevalence of Human Fungal Disease,2019,PATHOGENS,10.3390/pathogens8020045,4,"infection, infections, drug, resistant, aeruginosa, bacterial, phage, tb, mdr, animal"
Revisiting berberine for the prevention and treatment of Fusobacterium nucleatum-induced colorectal cancer from a dynamic perspective,2025,FRONTIERS IN MICROBIOLOGY,10.3389/fmicb.2025.1637272,1,"crc, colorectal, cancer, colorectal cancer, nucleatum, tumor, cells, microbiota, cell, resistance"
The Kynurenine Pathway and Indole Pathway in Tryptophan Metabolism Influence Tumor Progression,2025,CANCER MEDICINE,10.1002/cam4.70703,-1,"cancer, cell, treatment, patients, microbiota, immune, gut, therapy, disease, resistance"
Organosulfur Compounds in Colorectal Cancer Prevention and Progression,2024,NUTRIENTS,10.3390/nu16060802,1,"crc, colorectal, cancer, colorectal cancer, nucleatum, tumor, cells, microbiota, cell, resistance"
Enhancement of 5-fluorouracil efficacy in colorectal cancer cells through thymidylate synthase inhibition by sodium propionate,2025,IN VITRO CELLULAR & DEVELOPMENTAL BIOLOGY-ANIMAL,10.1007/s11626-025-01058-7,1,"crc, colorectal, cancer, colorectal cancer, nucleatum, tumor, cells, microbiota, cell, resistance"
"Tumor microbiome: Pancreatic cancer and duodenal fluids contain multitudes, ...but do they contradict themselves?",2019,CRITICAL REVIEWS IN ONCOLOGY HEMATOLOGY,10.1016/j.critrevonc.2019.102824,3,"pancreatic, pancreatic cancer, pdac, cancer, ductal, adenocarcinoma, tumor, gemcitabine, pancreatic ductal, resistance"
Microenvironmental ammonia enhances T cell exhaustion in colorectal cancer,2023,CELL METABOLISM,10.1016/j.cmet.2022.11.013,1,"crc, colorectal, cancer, colorectal cancer, nucleatum, tumor, cells, microbiota, cell, resistance"
Lactobacillus rhamnosus HN001 facilitates the efficacy of dual PI3K/mTOR inhibition prolonging cardiac transplant survival and enhancing antitumor effect,2024,MICROBIOLOGY SPECTRUM,10.1128/spectrum.01839-23,10,"transplantation, gvhd, graft, graft versus, versus, versus host, acute, cell transplantation, host disease, agvhd"
Lipid metabolic reprogramming in colorectal cancer: mechanisms and therapeutic strategies,2025,FRONTIERS IN IMMUNOLOGY,10.3389/fimmu.2025.1603032,1,"crc, colorectal, cancer, colorectal cancer, nucleatum, tumor, cells, microbiota, cell, resistance"
New Therapeutic Challenges in Pediatric Gastroenterology: A Narrative Review,2025,HEALTHCARE,10.3390/healthcare13080923,-1,"cancer, cell, treatment, patients, microbiota, immune, gut, therapy, disease, resistance"
The Ambivalent Nature of Bacteroides fragilis and the Interaction with Clostridioides difficile: Benefits and Disadvantages for the Human Host,2025,TOXINS,10.3390/toxins17100513,4,"infection, infections, drug, resistant, aeruginosa, bacterial, phage, tb, mdr, animal"
Existence and distribution of the microbiome in tumour tissues of children with hepatoblastoma,2024,HELIYON,10.1016/j.heliyon.2024.e39547,-1,"cancer, cell, treatment, patients, microbiota, immune, gut, therapy, disease, resistance"
Multidimensional differences of right- and left-sided colorectal cancer and their impact on targeted therapies,2025,NPJ PRECISION ONCOLOGY,10.1038/s41698-025-00892-y,1,"crc, colorectal, cancer, colorectal cancer, nucleatum, tumor, cells, microbiota, cell, resistance"
Relationship between Helicobacter pylori infection and gastrointestinal microecology,2022,FRONTIERS IN CELLULAR AND INFECTION MICROBIOLOGY,10.3389/fcimb.2022.938608,-1,"cancer, cell, treatment, patients, microbiota, immune, gut, therapy, disease, resistance"
PreTA-mediated metabolism of 5-fluorouracil by intratumoral Citrobacter freundii drives chemoresistance in pancreatic cancer,2025,CELL REPORTS,10.1016/j.celrep.2025.116473,3,"pancreatic, pancreatic cancer, pdac, cancer, ductal, adenocarcinoma, tumor, gemcitabine, pancreatic ductal, resistance"
Short-Term Surveillance of Cytokines and C-Reactive Protein Cannot Predict Efficacy of Fecal Microbiota Transplantation for Ulcerative Colitis,2016,PLOS ONE,10.1371/journal.pone.0158227,5,"fmt, difficile, transplantation, fecal, cdi, microbiota transplantation, fecal microbiota, microbiota, treatment, infection"
Deciphering the role of Enterococcus faecium cytidine deaminase in gemcitabine resistance of gallbladder cancer,2024,JOURNAL OF BIOLOGICAL CHEMISTRY,10.1016/j.jbc.2024.107171,3,"pancreatic, pancreatic cancer, pdac, cancer, ductal, adenocarcinoma, tumor, gemcitabine, pancreatic ductal, resistance"
"PRIMMO study protocol: a phase II study combining PD-1 blockade, radiation and immunomodulation to tackle cervical and uterine cancer",2019,BMC CANCER,10.1186/s12885-019-5676-3,2,"cancer, tumor, immune, cell, resistance, pd, immunotherapy, checkpoint, drug, immune checkpoint"
Breast cancer and neurotransmitters: emerging insights on mechanisms and therapeutic directions,2023,ONCOGENE,10.1038/s41388-022-02584-4,2,"cancer, tumor, immune, cell, resistance, pd, immunotherapy, checkpoint, drug, immune checkpoint"
Single-cell RNA sequencing analysis reveals the distinct features of colorectal cancer with or without Fusobacterium nucleatum infection in PD-L1 blockade therapy,2024,HELIYON,10.1016/j.heliyon.2024.e37511,1,"crc, colorectal, cancer, colorectal cancer, nucleatum, tumor, cells, microbiota, cell, resistance"
BCG therapy in bladder cancer and its tumor microenvironment interactions,2025,CLINICAL MICROBIOLOGY REVIEWS,10.1128/cmr.00212-24,-1,"cancer, cell, treatment, patients, microbiota, immune, gut, therapy, disease, resistance"
In vivo relevant mixed urolithins and ellagic acid inhibit phenotypic and molecular colon cancer stem cell features: A new potentiality for ellagitannin metabolites against cancer,2016,FOOD AND CHEMICAL TOXICOLOGY,10.1016/j.fct.2016.03.011,1,"crc, colorectal, cancer, colorectal cancer, nucleatum, tumor, cells, microbiota, cell, resistance"
La asociaci?n entre Fusobacterium nucleatum y el c?ncer colorrectal: una revisi?n sistem?tica y metaan?lisis,2022,ENFERMEDADES INFECCIOSAS Y MICROBIOLOGIA CLINICA,10.1016/j.eimc.2021.01.005,1,"crc, colorectal, cancer, colorectal cancer, nucleatum, tumor, cells, microbiota, cell, resistance"
"The good, the (not so) bad and the ugly of immune homeostasis in melanoma",2018,IMMUNOLOGY AND CELL BIOLOGY,10.1111/imcb.12001,-1,"cancer, cell, treatment, patients, microbiota, immune, gut, therapy, disease, resistance"
miR-135b Aggravates Fusobacterium nucleatum-Induced Cisplatin Resistance in Colorectal Cancer by Targeting KLF13,2024,JOURNAL OF MICROBIOLOGY,10.1007/s12275-023-00100-1,1,"crc, colorectal, cancer, colorectal cancer, nucleatum, tumor, cells, microbiota, cell, resistance"
Glucose metabolism and tumour microenvironment in pancreatic cancer: A key link in cancer progression,2022,FRONTIERS IN IMMUNOLOGY,10.3389/fimmu.2022.1038650,3,"pancreatic, pancreatic cancer, pdac, cancer, ductal, adenocarcinoma, tumor, gemcitabine, pancreatic ductal, resistance"
Targeting the Tumor Microenvironment in Radiation Oncology: Proceedings from the 2018 ASTRO-AACR Research Workshop,2019,CLINICAL CANCER RESEARCH,10.1158/1078-0432.CCR-18-3781,2,"cancer, tumor, immune, cell, resistance, pd, immunotherapy, checkpoint, drug, immune checkpoint"
Intratumoral Fusobacterium Nucleatum Levels Predict Therapeutic Response to Neoadjuvant Chemotherapy in Esophageal Squamous Cell Carcinoma,2019,CLINICAL CANCER RESEARCH,10.1158/1078-0432.CCR-19-0318,1,"crc, colorectal, cancer, colorectal cancer, nucleatum, tumor, cells, microbiota, cell, resistance"
"Phage Therapy in Managing Multidrug-Resistant (MDR) Infections in Cancer Therapy: Innovations, Complications, and Future Directions",2025,PHARMACEUTICS,10.3390/pharmaceutics17070820,4,"infection, infections, drug, resistant, aeruginosa, bacterial, phage, tb, mdr, animal"
Potential of lactylation as a therapeutic target in cancer treatment (Review),2025,MOLECULAR MEDICINE REPORTS,10.3892/mmr.2025.13456,-1,"cancer, cell, treatment, patients, microbiota, immune, gut, therapy, disease, resistance"
The Host-Microbiome Response to Hyperbaric Oxygen Therapy in Ulcerative Colitis Patients,2022,CELLULAR AND MOLECULAR GASTROENTEROLOGY AND HEPATOLOGY,10.1016/j.jcmgh.2022.03.008,-1,"cancer, cell, treatment, patients, microbiota, immune, gut, therapy, disease, resistance"
Two years in IGF research,2016,GROWTH HORMONE & IGF RESEARCH,10.1016/j.ghir.2016.09.006,-1,"cancer, cell, treatment, patients, microbiota, immune, gut, therapy, disease, resistance"
Lactate drives cellular DNA repair capacity: Role of lactate and related short-chain fatty acids in cervical cancer chemoresistance and viral infection,2022,FRONTIERS IN CELL AND DEVELOPMENTAL BIOLOGY,10.3389/fcell.2022.1012254,-1,"cancer, cell, treatment, patients, microbiota, immune, gut, therapy, disease, resistance"
Dendritic cell vaccines targeting tumor blood vessel antigens in combination with dasatinib induce therapeutic immune responses in patients with checkpoint-refractory advanced melanoma,2021,JOURNAL FOR IMMUNOTHERAPY OF CANCER,10.1136/jitc-2021-003675,2,"cancer, tumor, immune, cell, resistance, pd, immunotherapy, checkpoint, drug, immune checkpoint"
Redox-responsive nanodrug enhances cascaded chemo-immunotherapy via tandem chemoresistant microbiome depletion and efferocytosis blockade,2025,CHEMICAL ENGINEERING JOURNAL,10.1016/j.cej.2025.168657,1,"crc, colorectal, cancer, colorectal cancer, nucleatum, tumor, cells, microbiota, cell, resistance"
Management of the Elderly Inflammatory Bowel Disease Patient,2020,DIGESTION,10.1159/000503099,7,"ibd, disease, inflammatory, bowel, inflammatory bowel, bowel disease, colitis, crohn, crohn disease, intestinal"
"Daikenchuto, a Japanese herbal medicine, ameliorates experimental colitis in a murine model by inducing secretory leukocyte protease inhibitor and modulating the gut microbiota",2024,FRONTIERS IN IMMUNOLOGY,10.3389/fimmu.2024.1457562,7,"ibd, disease, inflammatory, bowel, inflammatory bowel, bowel disease, colitis, crohn, crohn disease, intestinal"
Modulation of NF-κB pathway in cancer therapy by sodium butyrate and Isoproterenol,2025,MOLECULAR BIOLOGY REPORTS,10.1007/s11033-025-11047-4,2,"cancer, tumor, immune, cell, resistance, pd, immunotherapy, checkpoint, drug, immune checkpoint"
Current evidence for Banxia Xiexin decoction in gastrointestinal tumors and future research perspectives,2025,JOURNAL OF ETHNOPHARMACOLOGY,10.1016/j.jep.2025.119972,-1,"cancer, cell, treatment, patients, microbiota, immune, gut, therapy, disease, resistance"
"Potential tools for predicting response to chemotherapy in OC: Assessment of immune dysbiosis, participant's self-rated health and microbial dynamics",2024,JOURNAL OF REPRODUCTIVE IMMUNOLOGY,10.1016/j.jri.2024.104241,-1,"cancer, cell, treatment, patients, microbiota, immune, gut, therapy, disease, resistance"
Helicobacter pylori-Induced Changes in Gastric Acid Secretion and Upper Gastrointestinal Disease,2017,MOLECULAR PATHOGENESIS AND SIGNAL TRANSDUCTION BY HELICOBACTER PYLORI,10.1007/978-3-319-50520-6_10,-1,"cancer, cell, treatment, patients, microbiota, immune, gut, therapy, disease, resistance"
p-Cymene and pachymic acid alleviate adalimumab-resistance cell line inflammatory response via inhibiting PI3K/AKT/mTOR signaling pathway,2024,EUROPEAN JOURNAL OF INFLAMMATION,10.1177/1721727X241260258,7,"ibd, disease, inflammatory, bowel, inflammatory bowel, bowel disease, colitis, crohn, crohn disease, intestinal"
Celiac disease: a comprehensive current review,2019,BMC MEDICINE,10.1186/s12916-019-1380-z,8,"colitis, ulcerative, ulcerative colitis, uc, disease, treatment, inflammatory, patients, pouch, therapy"
The onco-immunological implications of Fusobacterium nucleatum in breast cancer,2021,IMMUNOLOGY LETTERS,10.1016/j.imlet.2021.02.007,1,"crc, colorectal, cancer, colorectal cancer, nucleatum, tumor, cells, microbiota, cell, resistance"
The microbiome of pancreatic cancer: from molecular diagnostics to new therapeutic approaches to overcome chemoresistance caused by metabolic inactivation of gemcitabine,2018,EXPERT REVIEW OF MOLECULAR DIAGNOSTICS,10.1080/14737159.2018.1544495,3,"pancreatic, pancreatic cancer, pdac, cancer, ductal, adenocarcinoma, tumor, gemcitabine, pancreatic ductal, resistance"
Intratumor microbiome-derived butyrate enhances progesterone sensitivity by inducing ferroptosis in endometrial cancer,2025,PHARMACOLOGICAL RESEARCH,10.1016/j.phrs.2025.107902,-1,"cancer, cell, treatment, patients, microbiota, immune, gut, therapy, disease, resistance"
Bile Microbiome Signatures Associated with Pancreatic Ductal Adenocarcinoma Compared to Benign Disease: A UK Pilot Study,2023,INTERNATIONAL JOURNAL OF MOLECULAR SCIENCES,10.3390/ijms242316888,3,"pancreatic, pancreatic cancer, pdac, cancer, ductal, adenocarcinoma, tumor, gemcitabine, pancreatic ductal, resistance"
Recurrent Clostridium difficile infection is associated with treatment failure and prolonged illness in cancer patients,2019,EUROPEAN JOURNAL OF GASTROENTEROLOGY & HEPATOLOGY,10.1097/MEG.0000000000001288,5,"fmt, difficile, transplantation, fecal, cdi, microbiota transplantation, fecal microbiota, microbiota, treatment, infection"
Small Extracellular Vesicles: Key Forces Mediating the Development and Metastasis of Colorectal Cancer,2022,CELLS,10.3390/cells11111780,1,"crc, colorectal, cancer, colorectal cancer, nucleatum, tumor, cells, microbiota, cell, resistance"
Advances in the management of complications from cirrhosis,2024,GASTROENTEROLOGY REPORT,10.1093/gastro/goae072,9,"hcc, liver, hepatocellular, carcinoma, hepatocellular carcinoma, tumor, immune, sorafenib, resistance, immunotherapy"
MYC Oncogene: A Druggable Target for Treating Cancers with Natural Products,2024,AGING AND DISEASE,10.14336/AD.2023.0520,2,"cancer, tumor, immune, cell, resistance, pd, immunotherapy, checkpoint, drug, immune checkpoint"
Helicobacter pylori Infection and Gastric Dysbiosis: Can Probiotics Administration Be Useful to Treat This Condition?,2018,CANADIAN JOURNAL OF INFECTIOUS DISEASES & MEDICAL MICROBIOLOGY,10.1155/2018/6237239,-1,"cancer, cell, treatment, patients, microbiota, immune, gut, therapy, disease, resistance"
Metabonomics and the Gut Microbiome Associated With Primary Response to Anti-TNF Therapy in Crohn's Disease,2020,JOURNAL OF CROHNS & COLITIS,10.1093/ecco-jcc/jjaa039,-1,"cancer, cell, treatment, patients, microbiota, immune, gut, therapy, disease, resistance"
The colorectal cancer-specific microbiome regulation and immune response activation via an artificial biomimetic nanovaccine,2023,CHEMICAL ENGINEERING JOURNAL,10.1016/j.cej.2023.141982,0,"microbiota, gut, cancer, microbiome, immune, immunotherapy, gut microbiota, tumor, patients, treatment"
Evolved bacterial resistance to the chemotherapy gemcitabine modulates its efficacy in co-cultured cancer cells,2023,ELIFE,10.7554/eLife.83140,3,"pancreatic, pancreatic cancer, pdac, cancer, ductal, adenocarcinoma, tumor, gemcitabine, pancreatic ductal, resistance"
Three-dimensional heterotypic colorectal cancer spheroid models for evaluation of drug response,2023,FRONTIERS IN ONCOLOGY,10.3389/fonc.2023.1148930,1,"crc, colorectal, cancer, colorectal cancer, nucleatum, tumor, cells, microbiota, cell, resistance"
"Obesity, the Adipose Organ and Cancer in Humans: Association or Causation?",2023,BIOMEDICINES,10.3390/biomedicines11051319,3,"pancreatic, pancreatic cancer, pdac, cancer, ductal, adenocarcinoma, tumor, gemcitabine, pancreatic ductal, resistance"
Erythropoietin-induced hepatocyte receptor A2 regulates effect of pyroptosis on gastrointestinal colorectal cancer occurrence and metastasis resistance,2024,WORLD JOURNAL OF GASTROINTESTINAL ONCOLOGY,10.4251/wjgo.v16.i9.3781,-1,"cancer, cell, treatment, patients, microbiota, immune, gut, therapy, disease, resistance"
Bloodstream infections epidemiology and clinical outcomes after 1 year post allogeneic hematogenous stem cell transplantation,2025,FRONTIERS IN MICROBIOLOGY,10.3389/fmicb.2025.1596900,10,"transplantation, gvhd, graft, graft versus, versus, versus host, acute, cell transplantation, host disease, agvhd"
Immunological relationship between Helicobacter pylori and anti-tumor necrosis factor α agents in inflammatory bowel disease,2024,CENTRAL EUROPEAN JOURNAL OF IMMUNOLOGY,10.5114/ceji.2024.136376,7,"ibd, disease, inflammatory, bowel, inflammatory bowel, bowel disease, colitis, crohn, crohn disease, intestinal"
Lipid accumulation inhibition strategies alleviate Fusobacterium nucleatum-infected colorectal cancer,2025,MICROBIOME,10.1186/s40168-025-02133-7,1,"crc, colorectal, cancer, colorectal cancer, nucleatum, tumor, cells, microbiota, cell, resistance"
Dihydrotanshinone I Is Effective against Drug-Resistant Helicobacter pylori In Vitro and In Vivo,2021,ANTIMICROBIAL AGENTS AND CHEMOTHERAPY,10.1128/AAC.01921-20,-1,"cancer, cell, treatment, patients, microbiota, immune, gut, therapy, disease, resistance"
Action and function of Chromobacterium violaceum in health and disease: Violacein as a promising metabolite to counteract gastroenterological diseases,2017,BEST PRACTICE & RESEARCH CLINICAL GASTROENTEROLOGY,10.1016/j.bpg.2017.10.002,4,"infection, infections, drug, resistant, aeruginosa, bacterial, phage, tb, mdr, animal"
Role of biliary stent and neoadjuvant chemotherapy in the pancreatic tumor microbiome,2021,BMC MICROBIOLOGY,10.1186/s12866-021-02339-3,3,"pancreatic, pancreatic cancer, pdac, cancer, ductal, adenocarcinoma, tumor, gemcitabine, pancreatic ductal, resistance"
CRISPR-engineered microbiome: living therapeutics revolutionize blood cancer immunotherapy,2025,NPJ BIOFILMS AND MICROBIOMES,10.1038/s41522-025-00882-9,0,"microbiota, gut, cancer, microbiome, immune, immunotherapy, gut microbiota, tumor, patients, treatment"
Targeting Inflammation in Cancer Prevention and Therapy,2016,CANCER PREVENTION RESEARCH,10.1158/1940-6207.CAPR-16-0209,2,"cancer, tumor, immune, cell, resistance, pd, immunotherapy, checkpoint, drug, immune checkpoint"
Heterogeneity of Colorectal Cancer Progression: Molecular Gas and Brakes,2021,INTERNATIONAL JOURNAL OF MOLECULAR SCIENCES,10.3390/ijms22105246,1,"crc, colorectal, cancer, colorectal cancer, nucleatum, tumor, cells, microbiota, cell, resistance"
Pancreatic Cancer and Obesity: Molecular Mechanisms of Cell Transformation and Chemoresistance,2018,INTERNATIONAL JOURNAL OF MOLECULAR SCIENCES,10.3390/ijms19113331,3,"pancreatic, pancreatic cancer, pdac, cancer, ductal, adenocarcinoma, tumor, gemcitabine, pancreatic ductal, resistance"
"Rhubarb: Traditional Uses, Phytochemistry, Multiomics-Based Novel Pharmacological and Toxicological Mechanisms",2025,DRUG DESIGN DEVELOPMENT AND THERAPY,10.2147/DDDT.S557114,-1,"cancer, cell, treatment, patients, microbiota, immune, gut, therapy, disease, resistance"
Predictors of multidrug resistant Pseudomonas aeruginosa involvement in bloodstream infections,2021,CURRENT OPINION IN INFECTIOUS DISEASES,10.1097/QCO.0000000000000768,4,"infection, infections, drug, resistant, aeruginosa, bacterial, phage, tb, mdr, animal"
"Multidimensional insights into squalene epoxidase drug development: in vitro mechanisms, in silico modeling, and in vivo implications",2025,EXPERT OPINION ON THERAPEUTIC TARGETS,10.1080/14728222.2025.2500420,-1,"cancer, cell, treatment, patients, microbiota, immune, gut, therapy, disease, resistance"
Fusobacterium nucleatum induces a tumor microenvironment with diminished adaptive immunity against colorectal cancers,2023,FRONTIERS IN CELLULAR AND INFECTION MICROBIOLOGY,10.3389/fcimb.2023.1101291,1,"crc, colorectal, cancer, colorectal cancer, nucleatum, tumor, cells, microbiota, cell, resistance"
Cytomegalovirus in ulcerative colitis: an evidence-based approach to diagnosis and treatment,2022,EXPERT REVIEW OF GASTROENTEROLOGY & HEPATOLOGY,10.1080/17474124.2022.2032662,8,"colitis, ulcerative, ulcerative colitis, uc, disease, treatment, inflammatory, patients, pouch, therapy"
Regulation and modulation of antitumor immunity in pancreatic cancer,2020,NATURE IMMUNOLOGY,10.1038/s41590-020-0761-y,3,"pancreatic, pancreatic cancer, pdac, cancer, ductal, adenocarcinoma, tumor, gemcitabine, pancreatic ductal, resistance"
Probiotic-Derived Metabolites from Lactiplantibacillus plantarum OC01 Reprogram Tumor-Associated Macrophages to an Inflammatory Anti-Tumoral Phenotype: Impact on Colorectal Cancer Cell Proliferation and Migration,2025,BIOMEDICINES,10.3390/biomedicines13020339,0,"microbiota, gut, cancer, microbiome, immune, immunotherapy, gut microbiota, tumor, patients, treatment"
Biomarker Testing for Immunotherapy,2019,JOURNAL OF THE NATIONAL COMPREHENSIVE CANCER NETWORK,10.6004/jnccn.2019.5021,2,"cancer, tumor, immune, cell, resistance, pd, immunotherapy, checkpoint, drug, immune checkpoint"
Different evasion strategies in multiple myeloma,2024,FRONTIERS IN IMMUNOLOGY,10.3389/fimmu.2024.1346211,2,"cancer, tumor, immune, cell, resistance, pd, immunotherapy, checkpoint, drug, immune checkpoint"
Inflammation and Stem Cell Stochasticity of HPV-induced Cervical Cancer: Epigenetics b ased Biomarkers through Microbiome and Metabolome for Personalized Medicine: A Systematic Review,2025,CURRENT MEDICINAL CHEMISTRY,10.2174/0109298673257429231108072717,2,"cancer, tumor, immune, cell, resistance, pd, immunotherapy, checkpoint, drug, immune checkpoint"
"Next-generation oncology: integrative therapeutic frontiers at the crossroads of precision genomics, immuno-engineering, and tumor microenvironment modulation",2025,MEDICAL ONCOLOGY,10.1007/s12032-025-03042-3,2,"cancer, tumor, immune, cell, resistance, pd, immunotherapy, checkpoint, drug, immune checkpoint"
Metabolic Alteration of MCF-7 Cells upon Indirect Exposure to E. coli Secretome: A Model of Studying the Microbiota Effect on Human Breast Tissue,2023,METABOLITES,10.3390/metabo13080938,0,"microbiota, gut, cancer, microbiome, immune, immunotherapy, gut microbiota, tumor, patients, treatment"
Pathogenesis of Hepatocellular Carcinoma: The Interplay of Apoptosis and Autophagy,2023,BIOMEDICINES,10.3390/biomedicines11041166,9,"hcc, liver, hepatocellular, carcinoma, hepatocellular carcinoma, tumor, immune, sorafenib, resistance, immunotherapy"
Mechanisms of Resistance and Treatment of Relapse after CAR T-cell Therapy for Large B-cell Lymphoma and Multiple Myeloma,2023,TRANSPLANTATION AND CELLULAR THERAPY,10.1016/j.jtct.2023.04.007,-1,"cancer, cell, treatment, patients, microbiota, immune, gut, therapy, disease, resistance"
Impact of Klebsiella pneumoniae in lower gastrointestinal tract diseases,2018,JOURNAL OF DIGESTIVE DISEASES,10.1111/1751-2980.12595,7,"ibd, disease, inflammatory, bowel, inflammatory bowel, bowel disease, colitis, crohn, crohn disease, intestinal"
"Therapy of replenishing Yin and regulating Yang for manic episode in bipolar disorder: study protocol for a prospective, double-blind, randomized controlled trial",2023,JOURNAL OF TRADITIONAL CHINESE MEDICINE,10.19852/j.cnki.jtcm.20230328.002,2,"cancer, tumor, immune, cell, resistance, pd, immunotherapy, checkpoint, drug, immune checkpoint"
Anti-cancer properties of Escherichia coil Nissle 1917 against HT-29 colon cancer cells through regulation of Bax/Bcl-xL and AKT/PTEN signaling pathways,2020,IRANIAN JOURNAL OF BASIC MEDICAL SCIENCES,10.22038/ijbms.2020.43016.10115,1,"crc, colorectal, cancer, colorectal cancer, nucleatum, tumor, cells, microbiota, cell, resistance"
Fusobacterium nucleatum Activates Endoplasmic Reticulum Stress to Promote Crohn's Disease Development via the Upregulation of CARD3 Expression,2020,FRONTIERS IN PHARMACOLOGY,10.3389/fphar.2020.00106,1,"crc, colorectal, cancer, colorectal cancer, nucleatum, tumor, cells, microbiota, cell, resistance"
Refractory Helicobacter pylori infection and the gastric microbiota,2022,FRONTIERS IN CELLULAR AND INFECTION MICROBIOLOGY,10.3389/fcimb.2022.976710,-1,"cancer, cell, treatment, patients, microbiota, immune, gut, therapy, disease, resistance"
Patient-Derived Multiple Myeloma 3D Models for Personalized Medicine-Are We There Yet?,2022,INTERNATIONAL JOURNAL OF MOLECULAR SCIENCES,10.3390/ijms232112888,2,"cancer, tumor, immune, cell, resistance, pd, immunotherapy, checkpoint, drug, immune checkpoint"
Patient-derived cancer models: Valuable platforms for anticancer drug testing,2022,FRONTIERS IN ONCOLOGY,10.3389/fonc.2022.976065,2,"cancer, tumor, immune, cell, resistance, pd, immunotherapy, checkpoint, drug, immune checkpoint"
"The Beneficial Use of Artemisia annua, Artemisinin, and Other Compounds in Animal Health",2025,ANIMALS,10.3390/ani15101359,3,"pancreatic, pancreatic cancer, pdac, cancer, ductal, adenocarcinoma, tumor, gemcitabine, pancreatic ductal, resistance"
Fusobacterium nucleatum and cancer,2022,PERIODONTOLOGY 2000,10.1111/prd.12426,1,"crc, colorectal, cancer, colorectal cancer, nucleatum, tumor, cells, microbiota, cell, resistance"
Reprogramming the tumor microenvironment to overcome immunotherapy resistance in pancreatic cancer,2025,FRONTIERS IN IMMUNOLOGY,10.3389/fimmu.2025.1717062,3,"pancreatic, pancreatic cancer, pdac, cancer, ductal, adenocarcinoma, tumor, gemcitabine, pancreatic ductal, resistance"
Effects of microplastics on chemo-resistance and tumorigenesis of colorectal cancer,2025,APOPTOSIS,10.1007/s10495-025-02085-1,1,"crc, colorectal, cancer, colorectal cancer, nucleatum, tumor, cells, microbiota, cell, resistance"
Fusobacterium nucleatum-Derived Outer Membrane Vesicles Promote Immunotherapy Resistance via Changes in Tryptophan Metabolism in Tumour-Associated Macrophages,2025,JOURNAL OF EXTRACELLULAR VESICLES,10.1002/jev2.70070,1,"crc, colorectal, cancer, colorectal cancer, nucleatum, tumor, cells, microbiota, cell, resistance"
Melatonin: A Potential Antineoplastic Agent in Breast Cancer,2022,JOURNAL OF ENVIRONMENTAL PATHOLOGY TOXICOLOGY AND ONCOLOGY,10.1615/JEnvironPatholToxicolOncol.2022041294,-1,"cancer, cell, treatment, patients, microbiota, immune, gut, therapy, disease, resistance"
Concurrent loss of LKB1 and KEAP1 enhances SHMT-mediated antioxidant defence in KRAS-mutant lung cancer,2024,NATURE METABOLISM,10.1038/s42255-024-01066-z,2,"cancer, tumor, immune, cell, resistance, pd, immunotherapy, checkpoint, drug, immune checkpoint"
Review article: the potential mechanisms of action of rifaximin in the management of inflammatory bowel diseases,2016,ALIMENTARY PHARMACOLOGY & THERAPEUTICS,10.1111/apt.13436,7,"ibd, disease, inflammatory, bowel, inflammatory bowel, bowel disease, colitis, crohn, crohn disease, intestinal"
"Role of the DEAD-box RNA helicase DDX5 (p68) in cancer DNA repair, immune suppression, cancer metabolic control, virus infection promotion, and human microbiome (microbiota) negative influence",2023,JOURNAL OF EXPERIMENTAL & CLINICAL CANCER RESEARCH,10.1186/s13046-023-02787-x,2,"cancer, tumor, immune, cell, resistance, pd, immunotherapy, checkpoint, drug, immune checkpoint"
The impact of probiotic administration in vivo on peritoneal mouse macrophages infected by Leishmania amazonensis ex vivo,2025,MEMORIAS DO INSTITUTO OSWALDO CRUZ,10.1590/0074-02760250014,4,"infection, infections, drug, resistant, aeruginosa, bacterial, phage, tb, mdr, animal"
Effects of Probiotics on Chemotherapy-induced Diarrhea,2023,NUTRITION AND CANCER-AN INTERNATIONAL JOURNAL,10.1080/01635581.2023.2267779,-1,"cancer, cell, treatment, patients, microbiota, immune, gut, therapy, disease, resistance"
A Comprehensive Exploration of Therapeutic Strategies in Inflammatory Bowel Diseases: Insights from Human and Animal Studies,2024,BIOMEDICINES,10.3390/biomedicines12040735,7,"ibd, disease, inflammatory, bowel, inflammatory bowel, bowel disease, colitis, crohn, crohn disease, intestinal"
Neutrophil-centric analysis of gastric cancer: prognostic modeling and molecular insights,2024,CELLULAR AND MOLECULAR LIFE SCIENCES,10.1007/s00018-024-05484-w,1,"crc, colorectal, cancer, colorectal cancer, nucleatum, tumor, cells, microbiota, cell, resistance"
Impact of bariatric surgery on cancer risk reduction,2020,ANNALS OF TRANSLATIONAL MEDICINE,10.21037/atm.2019.09.26,3,"pancreatic, pancreatic cancer, pdac, cancer, ductal, adenocarcinoma, tumor, gemcitabine, pancreatic ductal, resistance"
Bioactive components and delivery strategies of food-medicine homologous substances in lung cancer therapy: current advances and clinical translation,2025,FRONTIERS IN NUTRITION,10.3389/fnut.2025.1696289,-1,"cancer, cell, treatment, patients, microbiota, immune, gut, therapy, disease, resistance"
Putative probiotics decrease cell viability and enhance chemotherapy effectiveness in human cancer cells: role of butyrate and secreted proteins,2022,MICROBIOLOGICAL RESEARCH,10.1016/j.micres.2022.127012,-1,"cancer, cell, treatment, patients, microbiota, immune, gut, therapy, disease, resistance"
In Vitro Interactions of Epacadostat and its Major Metabolites with Human Efflux and Uptake Transporters: Implications for Pharmacokinetics and Drug Interactions,2017,DRUG METABOLISM AND DISPOSITION,10.1124/dmd.116.074609,6,"liver, bile, acid, protein, transporter, drug, bile acid, metabolism, transporters, ba"
Management of Perianal Fistulizing Crohn's Disease,2023,INFLAMMATORY BOWEL DISEASES,10.1093/ibd/izad195,-1,"cancer, cell, treatment, patients, microbiota, immune, gut, therapy, disease, resistance"
Microbial Signatures Associated with Oropharyngeal and Oral Squamous Cell Carcinomas,2017,SCIENTIFIC REPORTS,10.1038/s41598-017-03466-6,0,"microbiota, gut, cancer, microbiome, immune, immunotherapy, gut microbiota, tumor, patients, treatment"
Targeting the Tumor Immune Microenvironment in Triple-Negative Breast Cancer: The Promise of Polyphenols,2025,CANCERS,10.3390/cancers17172794,2,"cancer, tumor, immune, cell, resistance, pd, immunotherapy, checkpoint, drug, immune checkpoint"
Holistic immunomodulation for small cell lung cancer,2023,SEMINARS IN CANCER BIOLOGY,10.1016/j.semcancer.2022.11.012,2,"cancer, tumor, immune, cell, resistance, pd, immunotherapy, checkpoint, drug, immune checkpoint"
Probiotics for cancer alternative prevention and treatment,2020,BIOMEDICINE & PHARMACOTHERAPY,10.1016/j.biopha.2020.110409,-1,"cancer, cell, treatment, patients, microbiota, immune, gut, therapy, disease, resistance"
A potential target for the prevention and therapy of colon cancer: focused on men's clinical features,2024,JOURNAL OF MENS HEALTH,10.22514/jomh.2024.180,1,"crc, colorectal, cancer, colorectal cancer, nucleatum, tumor, cells, microbiota, cell, resistance"
Inhibition of Transmural Inflammation in Crohn's Disease by Orally Administered Tumor Necrosis Factor-Alpha Deoxyribozymes-Loaded Pyroptosis Nanoinhibitors,2024,ACS APPLIED MATERIALS & INTERFACES,10.1021/acsami.4c05921,7,"ibd, disease, inflammatory, bowel, inflammatory bowel, bowel disease, colitis, crohn, crohn disease, intestinal"
Driver Gene Mutations and Epigenetics in Colorectal Cancer,2020,ANNALS OF SURGERY,10.1097/SLA.0000000000003393,1,"crc, colorectal, cancer, colorectal cancer, nucleatum, tumor, cells, microbiota, cell, resistance"
Ulcerative colitis,2020,NATURE REVIEWS DISEASE PRIMERS,10.1038/s41572-020-0205-x,8,"colitis, ulcerative, ulcerative colitis, uc, disease, treatment, inflammatory, patients, pouch, therapy"
"Fungal Influences on Cancer Initiation, Progression, and Response to Treatment",2025,CANCER RESEARCH,10.1158/0008-5472.CAN-24-1609,0,"microbiota, gut, cancer, microbiome, immune, immunotherapy, gut microbiota, tumor, patients, treatment"
Complement downregulation promotes an inflammatory signature that renders colorectal cancer susceptible to immunotherapy,2022,JOURNAL FOR IMMUNOTHERAPY OF CANCER,10.1136/jitc-2022-004717,1,"crc, colorectal, cancer, colorectal cancer, nucleatum, tumor, cells, microbiota, cell, resistance"
Nitroreductase-instructed supramolecular assemblies for microbiome regulation to enhance colorectal cancer treatments,2022,SCIENCE ADVANCES,10.1126/sciadv.add2789,1,"crc, colorectal, cancer, colorectal cancer, nucleatum, tumor, cells, microbiota, cell, resistance"
Improving treatment outcomes for MDR-TB - Novel host-directed therapies and personalised medicine of the future,2019,INTERNATIONAL JOURNAL OF INFECTIOUS DISEASES,10.1016/j.ijid.2019.01.039,4,"infection, infections, drug, resistant, aeruginosa, bacterial, phage, tb, mdr, animal"
Colibactin-producing Escherichia coli enhance resistance to chemotherapeutic drugs by promoting epithelial to mesenchymal transition and cancer stem cell emergence,2024,GUT MICROBES,10.1080/19490976.2024.2310215,1,"crc, colorectal, cancer, colorectal cancer, nucleatum, tumor, cells, microbiota, cell, resistance"
Pyroptosis-Related Signature as Potential Biomarkers for Predicting Prognosis and Therapy Response in Colorectal Cancer Patients,2022,FRONTIERS IN GENETICS,10.3389/fgene.2022.925338,1,"crc, colorectal, cancer, colorectal cancer, nucleatum, tumor, cells, microbiota, cell, resistance"
Advancing targeted therapies in pancreatic cancer: Leveraging molecular abberrations for therapeutic success,2025,PROGRESS IN BIOPHYSICS & MOLECULAR BIOLOGY,10.1016/j.pbiomolbio.2025.02.003,3,"pancreatic, pancreatic cancer, pdac, cancer, ductal, adenocarcinoma, tumor, gemcitabine, pancreatic ductal, resistance"
Ginsenosides are Promising Medicine for Tumor and Inflammation: A Review,2023,AMERICAN JOURNAL OF CHINESE MEDICINE,10.1142/S0192415X23500416,-1,"cancer, cell, treatment, patients, microbiota, immune, gut, therapy, disease, resistance"
The clinical application of fruquintinib on colorectal cancer,2019,EXPERT REVIEW OF CLINICAL PHARMACOLOGY,10.1080/17512433.2019.1630272,1,"crc, colorectal, cancer, colorectal cancer, nucleatum, tumor, cells, microbiota, cell, resistance"
"Revolutionizing Breast Cancer Therapeutics: Intersecting Frontiers of Precision Medicine, Nanotechnology, and Drug Delivery Innovations",2025,CURRENT TREATMENT OPTIONS IN ONCOLOGY,10.1007/s11864-025-01343-3,2,"cancer, tumor, immune, cell, resistance, pd, immunotherapy, checkpoint, drug, immune checkpoint"
Altered KEGG pathways are associated with different immunologic responses to antiretroviral therapy in HIV-infected men who have sex with men,2025,BMC INFECTIOUS DISEASES,10.1186/s12879-025-10756-2,-1,"cancer, cell, treatment, patients, microbiota, immune, gut, therapy, disease, resistance"
Multifunctional nanodrug for simultaneously combating chemoresistance and immunosuppression in Fusobacterium nucleatum-associated colorectal cancer,2025,ACTA BIOMATERIALIA,10.1016/j.actbio.2025.02.013,1,"crc, colorectal, cancer, colorectal cancer, nucleatum, tumor, cells, microbiota, cell, resistance"
The Potential Use of Arsenic Trioxide in the Treatment of Systemic Lupus Erythematosus,2024,INTERNATIONAL JOURNAL OF MOLECULAR SCIENCES,10.3390/ijms25179577,2,"cancer, tumor, immune, cell, resistance, pd, immunotherapy, checkpoint, drug, immune checkpoint"
Ketogenic diet for human diseases: the underlying mechanisms and potential for clinical implementations,2022,SIGNAL TRANSDUCTION AND TARGETED THERAPY,10.1038/s41392-021-00831-w,-1,"cancer, cell, treatment, patients, microbiota, immune, gut, therapy, disease, resistance"
Medical management of acute severe ulcerative colitis in the hospitalized patient,2025,EXPERT REVIEW OF GASTROENTEROLOGY & HEPATOLOGY,10.1080/17474124.2025.2488884,8,"colitis, ulcerative, ulcerative colitis, uc, disease, treatment, inflammatory, patients, pouch, therapy"
Microbiota and metabolomic profiling coupled with machine learning to identify biomarkers and drug targets in nasopharyngeal carcinoma,2025,FRONTIERS IN PHARMACOLOGY,10.3389/fphar.2025.1551411,2,"cancer, tumor, immune, cell, resistance, pd, immunotherapy, checkpoint, drug, immune checkpoint"
Functions and mechanisms of lactylation in carcinogenesis and immunosuppression,2023,FRONTIERS IN IMMUNOLOGY,10.3389/fimmu.2023.1253064,-1,"cancer, cell, treatment, patients, microbiota, immune, gut, therapy, disease, resistance"
An inflammatory memory and angiogenic self-assembling nanofiber hydrogel scaffold seeded with Akkermansia muciniphila to accelerate the healing of diabetic ischemic ulcers,2018,RSC ADVANCES,10.1039/c8ra01662c,8,"colitis, ulcerative, ulcerative colitis, uc, disease, treatment, inflammatory, patients, pouch, therapy"
"Clinical significance of Fusobacterium nucleatum, epithelial-mesenchymal transition, and cancer stem cell markers in stage III/IV colorectal cancer patients",2017,ONCOTARGETS AND THERAPY,10.2147/OTT.S145949,1,"crc, colorectal, cancer, colorectal cancer, nucleatum, tumor, cells, microbiota, cell, resistance"
Gastric microbiota in patients with gastric MALT lymphoma according to Helicobacter pylori infection,2024,CLINICS AND RESEARCH IN HEPATOLOGY AND GASTROENTEROLOGY,10.1016/j.clinre.2023.102247,-1,"cancer, cell, treatment, patients, microbiota, immune, gut, therapy, disease, resistance"
The intratumor microbiota and thyroid cancer: a review,2025,FRONTIERS IN ENDOCRINOLOGY,10.3389/fendo.2025.1536155,2,"cancer, tumor, immune, cell, resistance, pd, immunotherapy, checkpoint, drug, immune checkpoint"
Expression of the bitter receptor T2R38 in pancreatic cancer: localization in lipid droplets and activation by a bacteria-derived quorum-sensing molecule,2016,ONCOTARGET,10.18632/oncotarget.7206,3,"pancreatic, pancreatic cancer, pdac, cancer, ductal, adenocarcinoma, tumor, gemcitabine, pancreatic ductal, resistance"
Biochemical Recurrence in Prostate Cancer Is Associated with the Composition of Lactobacillus: Microbiome Analysis of Prostatic Tissue,2023,INTERNATIONAL JOURNAL OF MOLECULAR SCIENCES,10.3390/ijms241310423,-1,"cancer, cell, treatment, patients, microbiota, immune, gut, therapy, disease, resistance"
Recent FDA Approvals in the Treatment of Graft-Versus-Host Disease,2022,ONCOLOGIST,10.1093/oncolo/oyac076,10,"transplantation, gvhd, graft, graft versus, versus, versus host, acute, cell transplantation, host disease, agvhd"
Extended-pulsed fidaxomicin therapy for recurrent Clostridioides difficile infection after standard vancomycin and fidaxomicin failure: A case report,2025,JOURNAL OF INFECTION AND CHEMOTHERAPY,10.1016/j.jiac.2025.102709,5,"fmt, difficile, transplantation, fecal, cdi, microbiota transplantation, fecal microbiota, microbiota, treatment, infection"
Specific Norovirus Interaction with Lewis x and Lewis a on Human Intestinal Inflammatory Mucosa during Refractory Inflammatory Bowel Disease,2021,MSPHERE,10.1128/mSphere.01185-20,7,"ibd, disease, inflammatory, bowel, inflammatory bowel, bowel disease, colitis, crohn, crohn disease, intestinal"
Adult zebrafish infected by clinically isolated Klebsiella pneumoniae with different virulence showed increased intestinal inflammation and disturbed intestinal microbial biodiversity,2023,BMC INFECTIOUS DISEASES,10.1186/s12879-023-08766-z,4,"infection, infections, drug, resistant, aeruginosa, bacterial, phage, tb, mdr, animal"
Role of dietary nutrients and metabolism in colorectal cancer,2024,ASIA PACIFIC JOURNAL OF CLINICAL NUTRITION,10.6133/apjcn.202406_33(2).0002,1,"crc, colorectal, cancer, colorectal cancer, nucleatum, tumor, cells, microbiota, cell, resistance"
"Senescence in HBV-, HCV- and NAFLD- Mediated Hepatocellular Carcinoma and Senotherapeutics: Current Evidence and Future Perspective",2021,CANCERS,10.3390/cancers13184732,9,"hcc, liver, hepatocellular, carcinoma, hepatocellular carcinoma, tumor, immune, sorafenib, resistance, immunotherapy"
Selective killing of Helicobacter pylori with pH-responsive helix-coil conformation transitionable antimicrobial polypeptides,2017,PROCEEDINGS OF THE NATIONAL ACADEMY OF SCIENCES OF THE UNITED STATES OF AMERICA,10.1073/pnas.1710408114,-1,"cancer, cell, treatment, patients, microbiota, immune, gut, therapy, disease, resistance"
"A comprehensive review of six dietary polyphenols in colorectal cancer: Pharmacokinetics, mechanism and therapeutic potentials",2025,PHYTOMEDICINE,10.1016/j.phymed.2025.157509,1,"crc, colorectal, cancer, colorectal cancer, nucleatum, tumor, cells, microbiota, cell, resistance"
Bladder Tissue Microbiome Composition in Patients of Bladder Cancer or Benign Prostatic Hyperplasia and Related Human Beta Defensin Levels,2022,BIOMEDICINES,10.3390/biomedicines10071758,-1,"cancer, cell, treatment, patients, microbiota, immune, gut, therapy, disease, resistance"
Recent Metabolic Advances for Preventing and Treating Acute and Chronic Graft Versus Host Disease,2021,FRONTIERS IN IMMUNOLOGY,10.3389/fimmu.2021.757836,10,"transplantation, gvhd, graft, graft versus, versus, versus host, acute, cell transplantation, host disease, agvhd"
"Transcriptomic, 16S ribosomal ribonucleic acid and network pharmacology analyses shed light on the anticoccidial mechanism of green tea polyphenols against Eimeria tenella infection in Wuliangshan black-boned chickens",2023,PARASITES & VECTORS,10.1186/s13071-023-05922-x,4,"infection, infections, drug, resistant, aeruginosa, bacterial, phage, tb, mdr, animal"
Single-cell encapsulation systems for probiotic delivery: Armor probiotics,2024,ADVANCES IN COLLOID AND INTERFACE SCIENCE,10.1016/j.cis.2024.103270,-1,"cancer, cell, treatment, patients, microbiota, immune, gut, therapy, disease, resistance"
"Investigating the Impact of Fusobacterium nucleatum on Oxidative Stress, Chemoresistance, and Inflammation in Inflammatory Bowel Disease and Colorectal Cancer: Rationale and Design of a Clinical Trial",2025,INTERNATIONAL JOURNAL OF MOLECULAR SCIENCES,10.3390/ijms26167823,1,"crc, colorectal, cancer, colorectal cancer, nucleatum, tumor, cells, microbiota, cell, resistance"
Precision medicine and drug optimization in adult inflammatory bowel disease patients,2023,THERAPEUTIC ADVANCES IN GASTROENTEROLOGY,10.1177/17562848231173331,7,"ibd, disease, inflammatory, bowel, inflammatory bowel, bowel disease, colitis, crohn, crohn disease, intestinal"
Fusobacterium nucleatum-mimicking nanovehicles to overcome chemoresistance for breast cancer treatment by eliminating tumor-colonizing bacteria,2024,CHEM,10.1016/j.chempr.2024.01.030,1,"crc, colorectal, cancer, colorectal cancer, nucleatum, tumor, cells, microbiota, cell, resistance"
Effective treatment of Clostridioides difficile infection improves survival and affects graft-versus-host disease: a multicenter study by the Polish Adult Leukemia Group,2024,SCIENTIFIC REPORTS,10.1038/s41598-024-56336-3,5,"fmt, difficile, transplantation, fecal, cdi, microbiota transplantation, fecal microbiota, microbiota, treatment, infection"
Microbiota-directed lactic acid depleting nanoenzyme reactivates antitumor immunity and chemosensitivity in hypoxic tumor,2025,MATERIALS TODAY BIO,10.1016/j.mtbio.2025.102493,-1,"cancer, cell, treatment, patients, microbiota, immune, gut, therapy, disease, resistance"
The Role of Tissue-Resident Macrophages in the Development and Treatment of Inflammatory Bowel Disease,2022,FRONTIERS IN CELL AND DEVELOPMENTAL BIOLOGY,10.3389/fcell.2022.896591,7,"ibd, disease, inflammatory, bowel, inflammatory bowel, bowel disease, colitis, crohn, crohn disease, intestinal"
Dietary phytochemicals in colorectal cancer prevention and treatment: A focus on the molecular mechanisms involved,2020,BIOTECHNOLOGY ADVANCES,10.1016/j.biotechadv.2018.11.011,1,"crc, colorectal, cancer, colorectal cancer, nucleatum, tumor, cells, microbiota, cell, resistance"
Sodium New Houttuyfonate Inhibits Cancer-Promoting Fusobacterium nucleatum (Fn) to Reduce Colorectal Cancer Progression,2022,CANCERS,10.3390/cancers14246111,1,"crc, colorectal, cancer, colorectal cancer, nucleatum, tumor, cells, microbiota, cell, resistance"
Role of Oral Bacteria in Mediating Gemcitabine Resistance in Pancreatic Cancer,2025,BIOMOLECULES,10.3390/biom15071018,3,"pancreatic, pancreatic cancer, pdac, cancer, ductal, adenocarcinoma, tumor, gemcitabine, pancreatic ductal, resistance"
Toll-Like Receptors (TLRs) in the Tumor Microenvironment (TME): A Dragon-Like Weapon in a Non-fantasy Game of Thrones,2020,TUMOR MICROENVIRONMENT: STATE OF THE SCIENCE,10.1007/978-3-030-44518-8_9,-1,"cancer, cell, treatment, patients, microbiota, immune, gut, therapy, disease, resistance"
New Roadmaps for Non-muscle-invasive Bladder Cancer With Unfavorable Prognosis,2020,FRONTIERS IN CHEMISTRY,10.3389/fchem.2020.00600,-1,"cancer, cell, treatment, patients, microbiota, immune, gut, therapy, disease, resistance"
Carriage of Multidrug-Resistant Bacteria in Healthy People: Recognition of Several Risk Groups,2021,ANTIBIOTICS-BASEL,10.3390/antibiotics10101163,4,"infection, infections, drug, resistant, aeruginosa, bacterial, phage, tb, mdr, animal"
The tumor immune microenvironment in pancreatic cancer and its potential in the identification of immunotherapy biomarkers,2023,EXPERT REVIEW OF MOLECULAR DIAGNOSTICS,10.1080/14737159.2023.2281482,3,"pancreatic, pancreatic cancer, pdac, cancer, ductal, adenocarcinoma, tumor, gemcitabine, pancreatic ductal, resistance"
Severe Pneumonia Caused by Methicillin-Resistant Staphylococcus pseudintermedius in an Oncology Patient: Case Report and Literature Review,2022,MICROBIAL DRUG RESISTANCE,10.1089/mdr.2020.0469,4,"infection, infections, drug, resistant, aeruginosa, bacterial, phage, tb, mdr, animal"
"Synthesis and Characterization of Some New Quinoxalin-2(1H)one and 2-Methyl-3H-quinazolin-4-one Derivatives Targeting the Onset and Progression of CRC with SAR, Molecular Docking, and ADMET Analyses",2021,MOLECULES,10.3390/molecules26113121,1,"crc, colorectal, cancer, colorectal cancer, nucleatum, tumor, cells, microbiota, cell, resistance"
"Predictors of Primary Response to Biologic Treatment [Anti-TNF, Vedolizumab, and Ustekinumab] in Patients With Inflammatory Bowel Disease: From Basic Science to Clinical Practice",2020,JOURNAL OF CROHNS & COLITIS,10.1093/ecco-jcc/jjz195,8,"colitis, ulcerative, ulcerative colitis, uc, disease, treatment, inflammatory, patients, pouch, therapy"
"Prostate cancer microenvironment: multidimensional regulation of immune cells, vascular system, stromal cells, and microbiota",2024,MOLECULAR CANCER,10.1186/s12943-024-02137-1,-1,"cancer, cell, treatment, patients, microbiota, immune, gut, therapy, disease, resistance"
"Butyrate, a dietary fiber derivative that improves irinotecan effect in colon cancer cells",2018,JOURNAL OF NUTRITIONAL BIOCHEMISTRY,10.1016/j.jnutbio.2018.02.018,1,"crc, colorectal, cancer, colorectal cancer, nucleatum, tumor, cells, microbiota, cell, resistance"
Retrospective evaluation of nitrofurantoin and pivmecillinam for the treatment of lower urinary tract infections in men,2019,PLOS ONE,10.1371/journal.pone.0211098,-1,"cancer, cell, treatment, patients, microbiota, immune, gut, therapy, disease, resistance"
Crosstalk between autophagy and microbiota in cancer progression,2021,MOLECULAR CANCER,10.1186/s12943-021-01461-0,-1,"cancer, cell, treatment, patients, microbiota, immune, gut, therapy, disease, resistance"
Pembrolizumab ± paricalcitol in metastatic pancreatic cancer postmaximal cytoreduction,2025,ONCOLOGIST,10.1093/oncolo/oyae323,3,"pancreatic, pancreatic cancer, pdac, cancer, ductal, adenocarcinoma, tumor, gemcitabine, pancreatic ductal, resistance"
Insights into Autophagy in Microbiome Therapeutic Approaches for Drug-Resistant Tuberculosis,2025,CELLS,10.3390/cells14070540,4,"infection, infections, drug, resistant, aeruginosa, bacterial, phage, tb, mdr, animal"
"Polymer-lipid hybrid microcarriers for oral codelivery of paclitaxel and tributyrin: development, optimization, and cytotoxicity in cells and spheroids of colorectal cancer",2025,INTERNATIONAL JOURNAL OF PHARMACEUTICS,10.1016/j.ijpharm.2025.125549,1,"crc, colorectal, cancer, colorectal cancer, nucleatum, tumor, cells, microbiota, cell, resistance"
Structural basis for immune cell binding of Fusobacterium nucleatum via the trimeric autotransporter adhesin CbpF,2025,PROCEEDINGS OF THE NATIONAL ACADEMY OF SCIENCES OF THE UNITED STATES OF AMERICA,10.1073/pnas.2418155122,1,"crc, colorectal, cancer, colorectal cancer, nucleatum, tumor, cells, microbiota, cell, resistance"
Recent developments in diagnostic and prognostic biomarkers for colorectal cancer: a narrative review,2023,ONCOLOGY,10.1159/000531474,1,"crc, colorectal, cancer, colorectal cancer, nucleatum, tumor, cells, microbiota, cell, resistance"
Extracellular vesicles in gastrointestinal cancer in conjunction with microbiota: On the border of Kingdoms,2017,BIOCHIMICA ET BIOPHYSICA ACTA-REVIEWS ON CANCER,10.1016/j.bbcan.2017.06.005,-1,"cancer, cell, treatment, patients, microbiota, immune, gut, therapy, disease, resistance"
The Cytokine Network in Colorectal Cancer: Implications for New Treatment Strategies,2023,CELLS,10.3390/cells12010138,1,"crc, colorectal, cancer, colorectal cancer, nucleatum, tumor, cells, microbiota, cell, resistance"
The baseline oral microbiota predicts the response of locally advanced oral squamous cell carcinoma patients to induction chemotherapy: A prospective longitudinal study,2021,RADIOTHERAPY AND ONCOLOGY,10.1016/j.radonc.2021.09.013,0,"microbiota, gut, cancer, microbiome, immune, immunotherapy, gut microbiota, tumor, patients, treatment"
Ferroptosis Targeting by β-Sitosterol in Cervical Cancer Radiotherapy,2025,CURRENT MEDICINAL CHEMISTRY,10.2174/0109298673409273251103055503,2,"cancer, tumor, immune, cell, resistance, pd, immunotherapy, checkpoint, drug, immune checkpoint"
Potential of natural flavonols and flavanones in the treatment of ulcerative colitis,2023,FRONTIERS IN PHARMACOLOGY,10.3389/fphar.2023.1120616,8,"colitis, ulcerative, ulcerative colitis, uc, disease, treatment, inflammatory, patients, pouch, therapy"
Effect and mechanism of total ginsenosides repairing SDS-induced Drosophila enteritis model based on MAPK pathway,2023,EXPERIMENTAL AND THERAPEUTIC MEDICINE,10.3892/etm.2023.12068,7,"ibd, disease, inflammatory, bowel, inflammatory bowel, bowel disease, colitis, crohn, crohn disease, intestinal"
Fusobacterium nucleatum: a transboundary pathogen in host-microbiota networks,2025,GUT PATHOGENS,10.1186/s13099-025-00775-4,1,"crc, colorectal, cancer, colorectal cancer, nucleatum, tumor, cells, microbiota, cell, resistance"
Antimicrobial peptide clears bacteria from tumors to enhance gemcitabine therapy for pancreatic cancer,2025,APPLIED MATERIALS TODAY,10.1016/j.apmt.2025.102952,3,"pancreatic, pancreatic cancer, pdac, cancer, ductal, adenocarcinoma, tumor, gemcitabine, pancreatic ductal, resistance"
The colibactin-producing Escherichia coli alters the tumor microenvironment to immunosuppressive lipid overload facilitating colorectal cancer progression and chemoresistance,2024,GUT MICROBES,10.1080/19490976.2024.2320291,1,"crc, colorectal, cancer, colorectal cancer, nucleatum, tumor, cells, microbiota, cell, resistance"
Integration of multi-omics approaches in exploring intra-tumoral heterogeneity,2025,CANCER CELL INTERNATIONAL,10.1186/s12935-025-03944-2,2,"cancer, tumor, immune, cell, resistance, pd, immunotherapy, checkpoint, drug, immune checkpoint"
Bacteria-Mediated Synergistic Cancer Therapy: Small Microbiome Has a Big Hope,2021,NANO-MICRO LETTERS,10.1007/s40820-020-00560-9,0,"microbiota, gut, cancer, microbiome, immune, immunotherapy, gut microbiota, tumor, patients, treatment"
Amphiphilic polymeric nanodrug integrated with superparamagnetic iron oxide nanoparticles for synergistic antibacterial and antitumor therapy of colorectal cancer,2024,ACTA BIOMATERIALIA,10.1016/j.actbio.2023.11.019,1,"crc, colorectal, cancer, colorectal cancer, nucleatum, tumor, cells, microbiota, cell, resistance"
Curcumin as a great contributor for the treatment and mitigation of colorectal cancer,2021,EXPERIMENTAL GERONTOLOGY,10.1016/j.exger.2021.111438,1,"crc, colorectal, cancer, colorectal cancer, nucleatum, tumor, cells, microbiota, cell, resistance"
Effects of T2DM on cancer progression: pivotal precipitating factors and underlying mechanisms,2024,FRONTIERS IN ENDOCRINOLOGY,10.3389/fendo.2024.1396022,3,"pancreatic, pancreatic cancer, pdac, cancer, ductal, adenocarcinoma, tumor, gemcitabine, pancreatic ductal, resistance"
From competition to cure: the development of live biotherapeutic products for anticancer therapy in the iGEM competition,2024,FRONTIERS IN BIOENGINEERING AND BIOTECHNOLOGY,10.3389/fbioe.2024.1447176,2,"cancer, tumor, immune, cell, resistance, pd, immunotherapy, checkpoint, drug, immune checkpoint"
Comprehensive bibliometric analysis and perspectives on therapies targeting colon cancer stem cells over a 40-year period,2025,REGENERATIVE THERAPY,10.1016/j.reth.2025.02.015,-1,"cancer, cell, treatment, patients, microbiota, immune, gut, therapy, disease, resistance"
Lactobacillus johnsonii LJO02 (DSM 33828) Cell-Free Supernatant and Vitamin D Improve Wound Healing and Reduce Interleukin-6 Production in Staphylococcus aureus-Infected Human Keratinocytes,2024,PHARMACEUTICS,10.3390/pharmaceutics16010018,4,"infection, infections, drug, resistant, aeruginosa, bacterial, phage, tb, mdr, animal"
Genetically engineered bacteria: a new frontier in targeted drug delivery,2023,JOURNAL OF MATERIALS CHEMISTRY B,10.1039/d3tb01805a,0,"microbiota, gut, cancer, microbiome, immune, immunotherapy, gut microbiota, tumor, patients, treatment"
N-(3-oxododecanoyl)-L-homoserine lactone interactions in the breast tumor microenvironment: Implications for breast cancer viability and proliferation in vitro,2017,PLOS ONE,10.1371/journal.pone.0180372,0,"microbiota, gut, cancer, microbiome, immune, immunotherapy, gut microbiota, tumor, patients, treatment"
Effective Therapy of Drug-Resistant Bacterial Infection by Killing Planktonic Bacteria and Destructing Biofilms with Cationic Photosensitizer Based on Phosphindole Oxide,2022,SMALL,10.1002/smll.202200743,4,"infection, infections, drug, resistant, aeruginosa, bacterial, phage, tb, mdr, animal"
Stem Cell Origin of Cancer: Clinical Implications for Cancer Immunity and Immunotherapy,2023,CANCERS,10.3390/cancers15225385,2,"cancer, tumor, immune, cell, resistance, pd, immunotherapy, checkpoint, drug, immune checkpoint"
Mutated circulating tumor DNA as a liquid biopsy in lung cancer detection and treatment,2021,MOLECULAR ONCOLOGY,10.1002/1878-0261.12983,2,"cancer, tumor, immune, cell, resistance, pd, immunotherapy, checkpoint, drug, immune checkpoint"
De-coding the complex role of microbial metabolites in cancer,2025,CELL REPORTS,10.1016/j.celrep.2025.115358,0,"microbiota, gut, cancer, microbiome, immune, immunotherapy, gut microbiota, tumor, patients, treatment"
Research progress on NAT10-mediated acetylation in normal development and disease,2025,FRONTIERS IN CELL AND DEVELOPMENTAL BIOLOGY,10.3389/fcell.2025.1623276,2,"cancer, tumor, immune, cell, resistance, pd, immunotherapy, checkpoint, drug, immune checkpoint"
Orally delivered targeted nanotherapeutics for the treatment of colorectal cancer,2020,EXPERT OPINION ON DRUG DELIVERY,10.1080/17425247.2020.1748005,1,"crc, colorectal, cancer, colorectal cancer, nucleatum, tumor, cells, microbiota, cell, resistance"
Tachyplesin I and its derivatives: A pharmaco-chemical perspective on their antimicrobial and antitumor potential,2022,EXPERT OPINION ON DRUG DISCOVERY,10.1080/17460441.2023.2157402,0,"microbiota, gut, cancer, microbiome, immune, immunotherapy, gut microbiota, tumor, patients, treatment"
Deciphering the tumor immune microenvironment from a multidimensional omics perspective: insight into next-generation CAR-T cell immunotherapy and beyond,2024,MOLECULAR CANCER,10.1186/s12943-024-02047-2,-1,"cancer, cell, treatment, patients, microbiota, immune, gut, therapy, disease, resistance"
Possible role of Porphyromonas gingivalis in orodigestive cancers,2019,JOURNAL OF ORAL MICROBIOLOGY,10.1080/20002297.2018.1563410,1,"crc, colorectal, cancer, colorectal cancer, nucleatum, tumor, cells, microbiota, cell, resistance"
Uncovering the research evolution and hotspots of metabolism in renal cell carcinoma over the last decade,2025,FRONTIERS IN ONCOLOGY,10.3389/fonc.2025.1537805,1,"crc, colorectal, cancer, colorectal cancer, nucleatum, tumor, cells, microbiota, cell, resistance"
Cellular senescence in cancer: from mechanism paradoxes to precision therapeutics,2025,MOLECULAR CANCER,10.1186/s12943-025-02419-2,2,"cancer, tumor, immune, cell, resistance, pd, immunotherapy, checkpoint, drug, immune checkpoint"
Fundamental and emerging insights into innate and adaptive immunity in inflammatory bowel diseases,2025,FRONTIERS IN IMMUNOLOGY,10.3389/fimmu.2025.1665530,7,"ibd, disease, inflammatory, bowel, inflammatory bowel, bowel disease, colitis, crohn, crohn disease, intestinal"
"Candidiasis: From cutaneous to systemic, new perspectives of potential targets and therapeutic strategies",2023,ADVANCED DRUG DELIVERY REVIEWS,10.1016/j.addr.2023.114960,4,"infection, infections, drug, resistant, aeruginosa, bacterial, phage, tb, mdr, animal"
Escherichia coli-Induced cGLIS3-Mediated Stress Granules Activate the NF-κB Pathway to Promote Intrahepatic Cholangiocarcinoma Progression,2024,ADVANCED SCIENCE,10.1002/advs.202306174,-1,"cancer, cell, treatment, patients, microbiota, immune, gut, therapy, disease, resistance"
Therapeutic targeting of inflammation and tryptophan metabolism in colon and gastrointestinal cancer,2016,TRANSLATIONAL RESEARCH,10.1016/j.trsl.2015.07.003,1,"crc, colorectal, cancer, colorectal cancer, nucleatum, tumor, cells, microbiota, cell, resistance"
The activity of cell-free supernatant of Lactobacillus crispatus M247: a promising treatment against vaginal infections,2025,FRONTIERS IN CELLULAR AND INFECTION MICROBIOLOGY,10.3389/fcimb.2025.1586442,4,"infection, infections, drug, resistant, aeruginosa, bacterial, phage, tb, mdr, animal"
Function and clinical implications of short-chain fatty acids in patients with mixed refractory constipation,2016,COLORECTAL DISEASE,10.1111/codi.13314,-1,"cancer, cell, treatment, patients, microbiota, immune, gut, therapy, disease, resistance"
Microphysiological systems to study colorectal cancer: state-of-the-art,2023,BIOFABRICATION,10.1088/1758-5090/acc279,1,"crc, colorectal, cancer, colorectal cancer, nucleatum, tumor, cells, microbiota, cell, resistance"
The Underlying Mechanisms and Emerging Strategies to Overcome Resistance in Breast Cancer,2025,CANCERS,10.3390/cancers17172938,2,"cancer, tumor, immune, cell, resistance, pd, immunotherapy, checkpoint, drug, immune checkpoint"
Genomics and emerging biomarkers for immunotherapy of colorectal cancer,2018,SEMINARS IN CANCER BIOLOGY,10.1016/j.semcancer.2018.02.010,1,"crc, colorectal, cancer, colorectal cancer, nucleatum, tumor, cells, microbiota, cell, resistance"
Bacterial Infections and Their Cell Wall Ligands Differentially Modulate Doxorubicin Sensitivity in Triple-Negative Breast Cancer Cells,2025,MICROORGANISMS,10.3390/microorganisms13102317,0,"microbiota, gut, cancer, microbiome, immune, immunotherapy, gut microbiota, tumor, patients, treatment"
Vedolizumab for treatment of chronic refractory pouchitis: a systematic review with pool analysis,2020,REVISTA ESPANOLA DE ENFERMEDADES DIGESTIVAS,10.17235/reed.2019.6336/2019,8,"colitis, ulcerative, ulcerative colitis, uc, disease, treatment, inflammatory, patients, pouch, therapy"
Tolerance to colibactin correlates with homologous recombination proficiency and resistance to irinotecan in colorectal cancer cells,2024,CELL REPORTS MEDICINE,10.1016/j.xcrm.2023.101376,1,"crc, colorectal, cancer, colorectal cancer, nucleatum, tumor, cells, microbiota, cell, resistance"
Repair of genomic interstrand crosslinks,2024,DNA REPAIR,10.1016/j.dnarep.2024.103739,2,"cancer, tumor, immune, cell, resistance, pd, immunotherapy, checkpoint, drug, immune checkpoint"
Antibacterial nanosystems for cancer therapy,2020,BIOMATERIALS SCIENCE,10.1039/d0bm01537g,0,"microbiota, gut, cancer, microbiome, immune, immunotherapy, gut microbiota, tumor, patients, treatment"
The yin and yang of leukotriene B4 mediated inflammation in cancer,2017,SEMINARS IN IMMUNOLOGY,10.1016/j.smim.2017.09.005,2,"cancer, tumor, immune, cell, resistance, pd, immunotherapy, checkpoint, drug, immune checkpoint"
Sodium Butyrate Enhances 5-Fluorouracil Sensitivity Through Thymidylate Synthase Regulation and Cell-Cycle Modulation in Gastric Cancer,2025,MOLECULAR NUTRITION & FOOD RESEARCH,10.1002/mnfr.70152,1,"crc, colorectal, cancer, colorectal cancer, nucleatum, tumor, cells, microbiota, cell, resistance"
Genomic landscape analyses in cervical carcinoma and consequences for treatment,2020,CURRENT OPINION IN PHARMACOLOGY,10.1016/j.coph.2020.09.013,2,"cancer, tumor, immune, cell, resistance, pd, immunotherapy, checkpoint, drug, immune checkpoint"
Beyond Rodents: Alternative Animal Models in Colorectal Cancer Research,2025,INTERNATIONAL JOURNAL OF MOLECULAR SCIENCES,10.3390/ijms262210874,1,"crc, colorectal, cancer, colorectal cancer, nucleatum, tumor, cells, microbiota, cell, resistance"
Regulation of Intestinal Butyrate Transporters by Oxidative and Inflammatory Status,2025,ANTIOXIDANTS,10.3390/antiox15010048,-1,"cancer, cell, treatment, patients, microbiota, immune, gut, therapy, disease, resistance"
"The Heterogeneity of the Tumor Microenvironment as Essential Determinant of Development, Progression and Therapy Response of Pancreatic Cancer",2021,CANCERS,10.3390/cancers13194932,3,"pancreatic, pancreatic cancer, pdac, cancer, ductal, adenocarcinoma, tumor, gemcitabine, pancreatic ductal, resistance"
A comprehensive review and update on ulcerative colitis,2019,DM DISEASE-A-MONTH,10.1016/j.disamonth.2019.02.004,8,"colitis, ulcerative, ulcerative colitis, uc, disease, treatment, inflammatory, patients, pouch, therapy"
Roles of Antimicrobial Peptides in Gynecological Cancers,2022,INTERNATIONAL JOURNAL OF MOLECULAR SCIENCES,10.3390/ijms231710104,-1,"cancer, cell, treatment, patients, microbiota, immune, gut, therapy, disease, resistance"
"Organic Anion Transporting Polypeptide (OATP)2B1 Contributes to Gastrointestinal Toxicity of Anticancer Drug SN-38, Active Metabolite of Irinotecan Hydrochloride",2016,DRUG METABOLISM AND DISPOSITION,10.1124/dmd.115.066712,6,"liver, bile, acid, protein, transporter, drug, bile acid, metabolism, transporters, ba"
Colibactin-positive Escherichia coli induce a procarcinogenic immune environment leading to immunotherapy resistance in colorectal cancer,2020,INTERNATIONAL JOURNAL OF CANCER,10.1002/ijc.32920,1,"crc, colorectal, cancer, colorectal cancer, nucleatum, tumor, cells, microbiota, cell, resistance"
"Effectiveness of Probiotic, Prebiotic, and Synbiotic Therapies in Reducing Postoperative Complications: A Systematic Review and Network Meta-analysis",2017,CLINICAL INFECTIOUS DISEASES,10.1093/cid/cix114,4,"infection, infections, drug, resistant, aeruginosa, bacterial, phage, tb, mdr, animal"
Advances and novel developments in mechanisms of allergic inflammation,2020,ALLERGY,10.1111/all.14632,-1,"cancer, cell, treatment, patients, microbiota, immune, gut, therapy, disease, resistance"
Frontiers in Celiac Disease Where Autoimmunity and Environment Meet,2022,AMERICAN JOURNAL OF SURGICAL PATHOLOGY,10.1097/PAS.0000000000001639,-1,"cancer, cell, treatment, patients, microbiota, immune, gut, therapy, disease, resistance"
Metabolism and Immune Modulation in Patients with Solid Tumors: Systematic Review of Preclinical and Clinical Evidence,2020,CANCERS,10.3390/cancers12051153,2,"cancer, tumor, immune, cell, resistance, pd, immunotherapy, checkpoint, drug, immune checkpoint"
Chronic stress: a fourth etiology in tumorigenesis?,2025,MOLECULAR CANCER,10.1186/s12943-025-02402-x,-1,"cancer, cell, treatment, patients, microbiota, immune, gut, therapy, disease, resistance"
ANGPTL4-Mediated Promotion of Glycolysis Facilitates the Colonization of Fusobacterium nucleatum in Colorectal Cancer,2021,CANCER RESEARCH,10.1158/0008-5472.CAN-21-2273,1,"crc, colorectal, cancer, colorectal cancer, nucleatum, tumor, cells, microbiota, cell, resistance"
STARKAP Protocol: preliminary assessment of safety and tolerability of dostarlimab in combination antiretroviral therapy (cART)-refractory HIV associated Kaposi's Sarcoma,2025,BMC CANCER,10.1186/s12885-025-14326-2,-1,"cancer, cell, treatment, patients, microbiota, immune, gut, therapy, disease, resistance"
"Recent Discoveries of Diagnostic, Prognostic and Predictive Biomarkers for Pancreatic Cancer",2020,CANCERS,10.3390/cancers12113234,3,"pancreatic, pancreatic cancer, pdac, cancer, ductal, adenocarcinoma, tumor, gemcitabine, pancreatic ductal, resistance"
Systemic Effects Reflected in Specific Biomarker Patterns Are Instrumental for the Paradigm Change in Prostate Cancer Management: A Strategic Paper,2022,CANCERS,10.3390/cancers14030675,2,"cancer, tumor, immune, cell, resistance, pd, immunotherapy, checkpoint, drug, immune checkpoint"
Potential activity of Traditional Chinese Medicine against Ulcerative colitis: A review,2022,JOURNAL OF ETHNOPHARMACOLOGY,10.1016/j.jep.2022.115084,8,"colitis, ulcerative, ulcerative colitis, uc, disease, treatment, inflammatory, patients, pouch, therapy"
Probiotic-derived ferrichrome inhibits the growth of refractory pancreatic cancer cells,2020,INTERNATIONAL JOURNAL OF ONCOLOGY,10.3892/ijo.2020.5096,3,"pancreatic, pancreatic cancer, pdac, cancer, ductal, adenocarcinoma, tumor, gemcitabine, pancreatic ductal, resistance"
Probiotics Can Boost the Antitumor Immunity of CD8+T Cells in BALB/c Mice and Patients with Colorectal Carcinoma,2020,JOURNAL OF IMMUNOLOGY RESEARCH,10.1155/2020/4092472,-1,"cancer, cell, treatment, patients, microbiota, immune, gut, therapy, disease, resistance"
Vagal blockade of the brain-liver axis deters cancer-associated cachexia,2025,CELL,10.1016/j.cell.2025.07.016,-1,"cancer, cell, treatment, patients, microbiota, immune, gut, therapy, disease, resistance"
Quercetin's Potential Therapeutic Role in Human Colorectal Cancer: An Effective Strategy for Prevention and Treatment,2025,ANTI-CANCER AGENTS IN MEDICINAL CHEMISTRY,10.2174/0118715206354948250226103832,1,"crc, colorectal, cancer, colorectal cancer, nucleatum, tumor, cells, microbiota, cell, resistance"
Integrated analysis unraveling the immunologic and clinical prognostic values of synaptotagmin like 4 in pan-cancer,2025,DISCOVER ONCOLOGY,10.1007/s12672-025-02745-3,2,"cancer, tumor, immune, cell, resistance, pd, immunotherapy, checkpoint, drug, immune checkpoint"
How can we optimize antifungal use and stewardship in the treatment of acute leukemia?,2024,EXPERT REVIEW OF HEMATOLOGY,10.1080/17474086.2024.2383401,4,"infection, infections, drug, resistant, aeruginosa, bacterial, phage, tb, mdr, animal"
The activity of miltefosine combined with oral probiotics in a mouse model of cutaneous leishmaniasis,2025,MEMORIAS DO INSTITUTO OSWALDO CRUZ,10.1590/0074-02760250056,4,"infection, infections, drug, resistant, aeruginosa, bacterial, phage, tb, mdr, animal"
Curcumin in Cancer Prevention: Insights from Clinical Trials and Strategies to Enhance Bioavailability,2024,CURRENT PHARMACEUTICAL DESIGN,10.2174/0113816128303514240517054617,1,"crc, colorectal, cancer, colorectal cancer, nucleatum, tumor, cells, microbiota, cell, resistance"
Recent progress on drug delivery systems of regulating intratumoral bacteria for tumor therapy,2025,CHINESE CHEMICAL LETTERS,10.1016/j.cclet.2025.110907,0,"microbiota, gut, cancer, microbiome, immune, immunotherapy, gut microbiota, tumor, patients, treatment"
Engineered Bio-Heterojunction for Effective Treatment of Colorectal Cancer Through Intratumoral Bacteria Scavenging and Autophagy Regulation,2025,ADVANCED FUNCTIONAL MATERIALS,10.1002/adfm.202421288,1,"crc, colorectal, cancer, colorectal cancer, nucleatum, tumor, cells, microbiota, cell, resistance"
"Clinical diagnosis and management of pancreatic cancer: Markers, molecular mechanisms, and treatment options",2022,WORLD JOURNAL OF GASTROENTEROLOGY,10.3748/wjg.v28.i48.6827,3,"pancreatic, pancreatic cancer, pdac, cancer, ductal, adenocarcinoma, tumor, gemcitabine, pancreatic ductal, resistance"
The Role of MicroRNA in Paediatric Acute Lymphoblastic Leukaemia: Challenges for Diagnosis and Therapy,2019,JOURNAL OF ONCOLOGY,10.1155/2019/8941471,-1,"cancer, cell, treatment, patients, microbiota, immune, gut, therapy, disease, resistance"
Association of Antibiotic Receipt With Survival Among Patients With Metastatic Pancreatic Ductal Adenocarcinoma Receiving Chemotherapy,2023,JAMA NETWORK OPEN,10.1001/jamanetworkopen.2023.4254,3,"pancreatic, pancreatic cancer, pdac, cancer, ductal, adenocarcinoma, tumor, gemcitabine, pancreatic ductal, resistance"
Predictors of response to CD19 chimeric antigen receptor T-cell therapy in large B-cell lymphoma: a consolidated review,2025,CURRENT OPINION IN ONCOLOGY,10.1097/CCO.0000000000001188,-1,"cancer, cell, treatment, patients, microbiota, immune, gut, therapy, disease, resistance"
Curcumin and Acute Myeloid Leukemia: Synergistic Effects with Targeted Therapy,2025,INTERNATIONAL JOURNAL OF MOLECULAR SCIENCES,10.3390/ijms26199700,1,"crc, colorectal, cancer, colorectal cancer, nucleatum, tumor, cells, microbiota, cell, resistance"
High Levels of Prebiotic Resistant Starch in Diet Modulate Gene Expression and Metabolomic Profile in Pancreatic Cancer Xenograft Mice,2019,NUTRIENTS,10.3390/nu11040709,3,"pancreatic, pancreatic cancer, pdac, cancer, ductal, adenocarcinoma, tumor, gemcitabine, pancreatic ductal, resistance"
Combination of Detoxified Pneumolysin Derivative ΔA146Ply and Berbamine as a Treatment Approach for Breast Cancer,2020,MOLECULAR THERAPY ONCOLYTICS,10.1016/j.omto.2020.06.015,-1,"cancer, cell, treatment, patients, microbiota, immune, gut, therapy, disease, resistance"
Research Trend and Detailed Insights into the Molecular Mechanisms of Food Bioactive Compounds against Cancer: A Comprehensive Review with Special Emphasis on Probiotics,2022,CANCERS,10.3390/cancers14225482,-1,"cancer, cell, treatment, patients, microbiota, immune, gut, therapy, disease, resistance"
Derivation of a novel antimicrobial peptide from the Red Sea Brine Pools modified to enhance its anticancer activity against U2OS cells,2024,BMC BIOTECHNOLOGY,10.1186/s12896-024-00835-8,2,"cancer, tumor, immune, cell, resistance, pd, immunotherapy, checkpoint, drug, immune checkpoint"
Current advances in microbial-based cancer therapies,2023,MEDICAL ONCOLOGY,10.1007/s12032-023-02074-x,0,"microbiota, gut, cancer, microbiome, immune, immunotherapy, gut microbiota, tumor, patients, treatment"
Antimicrobial peptides as drugs with double response against Mycobacterium tuberculosis coinfections in lung cancer,2023,FRONTIERS IN MICROBIOLOGY,10.3389/fmicb.2023.1183247,4,"infection, infections, drug, resistant, aeruginosa, bacterial, phage, tb, mdr, animal"
Introducing variability in targeting the microtubules: Review of current mechanisms and future directions in colchicine therapy,2020,PHARMACOLOGY RESEARCH & PERSPECTIVES,10.1002/prp2.616,0,"microbiota, gut, cancer, microbiome, immune, immunotherapy, gut microbiota, tumor, patients, treatment"
Cooperativity between Stenotrophomonas maltophilia and Pseudomonas aeruginosa during Polymicrobial Airway Infections,2020,INFECTION AND IMMUNITY,10.1128/IAI.00855-19,4,"infection, infections, drug, resistant, aeruginosa, bacterial, phage, tb, mdr, animal"
Dual-Cascade Responsive Nanoparticles Enhance Pancreatic Cancer Therapy by Eliminating Tumor-Resident Intracellular Bacteria,2022,ADVANCED MATERIALS,10.1002/adma.202206765,3,"pancreatic, pancreatic cancer, pdac, cancer, ductal, adenocarcinoma, tumor, gemcitabine, pancreatic ductal, resistance"
Multifaceted roles of OCT4 in tumor microenvironment: biology and therapeutic implications,2025,ONCOGENE,10.1038/s41388-025-03408-x,2,"cancer, tumor, immune, cell, resistance, pd, immunotherapy, checkpoint, drug, immune checkpoint"
"Exploring the human archaeome: its relevance for health and disease, and its complex interplay with the human immune system",2025,FEBS JOURNAL,10.1111/febs.17123,0,"microbiota, gut, cancer, microbiome, immune, immunotherapy, gut microbiota, tumor, patients, treatment"
The impact of keto-adaptation on exercise performance and the role of metabolic-regulating cytokines,2019,AMERICAN JOURNAL OF CLINICAL NUTRITION,10.1093/ajcn/nqz145,-1,"cancer, cell, treatment, patients, microbiota, immune, gut, therapy, disease, resistance"
Influence of Klebsiella pneumoniae and quinolone treatment on prognosis in patients with pancreatic cancer,2021,BJS-BRITISH JOURNAL OF SURGERY,10.1002/bjs.12003,3,"pancreatic, pancreatic cancer, pdac, cancer, ductal, adenocarcinoma, tumor, gemcitabine, pancreatic ductal, resistance"
New and Emerging Treatments for Inflammatory Bowel Disease,2023,DIGESTION,10.1159/000527422,7,"ibd, disease, inflammatory, bowel, inflammatory bowel, bowel disease, colitis, crohn, crohn disease, intestinal"
Intratumoral lactate metabolism in barrett's esophagus and adenocarcinoma,2017,ONCOTARGET,10.18632/oncotarget.15284,1,"crc, colorectal, cancer, colorectal cancer, nucleatum, tumor, cells, microbiota, cell, resistance"
The multifaceted role of the stroma in the healthy prostate and prostate cancer,2024,JOURNAL OF TRANSLATIONAL MEDICINE,10.1186/s12967-024-05564-2,1,"crc, colorectal, cancer, colorectal cancer, nucleatum, tumor, cells, microbiota, cell, resistance"
Tumor microenvironment is not an 'innocent bystander' in the resistance to treatment of head and neck cancers (Review),2021,EXPERIMENTAL AND THERAPEUTIC MEDICINE,10.3892/etm.2021.10562,-1,"cancer, cell, treatment, patients, microbiota, immune, gut, therapy, disease, resistance"
"Medical, ethical, and legal aspects of hematopoietic stem cell transplantation for Crohn's disease in Brazil",2020,WORLD JOURNAL OF STEM CELLS,10.4252/wjsc.v12.i10.1113,5,"fmt, difficile, transplantation, fecal, cdi, microbiota transplantation, fecal microbiota, microbiota, treatment, infection"
Metabolic biomarkers for predicting onset and severity of CAR-T therapy-induced cytokine release syndrome in multiple myeloma,2025,FRONTIERS OF MEDICINE,10.1007/s11684-025-1176-9,-1,"cancer, cell, treatment, patients, microbiota, immune, gut, therapy, disease, resistance"
A Sequential Therapeutic Strategy Based on Aptamer/Polymer-Functionalized PDA/Ag for Precise Acinetobacter Baumannii Imaging and Pneumonia Treatment,2025,ADVANCED FUNCTIONAL MATERIALS,10.1002/adfm.202425625,4,"infection, infections, drug, resistant, aeruginosa, bacterial, phage, tb, mdr, animal"
Lipopolysaccharide Induces Resistance to CAR-T Cell Therapy of Colorectal Cancer Cells through TGF-β-Mediated Stemness Enhancement,2025,MOLECULAR PHARMACEUTICS,10.1021/acs.molpharmaceut.4c00264,-1,"cancer, cell, treatment, patients, microbiota, immune, gut, therapy, disease, resistance"
Comparison between disk diffusion and agar dilution methods to determine in vitro susceptibility of Corynebacterium spp. clinical isolates and update of their susceptibility,2018,JOURNAL OF GLOBAL ANTIMICROBIAL RESISTANCE,10.1016/j.jgar.2018.05.009,4,"infection, infections, drug, resistant, aeruginosa, bacterial, phage, tb, mdr, animal"
Antibacterial tellurium-containing polycarbonate drug carriers to eliminate intratumor bacteria for synergetic chemotherapy against colorectal cancer,2024,ACTA BIOMATERIALIA,10.1016/j.actbio.2024.06.042,1,"crc, colorectal, cancer, colorectal cancer, nucleatum, tumor, cells, microbiota, cell, resistance"
Fusobacterium nucleatum-reprogrammed adipocytes promote tumor cisplatin resistance through the CCL2-CCR2 axis in the necrotic metastatic neck nodes of head and neck carcinoma,2025,CELL COMMUNICATION AND SIGNALING,10.1186/s12964-025-02550-z,1,"crc, colorectal, cancer, colorectal cancer, nucleatum, tumor, cells, microbiota, cell, resistance"
Metabolism and epigenetics in cancer: toward personalized treatment,2025,FRONTIERS IN ENDOCRINOLOGY,10.3389/fendo.2025.1530578,-1,"cancer, cell, treatment, patients, microbiota, immune, gut, therapy, disease, resistance"
Bioengineered carbohydrate polymers for colon-specific drug release: Current trends and future prospects,2024,JOURNAL OF BIOMEDICAL MATERIALS RESEARCH PART A,10.1002/jbm.a.37732,1,"crc, colorectal, cancer, colorectal cancer, nucleatum, tumor, cells, microbiota, cell, resistance"
"Efficacy and Safety of Synbiotics in Patients Undergoing Autologous Hematopoietic Stem Cell Transplantation: A Randomized, Double-blinded, Placebo-controlled Pilot Study",2023,INTERNAL MEDICINE,10.2169/internalmedicine.1314-22,10,"transplantation, gvhd, graft, graft versus, versus, versus host, acute, cell transplantation, host disease, agvhd"
A locus at 7p14.3 predisposes to refractory celiac disease progression from celiac disease,2018,EUROPEAN JOURNAL OF GASTROENTEROLOGY & HEPATOLOGY,10.1097/MEG.0000000000001168,-1,"cancer, cell, treatment, patients, microbiota, immune, gut, therapy, disease, resistance"
Pilot Clinical Trial of Perioperative Durvalumab and Tremelimumab in the Treatment of Resectable Colorectal Cancer Liver Metastases,2021,CLINICAL CANCER RESEARCH,10.1158/1078-0432.CCR-21-0163,1,"crc, colorectal, cancer, colorectal cancer, nucleatum, tumor, cells, microbiota, cell, resistance"
Unveiling the predictive power of bacterial response-related genes signature in hepatocellular carcinoma: with bioinformatics analyses and experimental approaches,2024,BIOCELL,10.32604/biocell.2024.055848,9,"hcc, liver, hepatocellular, carcinoma, hepatocellular carcinoma, tumor, immune, sorafenib, resistance, immunotherapy"
Oral Delivery of a GI-Stable Apigenin-Cyclodextrin Complex via Pectin-Coated Nanoliposomes In Situ Gel: A DoE-Optimized Targeted Colon Cancer Therapy by Modulating Gut Drug Sensitivity,2025,GELS,10.3390/gels11110873,1,"crc, colorectal, cancer, colorectal cancer, nucleatum, tumor, cells, microbiota, cell, resistance"
The prospect and underlying mechanisms of Chinese medicine in treating periodontitis,2025,CHINESE JOURNAL OF NATURAL MEDICINES,10.1016/S1875-5364(25)60842-9,1,"crc, colorectal, cancer, colorectal cancer, nucleatum, tumor, cells, microbiota, cell, resistance"
"Nuclear receptors in metabolic, inflammatory, and oncologic diseases: mechanisms, therapeutic advances, and future directions",2025,EUROPEAN JOURNAL OF MEDICAL RESEARCH,10.1186/s40001-025-03073-6,-1,"cancer, cell, treatment, patients, microbiota, immune, gut, therapy, disease, resistance"
Glucagon-like peptide 2 for intestinal stem cell and Paneth cell repair during graft-versus-host disease in mice and humans,2020,BLOOD,10.1182/blood.2020005957,10,"transplantation, gvhd, graft, graft versus, versus, versus host, acute, cell transplantation, host disease, agvhd"
Uveitis in spondyloarthritis,2020,THERAPEUTIC ADVANCES IN MUSCULOSKELETAL DISEASE,10.1177/1759720X20951733,8,"colitis, ulcerative, ulcerative colitis, uc, disease, treatment, inflammatory, patients, pouch, therapy"
Oral vancomycin induces sustained deep remission in adult patients with ulcerative colitis and primary sclerosing cholangitis,2018,EUROPEAN JOURNAL OF GASTROENTEROLOGY & HEPATOLOGY,10.1097/MEG.0000000000001223,8,"colitis, ulcerative, ulcerative colitis, uc, disease, treatment, inflammatory, patients, pouch, therapy"
The EPICURE study: a pilot prospective cohort study of heterogeneous and massive data integration in metastatic breast cancer patients,2021,BMC CANCER,10.1186/s12885-021-08060-8,2,"cancer, tumor, immune, cell, resistance, pd, immunotherapy, checkpoint, drug, immune checkpoint"
Feline chronic gingivostomatitis current concepts in clinical management,2023,JOURNAL OF FELINE MEDICINE AND SURGERY,10.1177/1098612X231186834,5,"fmt, difficile, transplantation, fecal, cdi, microbiota transplantation, fecal microbiota, microbiota, treatment, infection"
Immunotherapy With Egg Yolk Eimeria sp.-Specific Immunoglobulins in SPF Leghorn Chicks Elicits Successful Protection Against Eimeria tenella Infection,2021,FRONTIERS IN VETERINARY SCIENCE,10.3389/fvets.2021.758379,4,"infection, infections, drug, resistant, aeruginosa, bacterial, phage, tb, mdr, animal"
The influence of cytokines on the complex pathology of ulcerative colitis,2022,AUTOIMMUNITY REVIEWS,10.1016/j.autrev.2021.103017,8,"colitis, ulcerative, ulcerative colitis, uc, disease, treatment, inflammatory, patients, pouch, therapy"
Subversion of Niche-Signalling Pathways in Colorectal Cancer: What Makes and Breaks the Intestinal Stem Cell,2021,CANCERS,10.3390/cancers13051000,1,"crc, colorectal, cancer, colorectal cancer, nucleatum, tumor, cells, microbiota, cell, resistance"
Association of bacteriomes with drug susceptibility in lesions of pulmonary tuberculosis patients,2024,HELIYON,10.1016/j.heliyon.2024.e37583,4,"infection, infections, drug, resistant, aeruginosa, bacterial, phage, tb, mdr, animal"
One year in review 2016: Belicet's syndrome,2016,CLINICAL AND EXPERIMENTAL RHEUMATOLOGY,,-1,"cancer, cell, treatment, patients, microbiota, immune, gut, therapy, disease, resistance"
Colonization with extended-spectrum β-lactamase and carbapenemase-producing Enterobacterales in Ethiopia: A systematic review and meta-analysis,2025,PLOS ONE,10.1371/journal.pone.0316492,-1,"cancer, cell, treatment, patients, microbiota, immune, gut, therapy, disease, resistance"
Flared inflammatory episode transforms advanced myelodysplastic syndrome into aplastic pancytopenia: A case report and literature review,2023,WORLD JOURNAL OF CLINICAL CASES,10.12998/wjcc.v11.i17.4105,-1,"cancer, cell, treatment, patients, microbiota, immune, gut, therapy, disease, resistance"
Helminth Regulation of Immunity: A Three-pronged Approach to Treat Colitis,2016,INFLAMMATORY BOWEL DISEASES,10.1097/MIB.0000000000000889,-1,"cancer, cell, treatment, patients, microbiota, immune, gut, therapy, disease, resistance"
Zoonotic Diseases and Phytochemical Medicines for Microbial Infections in Veterinary Science: Current State and Future Perspective,2018,FRONTIERS IN VETERINARY SCIENCE,10.3389/fvets.2018.00166,4,"infection, infections, drug, resistant, aeruginosa, bacterial, phage, tb, mdr, animal"
Microbiota-derived tryptophan metabolites indole-3-lactic acid is associated with intestinal ischemia/reperfusion injury via positive regulation of YAP and Nrf2,2023,JOURNAL OF TRANSLATIONAL MEDICINE,10.1186/s12967-023-04109-3,-1,"cancer, cell, treatment, patients, microbiota, immune, gut, therapy, disease, resistance"
Immune features of the peritumoral stroma in pancreatic ductal adenocarcinoma,2022,FRONTIERS IN IMMUNOLOGY,10.3389/fimmu.2022.947407,3,"pancreatic, pancreatic cancer, pdac, cancer, ductal, adenocarcinoma, tumor, gemcitabine, pancreatic ductal, resistance"
Case Report: Initial Successful Treatment of Migraine and Irritable Bowel Syndrome With a Low-FODMAP Diet,2024,JOURNAL OF THE AMERICAN NUTRITION ASSOCIATION,10.1080/27697061.2023.2288081,7,"ibd, disease, inflammatory, bowel, inflammatory bowel, bowel disease, colitis, crohn, crohn disease, intestinal"
From crisis to recovery: A case report on nursing strategies for hepatitis E post-cardiac arrest,2025,MEDICINE,10.1097/MD.0000000000044325,-1,"cancer, cell, treatment, patients, microbiota, immune, gut, therapy, disease, resistance"
Inhibition of Bromodomain and Extra Terminal (BET) Domain Activity Modulates the IL-23R/IL-17 Axis and Suppresses Acute Graft-Versus-Host Disease,2021,FRONTIERS IN ONCOLOGY,10.3389/fonc.2021.760789,10,"transplantation, gvhd, graft, graft versus, versus, versus host, acute, cell transplantation, host disease, agvhd"
Modulation of the Host Cell Transcriptome and Epigenome by Fusobacterium nucleatum,2021,MBIO,10.1128/mBio.02062-21,1,"crc, colorectal, cancer, colorectal cancer, nucleatum, tumor, cells, microbiota, cell, resistance"
Duration of Inflammatory Bowel Disease Is Associated With Increased Risk of Cholangiocarcinoma in Patients With Primary Sclerosing Cholangitis and IBD,2016,AMERICAN JOURNAL OF GASTROENTEROLOGY,10.1038/ajg.2016.55,6,"liver, bile, acid, protein, transporter, drug, bile acid, metabolism, transporters, ba"
Preoperative oral antibiotic prophylaxis reduces Pseudomonas aeruginosa surgical site infections after elective colorectal surgery: a multicenter prospective cohort study,2018,BMC INFECTIOUS DISEASES,10.1186/s12879-018-3413-1,4,"infection, infections, drug, resistant, aeruginosa, bacterial, phage, tb, mdr, animal"
A comprehensive review and update on Crohn's disease,2018,DM DISEASE-A-MONTH,10.1016/j.disamonth.2017.07.001,7,"ibd, disease, inflammatory, bowel, inflammatory bowel, bowel disease, colitis, crohn, crohn disease, intestinal"
Therapeutic potentials of plant‑based antioxidants on colorectal cancer: Challenges and perspectives (Review),2025,International Journal of Oncology,10.3892/ijo.2025.5813,1,"crc, colorectal, cancer, colorectal cancer, nucleatum, tumor, cells, microbiota, cell, resistance"
A pH-Responsive Theranostic Nanoprobe for Ultrasonic-Triggered Eradication of Helicobacter pylori In Vivo Under Magnetic Resonance Imaging Guiding,2025,Advanced Healthcare Materials,10.1002/adhm.202500641,-1,"cancer, cell, treatment, patients, microbiota, immune, gut, therapy, disease, resistance"
Primary Prevention of Clostridioides difficile Infection With Oral Vancomycin in Pediatric Hematopoietic Stem Cell Transplant Patients,2025,Pediatric Transplantation,10.1111/petr.70246,5,"fmt, difficile, transplantation, fecal, cdi, microbiota transplantation, fecal microbiota, microbiota, treatment, infection"
Neuronal ALKAL2 and its ALK receptor contribute to the development of colitis-associated colorectal cancer,2025,Proceedings of the National Academy of Sciences of the United States of America,10.1073/pnas.2500632122,-1,"cancer, cell, treatment, patients, microbiota, immune, gut, therapy, disease, resistance"
Deciphering cGAS-STING signaling: implications for tumor immunity and hepatocellular carcinoma,2025,Naunyn-Schmiedeberg's Archives of Pharmacology,10.1007/s00210-025-04240-6,9,"hcc, liver, hepatocellular, carcinoma, hepatocellular carcinoma, tumor, immune, sorafenib, resistance, immunotherapy"
Targeting RGMb interactions: Discovery and preclinical characterization of potent anti-RGMb antibodies blocking multiple ligand bindings,2024,mAbs,10.1080/19420862.2024.2432403,2,"cancer, tumor, immune, cell, resistance, pd, immunotherapy, checkpoint, drug, immune checkpoint"
Big lessons from the little Akkermansia muciniphila in hepatocellular carcinoma,2025,Frontiers in Immunology,10.3389/fimmu.2025.1524563,9,"hcc, liver, hepatocellular, carcinoma, hepatocellular carcinoma, tumor, immune, sorafenib, resistance, immunotherapy"
Gut bacteria and the host synergies promote resveratrol metabolism and induce tolerance in ALD mice,2025,npj Biofilms and Microbiomes,10.1038/s41522-025-00766-y,-1,"cancer, cell, treatment, patients, microbiota, immune, gut, therapy, disease, resistance"
Microbiota profiling from biopsied tissues in complex infections: a diagnostic and prognostic analysis through metagenomic next-generation sequencing,2025,Frontiers in Cellular and Infection Microbiology,10.3389/fcimb.2025.1567981,0,"microbiota, gut, cancer, microbiome, immune, immunotherapy, gut microbiota, tumor, patients, treatment"
Metabolic targeting of regulatory T cells in oral squamous cell carcinoma: new horizons in immunotherapy,2024,Molecular Cancer,10.1186/s12943-024-02193-7,-1,"cancer, cell, treatment, patients, microbiota, immune, gut, therapy, disease, resistance"
Faecal Microbiota Transplantation as an Adjuvant Treatment for Extraintestinal Disorders: Translating Insights from Human Medicine to Veterinary Practice,2025,Veterinary Sciences,10.3390/vetsci12060541,5,"fmt, difficile, transplantation, fecal, cdi, microbiota transplantation, fecal microbiota, microbiota, treatment, infection"
Treatment of immune checkpoint inhibitor-related colitis: a narrative review,2024,Translational Cancer Research,10.21037/tcr-24-2150,-1,"cancer, cell, treatment, patients, microbiota, immune, gut, therapy, disease, resistance"
"Interplay and therapeutic implications of colorectal cancer stem cells, tumor microenvironment, and gut microbiota",2024,World Journal of Stem Cells,10.4252/wjsc.v16.i12.1110,1,"crc, colorectal, cancer, colorectal cancer, nucleatum, tumor, cells, microbiota, cell, resistance"
The Kidney–Gut Axis as a Novel Target for Nutritional Intervention to Counteract Chronic Kidney Disease Progression,2024,Metabolites,10.3390/metabo14010078,6,"liver, bile, acid, protein, transporter, drug, bile acid, metabolism, transporters, ba"
Multicenter study on Clostridioides difficile infections in Mexico: Exploring the landscape,2024,Infection Control and Hospital Epidemiology,10.1017/ice.2024.153,5,"fmt, difficile, transplantation, fecal, cdi, microbiota transplantation, fecal microbiota, microbiota, treatment, infection"
"Safety and efficacy of oral cancer vaccine B440 in patients with PD-1/PD-L1 inhibitor-resistant advanced urothelial cancer: a study protocol for a phase 1 multicenter, open-label, single-arm clinical trial",2025,BMC Cancer,10.1186/s12885-025-13514-4,2,"cancer, tumor, immune, cell, resistance, pd, immunotherapy, checkpoint, drug, immune checkpoint"
Targeting bacterial metabolites in tumor for cancer therapy: An alternative approach for targeting tumor-associated bacteria,2024,Advanced Drug Delivery Reviews,10.1016/j.addr.2024.115345,0,"microbiota, gut, cancer, microbiome, immune, immunotherapy, gut microbiota, tumor, patients, treatment"
Threading the Needle: Navigating Novel Immunotherapeutics in Pancreatic Ductal Adenocarcinoma,2025,Cancers,10.3390/cancers17050715,3,"pancreatic, pancreatic cancer, pdac, cancer, ductal, adenocarcinoma, tumor, gemcitabine, pancreatic ductal, resistance"
Gut Faecalibacterium abundance in patients with plasma cell disorders is associated with survival after autologous HSCT,2025,Blood Neoplasia,10.1016/j.bneo.2025.100114,0,"microbiota, gut, cancer, microbiome, immune, immunotherapy, gut microbiota, tumor, patients, treatment"
"Resistance to immunotherapy in non-small cell lung cancer: Unraveling causes, developing effective strategies, and exploring potential breakthroughs",2025,Drug Resistance Updates,10.1016/j.drup.2025.101215,2,"cancer, tumor, immune, cell, resistance, pd, immunotherapy, checkpoint, drug, immune checkpoint"
Investigational Approaches for Treatment of Melanoma Patients Progressing after Standard of Care,2024,Cancer Journal (United States),10.1097/PPO.0000000000000702,-1,"cancer, cell, treatment, patients, microbiota, immune, gut, therapy, disease, resistance"
Evaluation of the potential impact on pharmacokinetics of various cytochrome P450 substrates of increasing IL-6 levels following administration of the T-cell bispecific engager glofitamab,2024,CPT: Pharmacometrics and Systems Pharmacology,10.1002/psp4.13091,2,"cancer, tumor, immune, cell, resistance, pd, immunotherapy, checkpoint, drug, immune checkpoint"
Influence of Citrobacter freundii on NINJ2 Expression and Oxaliplatin Resistance in Colorectal Cancer,2025,Cancer Medicine,10.1002/cam4.70940,1,"crc, colorectal, cancer, colorectal cancer, nucleatum, tumor, cells, microbiota, cell, resistance"
Improving breast cancer treatments using pharmacomicrobiomics,2025,mBio,10.1128/mbio.03422-24,0,"microbiota, gut, cancer, microbiome, immune, immunotherapy, gut microbiota, tumor, patients, treatment"
Cell fate regulation governed by p53: Friends or reversible foes in cancer therapy,2024,Cancer Communications,10.1002/cac2.12520,2,"cancer, tumor, immune, cell, resistance, pd, immunotherapy, checkpoint, drug, immune checkpoint"
"Antibiotic treatment and survival in patients with resected, early-stage pancreatic ductal adenocarcinoma receiving chemotherapy",2025,JNCI Cancer Spectrum,10.1093/jncics/pkaf024,3,"pancreatic, pancreatic cancer, pdac, cancer, ductal, adenocarcinoma, tumor, gemcitabine, pancreatic ductal, resistance"
Gastrointestinal Environment Intelligent-Responsive Nanozyme for the Treatment of Multidrug-Resistant Helicobacter pylori Infection,2025,Small,10.1002/smll.202505845,-1,"cancer, cell, treatment, patients, microbiota, immune, gut, therapy, disease, resistance"
Harnessing the power of Calculus bovis: Anti-cancer properties and Wnt pathway modulation in hepatocellular carcinoma,2024,World Journal of Gastroenterology,10.3748/wjg.v30.i41.4496,9,"hcc, liver, hepatocellular, carcinoma, hepatocellular carcinoma, tumor, immune, sorafenib, resistance, immunotherapy"
Laboratory-simulated marine heatwave enhances physiological damage to mussels exposed to titanium dioxide nanoparticles by disrupting the gut−hepatopancreas axis,2025,Journal of Hazardous Materials,10.1016/j.jhazmat.2024.137006,0,"microbiota, gut, cancer, microbiome, immune, immunotherapy, gut microbiota, tumor, patients, treatment"
"Anti-bacterial and anti-inflammatory properties of ethanol extract of Melicope pteleifolia, an ethnomedicine in Southwest China",2024,Pharmacological Research - Modern Chinese Medicine,10.1016/j.prmcm.2024.100360,4,"infection, infections, drug, resistant, aeruginosa, bacterial, phage, tb, mdr, animal"
"Tumor microbiome: roles in tumor initiation, progression, and therapy",2025,Molecular Biomedicine,10.1186/s43556-025-00248-9,0,"microbiota, gut, cancer, microbiome, immune, immunotherapy, gut microbiota, tumor, patients, treatment"
Microplastics: An emerging environmental risk factor for gut microbiota dysbiosis and cancer development?,2025,Environmental Chemistry and Ecotoxicology,10.1016/j.enceco.2025.03.005,-1,"cancer, cell, treatment, patients, microbiota, immune, gut, therapy, disease, resistance"
Pulmonary microbiome and metabolome signatures associate with chemotherapy response in lung cancer patients,2025,Frontiers in Microbiology,10.3389/fmicb.2025.1604999,-1,"cancer, cell, treatment, patients, microbiota, immune, gut, therapy, disease, resistance"
Oral Capsule FMT Combined With Bezlotoxumab Is a Successful Rescue Protocol Following Failure of FMT Alone in the Treatment of Recurrent C. difficile Infection,2025,Journal of Clinical Gastroenterology,10.1097/MCG.0000000000002108,5,"fmt, difficile, transplantation, fecal, cdi, microbiota transplantation, fecal microbiota, microbiota, treatment, infection"
"An updated review on immune checkpoint inhibitor-induced colitis: epidemiology, pathogenesis, treatment strategies, and the role of traditional Chinese medicine",2025,Frontiers in Immunology,10.3389/fimmu.2025.1551445,-1,"cancer, cell, treatment, patients, microbiota, immune, gut, therapy, disease, resistance"
Decoding Behcet’s Uveitis: an In-depth review of pathogenesis and therapeutic advances,2024,Journal of Neuroinflammation,10.1186/s12974-024-03123-6,5,"fmt, difficile, transplantation, fecal, cdi, microbiota transplantation, fecal microbiota, microbiota, treatment, infection"
Investigating the Role of the Sinus Microbiome and Cytokine Profile in the SNOT-22 Response After Functional Endoscopic Sinus Surgery in Chronic Rhinosinusitis Patients,2025,Journal of Clinical Medicine,10.3390/JCM14134446,5,"fmt, difficile, transplantation, fecal, cdi, microbiota transplantation, fecal microbiota, microbiota, treatment, infection"
Predictive Biomarkers and Resistance Mechanisms of Checkpoint Inhibitors in Malignant Solid Tumors,2024,International Journal of Molecular Sciences,10.3390/ijms25179659,2,"cancer, tumor, immune, cell, resistance, pd, immunotherapy, checkpoint, drug, immune checkpoint"
Unveiling the potential of Urolithin A in Cancer Therapy: Mechanistic Insights to Future Perspectives of Nanomedicine,2025,Nanotheranostics,10.7150/ntno.110966,2,"cancer, tumor, immune, cell, resistance, pd, immunotherapy, checkpoint, drug, immune checkpoint"
Cancer Resistance to Immunotherapy,2025,Immuno,10.3390/immuno5030032,2,"cancer, tumor, immune, cell, resistance, pd, immunotherapy, checkpoint, drug, immune checkpoint"
Emerging Mechanisms and Biomarkers Associated with T-Cells and B-Cells in Autoimmune Disorders,2025,Clinical Reviews in Allergy and Immunology,10.1007/s12016-025-09022-9,-1,"cancer, cell, treatment, patients, microbiota, immune, gut, therapy, disease, resistance"
The Role of Immune Checkpoint Inhibitors in Cancer Therapy: Mechanism and Therapeutic Advances,2025,MedComm,10.1002/mco2.70412,2,"cancer, tumor, immune, cell, resistance, pd, immunotherapy, checkpoint, drug, immune checkpoint"
Isoorientin Alleviates DSS-Treated Acute Colitis in Mice by Regulating Intestinal Epithelial P-Glycoprotein (P-gp) Expression,2024,DNA and Cell Biology,10.1089/dna.2024.0101,7,"ibd, disease, inflammatory, bowel, inflammatory bowel, bowel disease, colitis, crohn, crohn disease, intestinal"
Microglia in Microbiota-Gut-Brain Axis: A Hub in Epilepsy,2024,Molecular Neurobiology,10.1007/s12035-024-04022-w,-1,"cancer, cell, treatment, patients, microbiota, immune, gut, therapy, disease, resistance"
Drug resistance in cancer: molecular mechanisms and emerging treatment strategies,2025,Molecular Biomedicine,10.1186/s43556-025-00352-w,2,"cancer, tumor, immune, cell, resistance, pd, immunotherapy, checkpoint, drug, immune checkpoint"
Multi-omics advances in understanding cancer drug resistance,2025,Biomedical Technology,10.1016/j.bmt.2025.100119,2,"cancer, tumor, immune, cell, resistance, pd, immunotherapy, checkpoint, drug, immune checkpoint"
THE POTENTIAL AND LIMITATIONS OF MIR-150-3P AS A CISPLATIN SENSITIZER IN NSCLC: A COMMENT ON MIR-150-3P ENHANCES THE SENSITIVITY OF NON-SMALL CELL LUNG CANCER TO CISPLATIN BY DOWN-REGULATING THE EXPRESSION OF AKT2,2025,World Cancer Research Journal,10.32113/wcrj_202512_2969,2,"cancer, tumor, immune, cell, resistance, pd, immunotherapy, checkpoint, drug, immune checkpoint"
Advances and challenges in immunotherapy in head and neck cancer,2025,Frontiers in Immunology,10.3389/fimmu.2025.1596583,2,"cancer, tumor, immune, cell, resistance, pd, immunotherapy, checkpoint, drug, immune checkpoint"
"Advances in understanding the role of inflammatory factors and immune cells in the pathology of epilepsy, mediated by neuroimmune interactions within the gut-brain axis",2025,Frontiers in Cell and Developmental Biology,10.3389/fcell.2025.1650909,-1,"cancer, cell, treatment, patients, microbiota, immune, gut, therapy, disease, resistance"
Real-world Effectiveness and Safety of Tofacitinib in Multi-Refractory Ulcerative Colitis: insights from a Belgian Cohort with prior Anti-TNF and Vedolizumab Exposure,2025,Acta Gastro-Enterologica Belgica,10.51821/88.3.14064,8,"colitis, ulcerative, ulcerative colitis, uc, disease, treatment, inflammatory, patients, pouch, therapy"
Bacteroides fragilis 839 ameliorates anti-tuberculosis drugs-induced liver injury by suppressing inflammation and regulating gut microbiota in mice,2025,Frontiers in Medicine,10.3389/fmed.2025.1538528,4,"infection, infections, drug, resistant, aeruginosa, bacterial, phage, tb, mdr, animal"
Clinical efficacy and molecular mechanism of Chinese medicine in the treatment of autoimmune thyroiditis,2024,Journal of Ethnopharmacology,10.1016/j.jep.2023.117689,2,"cancer, tumor, immune, cell, resistance, pd, immunotherapy, checkpoint, drug, immune checkpoint"
"Explore the underlying oral efficacy of α-, β-, γ-Cyclodextrin against the ulcerative colitis using in vitro and in vivo studies assisted by network pharmacology",2024,Journal of Biomolecular Structure and Dynamics,10.1080/07391102.2023.2239901,8,"colitis, ulcerative, ulcerative colitis, uc, disease, treatment, inflammatory, patients, pouch, therapy"
Unlocking the power of the microbiome for successful cancer immunotherapy,2025,Journal for ImmunoTherapy of Cancer,10.1136/jitc-2024-011281,0,"microbiota, gut, cancer, microbiome, immune, immunotherapy, gut microbiota, tumor, patients, treatment"
First-line treatment of fecal microbiota transplantation for immune-mediated colitis.,2024,Journal of Clinical Oncology,10.1200/JCO.2024.42.16_suppl.2660,-1,"cancer, cell, treatment, patients, microbiota, immune, gut, therapy, disease, resistance"
"Tripartite interplay: immune reconstitution dynamics in AIDS, gut microbiota, and Helicobacter pylori infection: current advances and therapeutic prospects",2025,Gut Pathogens,10.1186/s13099-025-00726-z,0,"microbiota, gut, cancer, microbiome, immune, immunotherapy, gut microbiota, tumor, patients, treatment"
Dietary polyphenols ameliorate inflammatory bowel diseases: advances and future perspectives to maximize their nutraceutical applications,2025,Phytochemistry Reviews,10.1007/s11101-023-09866-z,7,"ibd, disease, inflammatory, bowel, inflammatory bowel, bowel disease, colitis, crohn, crohn disease, intestinal"
Identification of a microbial sub-community from the feral chicken gut that reduces Salmonella colonization and improves gut health in a gnotobiotic chicken model,2024,Microbiology Spectrum,10.1128/spectrum.01621-23,0,"microbiota, gut, cancer, microbiome, immune, immunotherapy, gut microbiota, tumor, patients, treatment"
Gut dysbiosis is associated with difficult-to-treat rheumatoid arthritis,2024,Frontiers in Medicine,10.3389/fmed.2024.1497756,7,"ibd, disease, inflammatory, bowel, inflammatory bowel, bowel disease, colitis, crohn, crohn disease, intestinal"
Effects of the Intestinal Microbiome and Metabolites on Neoadjuvant Chemotherapy Efficacy in Breast Cancer,2025,BIO Integration,10.15212/bioi-2025-0040,0,"microbiota, gut, cancer, microbiome, immune, immunotherapy, gut microbiota, tumor, patients, treatment"
Cellular and Molecular Determinants of Biologic Drugs Resistance and Therapeutic Failure in Inflammatory Bowel Disease,2024,International Journal of Molecular Sciences,10.3390/ijms25052789,-1,"cancer, cell, treatment, patients, microbiota, immune, gut, therapy, disease, resistance"
"SITC vision: Opportunities for deeper understanding of mechanisms of anti-tumor activity, toxicity, and resistance to optimize cancer immunotherapy",2025,Journal for ImmunoTherapy of Cancer,10.1136/jitc-2025-011929,2,"cancer, tumor, immune, cell, resistance, pd, immunotherapy, checkpoint, drug, immune checkpoint"
Symbiotic symphony: Understanding host-microbiota dialogues in a spatial context,2024,Seminars in Cell and Developmental Biology,10.1016/j.semcdb.2024.03.001,0,"microbiota, gut, cancer, microbiome, immune, immunotherapy, gut microbiota, tumor, patients, treatment"
Linking ABC transporters to the hallmarks of cancer,2024,Trends in Cancer,10.1016/j.trecan.2023.09.013,6,"liver, bile, acid, protein, transporter, drug, bile acid, metabolism, transporters, ba"
Therapeutic effects of medicinal and food-based traditional herbal couples on type 2 diabetes mellitus based on pharmacodynamics and pharmacokinetics,2025,Frontiers in Pharmacology,10.3389/fphar.2025.1560271,3,"pancreatic, pancreatic cancer, pdac, cancer, ductal, adenocarcinoma, tumor, gemcitabine, pancreatic ductal, resistance"
Mechanisms of immunotherapy resistance in small cell lung cancer,2024,Cancer Drug Resistance,10.20517/cdr.2024.154,2,"cancer, tumor, immune, cell, resistance, pd, immunotherapy, checkpoint, drug, immune checkpoint"
Pipeline treatments on psoriatic disease,2025,Best Practice and Research: Clinical Rheumatology,10.1016/j.berh.2025.102090,6,"liver, bile, acid, protein, transporter, drug, bile acid, metabolism, transporters, ba"
Lessons from the past: what does the future of clinical management of infection after solid organ transplantation look like?,2025,Expert Review of Anti-Infective Therapy,10.1080/14787210.2025.2513461,10,"transplantation, gvhd, graft, graft versus, versus, versus host, acute, cell transplantation, host disease, agvhd"
Design and application of synthetic human gut microbial communities,2025,Gut Microbes,10.1080/19490976.2025.2575923,0,"microbiota, gut, cancer, microbiome, immune, immunotherapy, gut microbiota, tumor, patients, treatment"
Mechanisms and Therapeutic Advances of PXR in Metabolic Diseases and Cancer,2025,International Journal of Molecular Sciences,10.3390/ijms26168029,6,"liver, bile, acid, protein, transporter, drug, bile acid, metabolism, transporters, ba"
Preclinical activity of allogeneic SLAMF7-specific CAR T-cells (UCARTCS1) in multiple myeloma,2024,Journal for ImmunoTherapy of Cancer,10.1136/jitc-2023-008769,-1,"cancer, cell, treatment, patients, microbiota, immune, gut, therapy, disease, resistance"
Ocular Manifestations in Children with Vernal Keratoconjunctivitis,2025,Children,10.3390/children12050609,-1,"cancer, cell, treatment, patients, microbiota, immune, gut, therapy, disease, resistance"
Washed microbiota transplantation combined with biological agents promotes histological remission in refractory severe ulcerative colitis with recurrent intestinal infection: A case report,2024,Arab Journal of Gastroenterology,10.1016/j.ajg.2024.07.008,5,"fmt, difficile, transplantation, fecal, cdi, microbiota transplantation, fecal microbiota, microbiota, treatment, infection"
Emerging roles of circular RNAs in regulating the hallmarks of thyroid cancer,2024,Cancer Gene Therapy,10.1038/s41417-024-00736-0,2,"cancer, tumor, immune, cell, resistance, pd, immunotherapy, checkpoint, drug, immune checkpoint"
Inulin Reverses Intestinal Mrp2 Downregulation in a Diet-Induced Obesity Mouse Model: Role of Intestinal Microbiota as a Pivotal Modulator,2025,Pharmaceutics,10.3390/pharmaceutics17121575,0,"microbiota, gut, cancer, microbiome, immune, immunotherapy, gut microbiota, tumor, patients, treatment"
"Deciphering and overcoming Anti-PD-1 resistance in Melanoma: A comprehensive review of Mechanisms, biomarker Developments, and therapeutic strategies",2024,International Immunopharmacology,10.1016/j.intimp.2024.111989,-1,"cancer, cell, treatment, patients, microbiota, immune, gut, therapy, disease, resistance"
First Exploration of the Altered Microbial Gut–Lung Axis in the Pathogenesis of Human Refractory Chronic Cough,2024,Lung,10.1007/s00408-024-00681-7,-1,"cancer, cell, treatment, patients, microbiota, immune, gut, therapy, disease, resistance"
An olsalazine nanoneedle-embedded inulin hydrogel reshapes intestinal homeostasis in inflammatory bowel disease,2024,Bioactive Materials,10.1016/j.bioactmat.2023.10.028,7,"ibd, disease, inflammatory, bowel, inflammatory bowel, bowel disease, colitis, crohn, crohn disease, intestinal"
"Microdose Cocktail Study Reveals the Activity and Key Influencing Factors of OATP1B, P-Gp, BCRP, and CYP3A in End-Stage Renal Disease Patients",2025,Clinical Pharmacology and Therapeutics,10.1002/cpt.3546,6,"liver, bile, acid, protein, transporter, drug, bile acid, metabolism, transporters, ba"
The Malignant Transformation of Viral Hepatitis to Hepatocellular Carcinoma: Mechanisms and Interventions,2025,MedComm,10.1002/mco2.70121,9,"hcc, liver, hepatocellular, carcinoma, hepatocellular carcinoma, tumor, immune, sorafenib, resistance, immunotherapy"
Coconut Water Induces Clinical Remission in Mild to Moderate Ulcerative Colitis: Double-blind Placebo-controlled Trial,2024,Clinical Gastroenterology and Hepatology,10.1016/j.cgh.2024.01.013,8,"colitis, ulcerative, ulcerative colitis, uc, disease, treatment, inflammatory, patients, pouch, therapy"
"Incidence, risk factors and therapy response of acute graft-versus-host disease after myeloablative hematopoietic stem cell transplantation with posttransplant cyclophosphamide",2024,Bone Marrow Transplantation,10.1038/s41409-024-02391-3,10,"transplantation, gvhd, graft, graft versus, versus, versus host, acute, cell transplantation, host disease, agvhd"
Understanding and overcoming resistance to immunotherapy in genitourinary cancers,2024,Cancer Biology and Therapy,10.1080/15384047.2024.2342599,2,"cancer, tumor, immune, cell, resistance, pd, immunotherapy, checkpoint, drug, immune checkpoint"
Evaluation of Plant Essential Oils as Natural Alternatives for Alcohol-based Mouthwashes: Spotlight-Lemongrass and Citronella Java,2024,European Journal of General Dentistry,10.1055/s-0043-1777768,-1,"cancer, cell, treatment, patients, microbiota, immune, gut, therapy, disease, resistance"
Biological mechanisms of resistance to immune checkpoint inhibitors and overcoming this resistance: Challenges in medical oncology,2024,Regulatory Mechanisms in Biosystems,10.15421/022412,2,"cancer, tumor, immune, cell, resistance, pd, immunotherapy, checkpoint, drug, immune checkpoint"
Facts and Hopes: Toward the Next Quantum Leap in Melanoma,2025,Clinical Cancer Research,10.1158/1078-0432.CCR-25-0278,-1,"cancer, cell, treatment, patients, microbiota, immune, gut, therapy, disease, resistance"
"Pouchitis unveiled: exploring clinical features, diagnosis, and cutting-edge treatments",2025,Therapeutic Advances in Gastroenterology,10.1177/17562848251316412,8,"colitis, ulcerative, ulcerative colitis, uc, disease, treatment, inflammatory, patients, pouch, therapy"
Oesophageal squamous cell carcinoma in a blue-fronted Amazon parrot (Amazona aestiva),2024,Veterinary Record Case Reports,10.1002/vrc2.943,-1,"cancer, cell, treatment, patients, microbiota, immune, gut, therapy, disease, resistance"
"Pathophysiological mechanisms, diagnostic innovations, and multimodal therapeutic strategies for slow transit constipation",2025,BMC Gastroenterology,10.1186/s12876-025-04387-9,6,"liver, bile, acid, protein, transporter, drug, bile acid, metabolism, transporters, ba"
A deep learning-driven discovery of berberine derivatives as novel antibacterial against multidrug-resistant Helicobacter pylori,2024,Signal Transduction and Targeted Therapy,10.1038/s41392-024-01895-0,-1,"cancer, cell, treatment, patients, microbiota, immune, gut, therapy, disease, resistance"
Biomimetic “Trojan Horse” nanoparticles with biotactic behavior toward tumor-associated bacteria for targeted therapy of colorectal cancer,2025,Cell Biomaterials,10.1016/j.celbio.2025.100092,1,"crc, colorectal, cancer, colorectal cancer, nucleatum, tumor, cells, microbiota, cell, resistance"
"2-Dodecyl-6-methoxycyclohexa-2,5-dien-1,4-dione alleviates liver fibrosis and improves intestinal flora and bile acid metabolism",2025,Frontiers in Pharmacology,10.3389/fphar.2025.1581138,6,"liver, bile, acid, protein, transporter, drug, bile acid, metabolism, transporters, ba"
The increasing burden of early-onset pancreatic and biliary tract cancers: a review of risk factors,2025,ESMO Gastrointestinal Oncology,10.1016/j.esmogo.2025.100204,3,"pancreatic, pancreatic cancer, pdac, cancer, ductal, adenocarcinoma, tumor, gemcitabine, pancreatic ductal, resistance"
Review Article: Understanding the Role of the Microbiome in Breast Cancer Progression,2025,Critical Reviews in Oncogenesis,10.1615/CRITREVONCOG.2024056468,0,"microbiota, gut, cancer, microbiome, immune, immunotherapy, gut microbiota, tumor, patients, treatment"
VARIDT 3.0: the phenotypic and regulatory variability of drug transporter,2024,Nucleic Acids Research,10.1093/nar/gkad818,6,"liver, bile, acid, protein, transporter, drug, bile acid, metabolism, transporters, ba"
The gut-immune axis in primary immune thrombocytopenia (ITP): a paradigm shifts in treatment approaches,2025,Frontiers in Immunology,10.3389/fimmu.2025.1595977,0,"microbiota, gut, cancer, microbiome, immune, immunotherapy, gut microbiota, tumor, patients, treatment"
Antibiotic Effect on Clinical Response and Remission in Pediatric Inflammatory Bowel Disease,2025,Pediatric Reports,10.3390/pediatric17040077,7,"ibd, disease, inflammatory, bowel, inflammatory bowel, bowel disease, colitis, crohn, crohn disease, intestinal"
The gut microbial metabolite phenylacetylglutamine increases susceptibility to atrial fibrillation after myocardial infarction through ferroptosis and NLRP3 inflammasome,2025,Apoptosis,10.1007/s10495-024-02046-0,-1,"cancer, cell, treatment, patients, microbiota, immune, gut, therapy, disease, resistance"
"The role of botanical triterpenoids and steroids in bile acid metabolism, transport, and signaling: Pharmacological and toxicological implications",2024,Acta Pharmaceutica Sinica B,10.1016/j.apsb.2024.04.027,6,"liver, bile, acid, protein, transporter, drug, bile acid, metabolism, transporters, ba"
A viable remedy for overcoming resistance to anti-PD-1 immunotherapy: Fecal microbiota transplantation,2024,Critical Reviews in Oncology/Hematology,10.1016/j.critrevonc.2024.104403,2,"cancer, tumor, immune, cell, resistance, pd, immunotherapy, checkpoint, drug, immune checkpoint"
Immune checkpoint inhibition in renal cell carcinoma: Mechanisms of resistance and emerging therapeutic strategies,2025,Biomedicine and Pharmacotherapy,10.1016/j.biopha.2025.118875,2,"cancer, tumor, immune, cell, resistance, pd, immunotherapy, checkpoint, drug, immune checkpoint"
Toward a better pan-tumor predictive signature for unleashing precision immuno-oncology,2025,Journal for ImmunoTherapy of Cancer,10.1136/jitc-2025-013213,2,"cancer, tumor, immune, cell, resistance, pd, immunotherapy, checkpoint, drug, immune checkpoint"
"Combination therapy with immune checkpoint inhibitors in colorectal cancer: Challenges, resistance mechanisms, and the role of microbiota",2025,Biomedicine and Pharmacotherapy,10.1016/j.biopha.2025.118014,1,"crc, colorectal, cancer, colorectal cancer, nucleatum, tumor, cells, microbiota, cell, resistance"
Ameliorative Effect of Glycyrrhizic Acid on Diosbulbin B-Induced Liver Injury and Its Mechanism,2025,American Journal of Chinese Medicine,10.1142/S0192415X25500120,6,"liver, bile, acid, protein, transporter, drug, bile acid, metabolism, transporters, ba"
"The colitis may be microscopic, but the diarrhea is not: Update on the treatment of microscopic colitis and immune checkpoint inhibitor colitis",2024,Current Opinion in Gastroenterology,10.1097/MOG.0000000000000986,-1,"cancer, cell, treatment, patients, microbiota, immune, gut, therapy, disease, resistance"
Emerging Techniques of Translational Research in Immuno-Oncology: A Focus on Non-Small Cell Lung Cancer,2025,Cancers,10.3390/cancers17132244,2,"cancer, tumor, immune, cell, resistance, pd, immunotherapy, checkpoint, drug, immune checkpoint"
Overcoming the Challenge: A Comprehensive Review of Neoadjuvant Treatment Resistance in Rectal Cancer,2025,Journal of Gastrointestinal Cancer,10.1007/s12029-025-01324-7,1,"crc, colorectal, cancer, colorectal cancer, nucleatum, tumor, cells, microbiota, cell, resistance"
Lessons learned: endoscopy with 96-hour ambulatory esophageal pH monitoring as a tool to avoid proton pump inhibitor use in cancer patients with refractory gastroesophageal reflux,2025,Diseases of the Esophagus,10.1093/dote/doaf102,-1,"cancer, cell, treatment, patients, microbiota, immune, gut, therapy, disease, resistance"
Gut Microbiota–Related Biomarkers in Immuno-Oncology,2025,Annual Review of Pharmacology and Toxicology,10.1146/annurev-pharmtox-061124-102218,0,"microbiota, gut, cancer, microbiome, immune, immunotherapy, gut microbiota, tumor, patients, treatment"
The integration of metabolites from Forsythia suspensa and gut microbiota ameliorates drug-induced liver injury: network pharmacology and molecular docking studies,2025,"Artificial Cells, Nanomedicine and Biotechnology",10.1080/21691401.2025.2475088,6,"liver, bile, acid, protein, transporter, drug, bile acid, metabolism, transporters, ba"
"The oncobiome; what, so what, now what?",2025,Microbiome Research Reports,10.20517/mrr.2024.89,0,"microbiota, gut, cancer, microbiome, immune, immunotherapy, gut microbiota, tumor, patients, treatment"
What’s new about the tumor microenvironment of urothelial carcinoma?,2024,Clinical and Translational Oncology,10.1007/s12094-024-03384-w,-1,"cancer, cell, treatment, patients, microbiota, immune, gut, therapy, disease, resistance"
Inhibition of Candida albicans virulence by moscatin from Dendrobium nobile lindl.,2024,Microbial Pathogenesis,10.1016/j.micpath.2024.107089,4,"infection, infections, drug, resistant, aeruginosa, bacterial, phage, tb, mdr, animal"
Lack of IFN-γ response of human uterine myometrium-derived MSCs significantly improve multiple IBD parameters compared to bone marrow MSCs: Implications for anti-TNFα-refractory patients,2025,Pharmacological Research,10.1016/j.phrs.2025.107716,7,"ibd, disease, inflammatory, bowel, inflammatory bowel, bowel disease, colitis, crohn, crohn disease, intestinal"
Exploring the Therapeutic Landscape of Probiotics in Enteric and Respiratory Viral Infections,2025,Probiotics and Antimicrobial Proteins,10.1007/s12602-025-10683-3,4,"infection, infections, drug, resistant, aeruginosa, bacterial, phage, tb, mdr, animal"
Third-party fecal microbiota transplantation for high-risk treatment-naïve acute GVHD of the lower GI tract,2024,Blood Advances,10.1182/bloodadvances.2024012556,-1,"cancer, cell, treatment, patients, microbiota, immune, gut, therapy, disease, resistance"
Gut microbiomes and treatment-resistant ulcerative colitis: a case-control study using qPCR,2025,BMC Microbiology,10.1186/s12866-025-03963-z,8,"colitis, ulcerative, ulcerative colitis, uc, disease, treatment, inflammatory, patients, pouch, therapy"
Ethanol Extract of Limonium bicolor Improves Dextran Sulfate Sodium-Induced Ulcerative Colitis by Alleviating Inflammation and Restoring Gut Microbiota Dysbiosis in Mice,2024,Marine Drugs,10.3390/md22040175,8,"colitis, ulcerative, ulcerative colitis, uc, disease, treatment, inflammatory, patients, pouch, therapy"
Role and functional mechanisms of IL‑17/IL‑17R signaling in pancreatic cancer (Review),2024,Oncology Reports,10.3892/or.2024.8803,3,"pancreatic, pancreatic cancer, pdac, cancer, ductal, adenocarcinoma, tumor, gemcitabine, pancreatic ductal, resistance"
The use of faecal microbiota transplant as treatment for recurrent or refractory Clostridioides difficile infection and other potential indications: second edition of joint British Society of Gastroenterology (BSG) and Healthcare Infection Society (HIS) guidelines,2024,Gut,10.1136/gutjnl-2023-331550,5,"fmt, difficile, transplantation, fecal, cdi, microbiota transplantation, fecal microbiota, microbiota, treatment, infection"
Effects of dietary intervention on human diseases: molecular mechanisms and therapeutic potential,2024,Signal Transduction and Targeted Therapy,10.1038/s41392-024-01771-x,-1,"cancer, cell, treatment, patients, microbiota, immune, gut, therapy, disease, resistance"
Pulsatilla chinensis extract alleviate Staphylococcus aureus induced mastitis in mice by regulating the inflammatory response and gut microbiota,2025,Frontiers in Veterinary Science,10.3389/fvets.2025.1603107,4,"infection, infections, drug, resistant, aeruginosa, bacterial, phage, tb, mdr, animal"
Gut microbiome pattern impacts treatment response in primary biliary cholangitis,2025,Med,10.1016/j.medj.2024.08.003,6,"liver, bile, acid, protein, transporter, drug, bile acid, metabolism, transporters, ba"
Potential role of bile acids in the pathogenesis of necrotizing enterocolitis,2024,Life Sciences,10.1016/j.lfs.2023.122279,6,"liver, bile, acid, protein, transporter, drug, bile acid, metabolism, transporters, ba"
Ligilactobacillus salivarius alleviated intestinal damage induced by Salmonella in mice via regulating microbiota,2025,BMC Microbiology,10.1186/s12866-025-04277-w,4,"infection, infections, drug, resistant, aeruginosa, bacterial, phage, tb, mdr, animal"
Targeting immune checkpoints in hepatocellular carcinoma therapy: toward combination strategies with curative potential,2025,Experimental Hematology and Oncology,10.1186/s40164-025-00636-5,9,"hcc, liver, hepatocellular, carcinoma, hepatocellular carcinoma, tumor, immune, sorafenib, resistance, immunotherapy"
Self-assembled nano delivery system of fenugreek polysaccharides: Effects on curcumin bioavailability and molecular mechanisms,2025,International Journal of Biological Macromolecules,10.1016/j.ijbiomac.2024.138294,1,"crc, colorectal, cancer, colorectal cancer, nucleatum, tumor, cells, microbiota, cell, resistance"
Lycium barbarum polysaccharides alleviate experimental autoimmune prostatitis by putrescine/TRAF/JAK/STAT-mediated Th17 differentiation,2025,Phytomedicine,10.1016/j.phymed.2025.157210,-1,"cancer, cell, treatment, patients, microbiota, immune, gut, therapy, disease, resistance"
"Prebiotics, Probiotics and Postbiotics: The Changing Paradigm of Functional Foods",2024,Journal of Dietary Supplements,10.1080/19390211.2024.2363199,4,"infection, infections, drug, resistant, aeruginosa, bacterial, phage, tb, mdr, animal"
Role of long non-coding RNA ELFN1-AS1 in carcinogenesis,2024,Discover Oncology,10.1007/s12672-024-00929-x,-1,"cancer, cell, treatment, patients, microbiota, immune, gut, therapy, disease, resistance"
The interplay between gut bacteria and targeted therapies: implications for future cancer treatments,2025,Molecular Medicine,10.1186/s10020-025-01108-6,0,"microbiota, gut, cancer, microbiome, immune, immunotherapy, gut microbiota, tumor, patients, treatment"
Microbiome dysbiosis and immune checkpoint inhibitors: Dual targets in Hepatocellular carcinoma management,2025,World Journal of Hepatology,10.4254/wjh.v17.i7.106810,9,"hcc, liver, hepatocellular, carcinoma, hepatocellular carcinoma, tumor, immune, sorafenib, resistance, immunotherapy"
Bacterial-Mediated In Situ Engineering of Tumour-Associated Macrophages for Cancer Immunotherapy,2025,Cancers,10.3390/cancers17050723,0,"microbiota, gut, cancer, microbiome, immune, immunotherapy, gut microbiota, tumor, patients, treatment"
"Mesenchymal stromal cells plus basiliximab improve the response of steroid-refractory acute graft-versus-host disease as a second-line therapy: a multicentre, randomized, controlled trial",2024,BMC Medicine,10.1186/s12916-024-03275-5,10,"transplantation, gvhd, graft, graft versus, versus, versus host, acute, cell transplantation, host disease, agvhd"
Therapeutic properties of plant-derived prebiotics in melanoma,2025,Exploration of Targeted Anti-tumor Therapy,10.37349/etat.2025.1002354,0,"microbiota, gut, cancer, microbiome, immune, immunotherapy, gut microbiota, tumor, patients, treatment"
"The health benefits of dietary polyphenols on pediatric intestinal diseases: Mechanism of action, clinical evidence and future research progress",2024,Phytotherapy Research,10.1002/ptr.8218,-1,"cancer, cell, treatment, patients, microbiota, immune, gut, therapy, disease, resistance"
"Neutrophils, not macrophages, aid phage-mediated control of pulmonary Pseudomonas aeruginosa infection",2025,Frontiers in Immunology,10.3389/fimmu.2025.1681461,4,"infection, infections, drug, resistant, aeruginosa, bacterial, phage, tb, mdr, animal"
Gut Microbiota Composition Correlates with Disease Severity in Myelodysplastic Syndrome,2024,International Journal of Hematology-Oncology and Stem Cell Research,10.18502/ijhoscr.v18i2.15377,-1,"cancer, cell, treatment, patients, microbiota, immune, gut, therapy, disease, resistance"
Pharmacological Intervention for Refractory Biofilm Infection After Hemipelvic Replacement Surgery: Multidisciplinary Management of a Case of Giant Cell Tumor of Bone,2025,American Journal of Case Reports,10.12659/AJCR.949210,4,"infection, infections, drug, resistant, aeruginosa, bacterial, phage, tb, mdr, animal"
Beyond the tumor: the gut microbiome as a key player in immunotherapy efficacy and resistance,2025,Naunyn-Schmiedeberg's Archives of Pharmacology,10.1007/s00210-025-04315-4,0,"microbiota, gut, cancer, microbiome, immune, immunotherapy, gut microbiota, tumor, patients, treatment"
Clinical Detection and Management of Colorectal Cancer Concerning the Gut Microbiome,2025,Scientifica,10.1155/sci5/1945321,1,"crc, colorectal, cancer, colorectal cancer, nucleatum, tumor, cells, microbiota, cell, resistance"
"Lactobacillus paracasei Jlus66 relieves DSS-induced ulcerative colitis in a murine model by maintaining intestinal barrier integrity, inhibiting inflammation, and improving intestinal microbiota structure",2024,European Journal of Nutrition,10.1007/s00394-024-03419-6,8,"colitis, ulcerative, ulcerative colitis, uc, disease, treatment, inflammatory, patients, pouch, therapy"
Immune effector cell-associated enterocolitis following chimeric antigen receptor T-cell therapy in multiple myeloma,2024,Blood Cancer Journal,10.1038/s41408-024-01167-8,-1,"cancer, cell, treatment, patients, microbiota, immune, gut, therapy, disease, resistance"
The immunotherapy landscape in AML: Defining knowledge gaps toward rational combinatorial strategies,2025,Seminars in Hematology,10.1053/j.seminhematol.2025.08.003,-1,"cancer, cell, treatment, patients, microbiota, immune, gut, therapy, disease, resistance"
Effectiveness of newly isolated bacteriophages targeting multidrug-resistant Extraintestinal Pathogenic Escherichia coli strain (TZ1_3) in food preservation and mice health modulation,2025,Food Chemistry,10.1016/j.foodchem.2025.142833,4,"infection, infections, drug, resistant, aeruginosa, bacterial, phage, tb, mdr, animal"
Real-world Effectiveness of Fecal Microbiota Transplantation for First or Second Clostridioides difficile Infection,2025,Clinical Gastroenterology and Hepatology,10.1016/j.cgh.2024.05.038,5,"fmt, difficile, transplantation, fecal, cdi, microbiota transplantation, fecal microbiota, microbiota, treatment, infection"
Targeting systemic and gut microbial metabolism in ER+ breast cancer,2024,Trends in Endocrinology and Metabolism,10.1016/j.tem.2023.12.008,0,"microbiota, gut, cancer, microbiome, immune, immunotherapy, gut microbiota, tumor, patients, treatment"
The gut-lung axis in tuberculosis: A new frontier in immunomodulation and microbiota-directed therapeutic strategies,2025,Microbial Pathogenesis,10.1016/j.micpath.2025.108087,4,"infection, infections, drug, resistant, aeruginosa, bacterial, phage, tb, mdr, animal"
Coordinated action of a gut–liver pathway drives alcohol detoxification and consumption,2024,Nature Metabolism,10.1038/s42255-024-01063-2,6,"liver, bile, acid, protein, transporter, drug, bile acid, metabolism, transporters, ba"
Exosomal circular RNAs in tumor microenvironment: An emphasis on signaling pathways and clinical opportunities,2024,MedComm,10.1002/mco2.70019,2,"cancer, tumor, immune, cell, resistance, pd, immunotherapy, checkpoint, drug, immune checkpoint"
Ileal microbial microbiome and its secondary bile acids modulate susceptibility to nonalcoholic steatohepatitis in dairy goats,2024,Microbiome,10.1186/s40168-024-01964-0,6,"liver, bile, acid, protein, transporter, drug, bile acid, metabolism, transporters, ba"
Soil and Seed: Tumor Microenvironment Nurtures Immunotherapy Resistance and Renewal,2025,International Journal of Molecular Sciences,10.3390/ijms262110547,2,"cancer, tumor, immune, cell, resistance, pd, immunotherapy, checkpoint, drug, immune checkpoint"
"Management of paediatric ulcerative colitis, part 1: Ambulatory care—An updated evidence-based consensus guideline from the European Society of Paediatric Gastroenterology, Hepatology and Nutrition and the European Crohn's and Colitis Organisation",2025,Journal of Pediatric Gastroenterology and Nutrition,10.1002/jpn3.70097,8,"colitis, ulcerative, ulcerative colitis, uc, disease, treatment, inflammatory, patients, pouch, therapy"
Enhancing Immune Response in Immunotherapy-Resistant Melanoma Through Fecal Microbiota Transplantation: A Systematic Review,2025,Biomedical and Pharmacology Journal,10.13005/bpj/3287,-1,"cancer, cell, treatment, patients, microbiota, immune, gut, therapy, disease, resistance"
miRNA signatures underlie chemoresistance in the gemcitabine-resistant pancreatic ductal adenocarcinoma cell line MIA PaCa-2 GR,2024,Frontiers in Genetics,10.3389/fgene.2024.1393353,3,"pancreatic, pancreatic cancer, pdac, cancer, ductal, adenocarcinoma, tumor, gemcitabine, pancreatic ductal, resistance"
Recombinant Bacteriocin Rhamnosin Suppresses Malignant Phenotypes of Colorectal Cancer Cells,2025,Trends in Sciences,10.48048/tis.2025.10057,1,"crc, colorectal, cancer, colorectal cancer, nucleatum, tumor, cells, microbiota, cell, resistance"
Fungal dysbiosis following antibacterial monotherapy in canine otitis externa,2025,Journal of Small Animal Practice,10.1111/jsap.13801,4,"infection, infections, drug, resistant, aeruginosa, bacterial, phage, tb, mdr, animal"
Probiotics as a Complementary Medicine in Neurologic Disorders,2025,Health Science Reports,10.1002/hsr2.71422,4,"infection, infections, drug, resistant, aeruginosa, bacterial, phage, tb, mdr, animal"
Gut microbiota and metabolites as predictors of biologics response in inflammatory bowel disease: A comprehensive systematic review,2024,Microbiological Research,10.1016/j.micres.2024.127660,7,"ibd, disease, inflammatory, bowel, inflammatory bowel, bowel disease, colitis, crohn, crohn disease, intestinal"
Butyrate ameliorates DSS-induced ulcerative colitis in mice by facilitating autophagy in intestinal epithelial cells and modulating the gut microbiota through blocking the PI3K-AKT-mTOR pathway,2025,PLOS ONE,10.1371/journal.pone.0337214,8,"colitis, ulcerative, ulcerative colitis, uc, disease, treatment, inflammatory, patients, pouch, therapy"
Chronic spontaneous urticaria: update on pathogenesis and therapeutic implications,2025,Anais Brasileiros de Dermatologia,10.1016/j.abd.2025.501198,-1,"cancer, cell, treatment, patients, microbiota, immune, gut, therapy, disease, resistance"
The gut microbiota and breast cancer: A comprehensive review of emerging links and therapeutic implications,2025,Medicine in Microecology,10.1016/j.medmic.2025.100155,0,"microbiota, gut, cancer, microbiome, immune, immunotherapy, gut microbiota, tumor, patients, treatment"
Environmentally Relevant Concentrations of Microplastic Exposure Cause Cholestasis and Bile Acid Metabolism Dysregulation through a Gut-Liver Loop in Mice,2024,Environmental Science and Technology,10.1021/acs.est.3c07108,6,"liver, bile, acid, protein, transporter, drug, bile acid, metabolism, transporters, ba"
Pharmacological potential of natural medicine Astragali Radix in treating intestinal diseases,2024,Biomedicine and Pharmacotherapy,10.1016/j.biopha.2024.117580,-1,"cancer, cell, treatment, patients, microbiota, immune, gut, therapy, disease, resistance"
Immune checkpoint blockade resistance in lung cancer: emerging mechanisms and therapeutic opportunities,2024,Trends in Pharmacological Sciences,10.1016/j.tips.2024.04.006,2,"cancer, tumor, immune, cell, resistance, pd, immunotherapy, checkpoint, drug, immune checkpoint"
Current trends in sensitizing immune checkpoint inhibitors for cancer treatment,2024,Molecular Cancer,10.1186/s12943-024-02179-5,2,"cancer, tumor, immune, cell, resistance, pd, immunotherapy, checkpoint, drug, immune checkpoint"
Dual-targeted treatment for inflammatory bowel disease: Whether fecal microbiota transplantation can be an important part of it,2024,World Journal of Gastroenterology,10.3748/wjg.v30.i36.4025,7,"ibd, disease, inflammatory, bowel, inflammatory bowel, bowel disease, colitis, crohn, crohn disease, intestinal"
MAIT Cells Promote Cholesterol Excretion Pathways Mitigating Atherosclerosis,2025,Circulation Research,10.1161/CIRCRESAHA.124.325841,-1,"cancer, cell, treatment, patients, microbiota, immune, gut, therapy, disease, resistance"
Advances in basic and translational research into nasopharyngeal carcinoma,2025,Oncology and Translational Medicine,10.1097/ot9.0000000000000071,2,"cancer, tumor, immune, cell, resistance, pd, immunotherapy, checkpoint, drug, immune checkpoint"
Treatment outcomes of mild to moderate Clostridioides difficile infection in inflammatory bowel disease: an Australian experience,2024,Internal Medicine Journal,10.1111/imj.16545,5,"fmt, difficile, transplantation, fecal, cdi, microbiota transplantation, fecal microbiota, microbiota, treatment, infection"
Fusobacterium nucleatum in Health and Disease,2025,MedComm,10.1002/mco2.70465,1,"crc, colorectal, cancer, colorectal cancer, nucleatum, tumor, cells, microbiota, cell, resistance"
Effect of fecal transplantation on patient reported outcomes after immune checkpoint inhibitor colitis.,2024,Journal of Clinical Oncology,10.1200/JCO.2024.42.16_suppl.2517,5,"fmt, difficile, transplantation, fecal, cdi, microbiota transplantation, fecal microbiota, microbiota, treatment, infection"
Impact of gut microbiome on immunotherapy resistance in hepatocellular carcinoma: a review article,2024,Hepatoma Research,10.20517/2394-5079.2024.76,0,"microbiota, gut, cancer, microbiome, immune, immunotherapy, gut microbiota, tumor, patients, treatment"
New insights into the effects of microbiome and its derived metabolites on targeted immunotherapy,2025,Journal of the Egyptian National Cancer Institute,10.1186/s43046-025-00330-x,0,"microbiota, gut, cancer, microbiome, immune, immunotherapy, gut microbiota, tumor, patients, treatment"
Bacterial Influence on Pharmacokinetics of Tacrolimus and Sulfasalazine through Regulation of Host Metabolism,2024,Advanced Therapeutics,10.1002/adtp.202300449,0,"microbiota, gut, cancer, microbiome, immune, immunotherapy, gut microbiota, tumor, patients, treatment"
Selection strategy of second-line biologic therapies in adult patients with ulcerative colitis following prior biologic treatment failure: Systematic review and meta-analysis,2024,Pharmacological Research,10.1016/j.phrs.2024.107108,8,"colitis, ulcerative, ulcerative colitis, uc, disease, treatment, inflammatory, patients, pouch, therapy"
Leucine restriction ameliorates Fusobacterium nucleatum-driven malignant progression and radioresistance in nasopharyngeal carcinoma,2024,Cell Reports Medicine,10.1016/j.xcrm.2024.101753,1,"crc, colorectal, cancer, colorectal cancer, nucleatum, tumor, cells, microbiota, cell, resistance"
Dark force rising: Reawakening and targeting of fetal-like stem cells in colorectal cancer,2024,Cell Reports,10.1016/j.celrep.2024.114270,1,"crc, colorectal, cancer, colorectal cancer, nucleatum, tumor, cells, microbiota, cell, resistance"
Randomized clinical trial of infliximab versus vedolizumab for immune checkpoint inhibitor related colitis,2024,Journal of Clinical Oncology,10.1200/JCO.2024.42.16_suppl.2661,-1,"cancer, cell, treatment, patients, microbiota, immune, gut, therapy, disease, resistance"
PRObiotics against pathogenic bacteria and cancer,2025,Siberian Journal of Oncology,10.21294/1814-4861-2025-24-1-150-163,-1,"cancer, cell, treatment, patients, microbiota, immune, gut, therapy, disease, resistance"
Clinical Efficacy of Modified Banxia Xiexintang Combined with Vedolizumab in Treatment of Crohn's Disease with Syndrome of Cold and Heat in Complexity; [半夏泻心汤加减联合维得利珠单抗治疗克罗恩病寒 热错杂证的临床疗效],2024,Chinese Journal of Experimental Traditional Medical Formulae,10.13422/j.cnki.syfjx.20240892,8,"colitis, ulcerative, ulcerative colitis, uc, disease, treatment, inflammatory, patients, pouch, therapy"
Unveiling the potential of purinergic signaling in schistosomiasis treatment,2021,Current Topics in Medicinal Chemistry,10.2174/1568026620666200924115113,0,"microbiota, gut, cancer, microbiome, immune, immunotherapy, gut microbiota, tumor, patients, treatment"
Human Amnion-Derived Mesenchymal Stromal Cells in Cirrhotic Patients with Refractory Ascites: A Possible Anti-Inflammatory Therapy for Preventing Spontaneous Bacterial Peritonitis,2021,Stem Cell Reviews and Reports,10.1007/s12015-020-10104-8,-1,"cancer, cell, treatment, patients, microbiota, immune, gut, therapy, disease, resistance"
"Future prospect of ""Gut microbiome composition can predict the response to nivolumab in advanced hepatocellular carcinoma patients""",2022,World Journal of Gastroenterology,10.3748/wjg.v28.i20.2248,0,"microbiota, gut, cancer, microbiome, immune, immunotherapy, gut microbiota, tumor, patients, treatment"
"Polyphenols: Bioavailability, Microbiome Interactions and Cellular Effects on Health in Humans and Animals",2022,Pathogens,10.3390/pathogens11070770,-1,"cancer, cell, treatment, patients, microbiota, immune, gut, therapy, disease, resistance"
A Biomimetic Nanoplatform with Improved Inflammatory Targeting Behavior for ROS Scavenging-Based Treatment of Ulcerative Colitis,2023,Advanced Healthcare Materials,10.1002/adhm.202301450,8,"colitis, ulcerative, ulcerative colitis, uc, disease, treatment, inflammatory, patients, pouch, therapy"
Effects of Long Non-Coding RNAs Induced by the Gut Microbiome on Regulating the Development of Colorectal Cancer,2022,Cancers,10.3390/cancers14235813,1,"crc, colorectal, cancer, colorectal cancer, nucleatum, tumor, cells, microbiota, cell, resistance"
"Metal ions and nanometallic materials in antitumor immunity: Function, application, and perspective",2023,Journal of Nanobiotechnology,10.1186/s12951-023-01771-z,2,"cancer, tumor, immune, cell, resistance, pd, immunotherapy, checkpoint, drug, immune checkpoint"
Updates in toxicities associated with immune checkpoint inhibitors,2023,Expert Review of Clinical Immunology,10.1080/1744666X.2023.2221434,2,"cancer, tumor, immune, cell, resistance, pd, immunotherapy, checkpoint, drug, immune checkpoint"
Targeting the Microbiome to Overcome Resistance,2021,Cancer Cell,10.1016/j.ccell.2021.01.016,-1,"cancer, cell, treatment, patients, microbiota, immune, gut, therapy, disease, resistance"
Gut microbiome on immune checkpoint inhibitor therapy and consequent immune-related colitis: a review,2023,Intestinal Research,10.5217/IR.2023.00019,0,"microbiota, gut, cancer, microbiome, immune, immunotherapy, gut microbiota, tumor, patients, treatment"
Anxiolytic- and antidepressant-like effects of Bacillus coagulans Unique IS-2 mediate via reshaping of microbiome gut-brain axis in rats,2023,Neurochemistry International,10.1016/j.neuint.2023.105483,0,"microbiota, gut, cancer, microbiome, immune, immunotherapy, gut microbiota, tumor, patients, treatment"
"Neonatal Exposure to BPA, BDE-99, and PCB Produces Persistent Changes in Hepatic Transcriptome Associated with Gut Dysbiosis in Adult Mouse Livers",2021,Toxicological Sciences,10.1093/toxsci/kfab104,6,"liver, bile, acid, protein, transporter, drug, bile acid, metabolism, transporters, ba"
Antituberculosis Therapy and Gut Microbiota: Review of Potential Host Microbiota Directed-Therapies,2021,Frontiers in Cellular and Infection Microbiology,10.3389/fcimb.2021.673100,4,"infection, infections, drug, resistant, aeruginosa, bacterial, phage, tb, mdr, animal"
Metabolomic and transcriptomic analysis reveals endogenous substrates and metabolic adaptation in rats lacking Abcg2 and Abcb1a transporters,2021,PLoS ONE,10.1371/journal.pone.0253852,6,"liver, bile, acid, protein, transporter, drug, bile acid, metabolism, transporters, ba"
The multifaceted role of STAT3 pathway and its implication as a potential therapeutic target in oral cancer,2022,Archives of Pharmacal Research,10.1007/s12272-022-01398-y,1,"crc, colorectal, cancer, colorectal cancer, nucleatum, tumor, cells, microbiota, cell, resistance"
An open randomized multicentre Phase 2 trial to assess the safety of DAV132 and its efficacy to protect gut microbiota diversity in hospitalized patients treated with fluoroquinolones,2022,Journal of Antimicrobial Chemotherapy,10.1093/jac/dkab474,4,"infection, infections, drug, resistant, aeruginosa, bacterial, phage, tb, mdr, animal"
The cancer chemotherapeutic 5-fluorouracil is a potent Fusobacterium nucleatum inhibitor and its activity is modified by intratumoral microbiota,2022,Cell Reports,10.1016/j.celrep.2022.111625,1,"crc, colorectal, cancer, colorectal cancer, nucleatum, tumor, cells, microbiota, cell, resistance"
The Relevance of Host Gut Microbiome Signature Alterations on de novo Fatty Acids Synthesis in Patients with Multi-Drug Resistant Tuberculosis,2022,Infection and Drug Resistance,10.2147/IDR.S372122,4,"infection, infections, drug, resistant, aeruginosa, bacterial, phage, tb, mdr, animal"
How to overcome resistance to immune checkpoint inhibitors in colorectal cancer: From mechanisms to translation,2023,International Journal of Cancer,10.1002/ijc.34464,1,"crc, colorectal, cancer, colorectal cancer, nucleatum, tumor, cells, microbiota, cell, resistance"
Synergist for antitumor therapy: Astragalus polysaccharides acting on immune microenvironment,2023,Discover Oncology,10.1007/s12672-023-00798-w,2,"cancer, tumor, immune, cell, resistance, pd, immunotherapy, checkpoint, drug, immune checkpoint"
A review for non-antibiotic treatment of Helicobacter pylori: new insight,2024,Frontiers in Microbiology,10.3389/fmicb.2024.1379209,-1,"cancer, cell, treatment, patients, microbiota, immune, gut, therapy, disease, resistance"
Stem Cell Therapy in Combination with Naturopathy: Current Progressive Management of Diabetes and Associated Complications,2023,Current Topics in Medicinal Chemistry,10.2174/1568026623666221201150933,-1,"cancer, cell, treatment, patients, microbiota, immune, gut, therapy, disease, resistance"
Stemming Tumoral Growth: A Matter of Grotesque Organogenesis,2023,Cells,10.3390/cells12060872,-1,"cancer, cell, treatment, patients, microbiota, immune, gut, therapy, disease, resistance"
Feasibility of hepatocellular carcinoma treatment based on the tumor microenvironment,2022,Frontiers in Oncology,10.3389/fonc.2022.896662,9,"hcc, liver, hepatocellular, carcinoma, hepatocellular carcinoma, tumor, immune, sorafenib, resistance, immunotherapy"
ILC3 plasticity in microbiome-mediated tumor progression and immunotherapy,2021,Cancer Cell,10.1016/j.ccell.2021.08.002,0,"microbiota, gut, cancer, microbiome, immune, immunotherapy, gut microbiota, tumor, patients, treatment"
Functional Food for the Stimulation of the Immune System Against Malaria,2021,Probiotics and Antimicrobial Proteins,10.1007/s12602-021-09780-w,4,"infection, infections, drug, resistant, aeruginosa, bacterial, phage, tb, mdr, animal"
Risk Factors that Predict the Failure of Multiple Fecal Microbiota Transplantations for Clostridioides difficile Infection,2021,Digestive Diseases and Sciences,10.1007/s10620-020-06198-2,5,"fmt, difficile, transplantation, fecal, cdi, microbiota transplantation, fecal microbiota, microbiota, treatment, infection"
Microbiome Research and Multi-Omics Integration for Personalized Medicine in Asthma,2021,Journal of Personalized Medicine,10.3390/jpm11121299,0,"microbiota, gut, cancer, microbiome, immune, immunotherapy, gut microbiota, tumor, patients, treatment"
Biologic Therapy for Refractory Immune Checkpoint Inhibitor Colitis,2022,Biologics: Targets and Therapy,10.2147/BTT.S367675,-1,"cancer, cell, treatment, patients, microbiota, immune, gut, therapy, disease, resistance"
Mycophenolate Mofetil: A Friend or a Foe with Post-Transplantation Cyclophosphamide and Tacrolimus Prophylaxis in HLA-Matched Donors?,2022,Transplantation and Cellular Therapy,10.1016/j.jtct.2022.05.039,10,"transplantation, gvhd, graft, graft versus, versus, versus host, acute, cell transplantation, host disease, agvhd"
"Ozone-Induced Oxidative Stress, Neutrophilic Airway Inflammation, and Glucocorticoid Resistance in Asthma",2021,Frontiers in Immunology,10.3389/fimmu.2021.631092,-1,"cancer, cell, treatment, patients, microbiota, immune, gut, therapy, disease, resistance"
Drug–drug interactions with proton pump inhibitors in cancer patients: an underrecognized cause of treatment failure,2023,ESMO Open,10.1016/j.esmoop.2023.100880,2,"cancer, tumor, immune, cell, resistance, pd, immunotherapy, checkpoint, drug, immune checkpoint"
The role of gut microbiome and fecal microbiota transplantation in liver cancer and related complications: mechanisms and therapeutic potentials,2023,Hepatoma Research,10.20517/2394-5079.2023.33,-1,"cancer, cell, treatment, patients, microbiota, immune, gut, therapy, disease, resistance"
The Gut Microbiota Metabolite Urolithin B Prevents Colorectal Carcinogenesis by Remodeling Microbiota and PD-L1/HLA-B,2023,Oxidative Medicine and Cellular Longevity,10.1155/2023/6480848,1,"crc, colorectal, cancer, colorectal cancer, nucleatum, tumor, cells, microbiota, cell, resistance"
"Current methodologies to refine bioavailability, delivery, and therapeutic efficacy of plant flavonoids in cancer treatment",2021,Journal of Nutritional Biochemistry,10.1016/j.jnutbio.2021.108623,1,"crc, colorectal, cancer, colorectal cancer, nucleatum, tumor, cells, microbiota, cell, resistance"
Gut microbiota depletion exacerbates cholestatic liver injury via loss of FXR signalling,2021,Nature Metabolism,10.1038/s42255-021-00452-1,6,"liver, bile, acid, protein, transporter, drug, bile acid, metabolism, transporters, ba"
"Proteomics, personalized medicine and cancer",2021,Cancers,10.3390/cancers13112512,2,"cancer, tumor, immune, cell, resistance, pd, immunotherapy, checkpoint, drug, immune checkpoint"
The Underlying Changes in Serum Metabolic Profiles and Efficacy Prediction in Patients with Extensive Ulcerative Colitis Undergoing Fecal Microbiota Transplantation,2023,Nutrients,10.3390/nu15153340,5,"fmt, difficile, transplantation, fecal, cdi, microbiota transplantation, fecal microbiota, microbiota, treatment, infection"
Recent pharmacological approaches for the treatment of renal cell carcinoma,2022,Expert Review of Clinical Pharmacology,10.1080/17512433.2022.2053521,2,"cancer, tumor, immune, cell, resistance, pd, immunotherapy, checkpoint, drug, immune checkpoint"
Microbiome in drug resistance to colon cancer,2021,Current Opinion in Physiology,10.1016/j.cophys.2021.100472,1,"crc, colorectal, cancer, colorectal cancer, nucleatum, tumor, cells, microbiota, cell, resistance"
Inflammatory bowel disease in Korea: epidemiology and pathophysiology,2022,Korean Journal of Internal Medicine,10.3904/kjim.2022.138,7,"ibd, disease, inflammatory, bowel, inflammatory bowel, bowel disease, colitis, crohn, crohn disease, intestinal"
Grape Polyphenols May Prevent High-Fat Diet–Induced Dampening of the Hypothalamic–Pituitary–Adrenal Axis in Male Mice,2023,Journal of the Endocrine Society,10.1210/jendso/bvad095,6,"liver, bile, acid, protein, transporter, drug, bile acid, metabolism, transporters, ba"
Avelumab versus standard second line treatment chemotherapy in metastatic colorectal cancer patients with microsatellite instability: The SAMCO-PRODIGE 54 randomised phase II trial,2021,Digestive and Liver Disease,10.1016/j.dld.2020.11.031,1,"crc, colorectal, cancer, colorectal cancer, nucleatum, tumor, cells, microbiota, cell, resistance"
"Effect of Co-trimoxazole (Trimethoprim-Sulfamethoxazole) vs Placebo on Death, Lung Transplant, or Hospital Admission in Patients with Moderate and Severe Idiopathic Pulmonary Fibrosis: The EME-TIPAC Randomized Clinical Trial",2020,JAMA - Journal of the American Medical Association,10.1001/jama.2020.22960,-1,"cancer, cell, treatment, patients, microbiota, immune, gut, therapy, disease, resistance"
Stem Cell-Based Therapies for Inflammatory Bowel Disease,2022,International Journal of Molecular Sciences,10.3390/ijms23158494,7,"ibd, disease, inflammatory, bowel, inflammatory bowel, bowel disease, colitis, crohn, crohn disease, intestinal"
Enhancing therapeutic effects of murine cancer vaccine by reshaping gut microbiota with Lactobacillus rhamnosus GG and jujube powder,2023,Frontiers in Immunology,10.3389/fimmu.2023.1195075,0,"microbiota, gut, cancer, microbiome, immune, immunotherapy, gut microbiota, tumor, patients, treatment"
Small Intestinal Permeability and Metabolomic Profiles in Feces and Plasma Associate With Clinical Response in Patients With Active Psoriatic Arthritis Participating in a Fecal Microbiota Transplantation Trial: Exploratory Findings From the FLORA Trial,2023,ACR Open Rheumatology,10.1002/acr2.11604,5,"fmt, difficile, transplantation, fecal, cdi, microbiota transplantation, fecal microbiota, microbiota, treatment, infection"
"Pro-Oncogenic c-Met/EGFR, Biomarker Signatures of the Tumor Microenvironment are Clinical and Therapy Response Prognosticators in Colorectal Cancer, and Therapeutic Targets of 3-Phenyl-2H-benzo[e][1,3]-Oxazine-2,4(3H)-Dione Derivatives",2021,Frontiers in Pharmacology,10.3389/fphar.2021.691234,2,"cancer, tumor, immune, cell, resistance, pd, immunotherapy, checkpoint, drug, immune checkpoint"
Modulation of the tumor microenvironment by natural agents: implications for cancer prevention and therapy,2022,Seminars in Cancer Biology,10.1016/j.semcancer.2020.05.009,2,"cancer, tumor, immune, cell, resistance, pd, immunotherapy, checkpoint, drug, immune checkpoint"
Current and New Challenges in the Management of Pancreatic Neuroendocrine Tumors: The Role of miRNA-Based Approaches as New Reliable Biomarkers,2022,International Journal of Molecular Sciences,10.3390/ijms23031109,3,"pancreatic, pancreatic cancer, pdac, cancer, ductal, adenocarcinoma, tumor, gemcitabine, pancreatic ductal, resistance"
The role of gut microbiota in overcoming resistance to checkpoint inhibitors in cancer patients: Mechanisms and challenges,2021,International Journal of Molecular Sciences,10.3390/ijms22158036,0,"microbiota, gut, cancer, microbiome, immune, immunotherapy, gut microbiota, tumor, patients, treatment"
Roles of microbiota in response to cancer immunotherapy,2020,Seminars in Cancer Biology,10.1016/j.semcancer.2019.12.026,0,"microbiota, gut, cancer, microbiome, immune, immunotherapy, gut microbiota, tumor, patients, treatment"
Molecular Mechanisms of Castrate-Resistant Prostate Cancer,2022,Urologic Clinics of North America,10.1016/j.ucl.2022.07.005,2,"cancer, tumor, immune, cell, resistance, pd, immunotherapy, checkpoint, drug, immune checkpoint"
Akkermansia muciniphila: A potential target and pending issues for oncotherapy,2023,Pharmacological Research,10.1016/j.phrs.2023.106916,0,"microbiota, gut, cancer, microbiome, immune, immunotherapy, gut microbiota, tumor, patients, treatment"
Fecal microbiota transplantation for recurrent C. difficile infection in patients with inflammatory bowel disease: A systematic review and meta-analysis,2023,Journal of Autoimmunity,10.1016/j.jaut.2023.103036,5,"fmt, difficile, transplantation, fecal, cdi, microbiota transplantation, fecal microbiota, microbiota, treatment, infection"
Efficacy and Safety of Vedolizumab and Tumor Necrosis Factor Inhibitors in the Treatment of Steroid-refractory Microscopic Colitis A Systematic Review and Meta-analysis,2023,Journal of Clinical Gastroenterology,10.1097/MCG.0000000000001914,8,"colitis, ulcerative, ulcerative colitis, uc, disease, treatment, inflammatory, patients, pouch, therapy"
Mitochondria: It is all about energy,2023,Frontiers in Physiology,10.3389/fphys.2023.1114231,-1,"cancer, cell, treatment, patients, microbiota, immune, gut, therapy, disease, resistance"
Hallmarks of cancer—the new testament,2021,Open Biology,10.1098/rsob.200358,2,"cancer, tumor, immune, cell, resistance, pd, immunotherapy, checkpoint, drug, immune checkpoint"
Gut Microbiota as the Potential Mechanism to Mediate Drug Metabolism Under High-altitude Hypoxia,2022,Current Drug Metabolism,10.2174/1389200223666220128141038,0,"microbiota, gut, cancer, microbiome, immune, immunotherapy, gut microbiota, tumor, patients, treatment"
New Therapies on the Horizon,2023,Hematology/Oncology Clinics of North America,10.1016/j.hoc.2023.02.004,2,"cancer, tumor, immune, cell, resistance, pd, immunotherapy, checkpoint, drug, immune checkpoint"
Resistance to immune checkpoint inhibitors in gastric cancer,2023,Frontiers in Pharmacology,10.3389/fphar.2023.1285343,-1,"cancer, cell, treatment, patients, microbiota, immune, gut, therapy, disease, resistance"
Breaking the mold: Overcoming resistance to immune checkpoint inhibitors,2023,Antiviral Research,10.1016/j.antiviral.2023.105720,2,"cancer, tumor, immune, cell, resistance, pd, immunotherapy, checkpoint, drug, immune checkpoint"
Enteroendocrine cells and gut hormones as potential targets in the crossroad of the gut-kidney axis communication,2023,Frontiers in Pharmacology,10.3389/fphar.2023.1248757,-1,"cancer, cell, treatment, patients, microbiota, immune, gut, therapy, disease, resistance"
Bidirectional and dynamic interaction between the microbiota and therapeutic resistance in pancreatic cancer,2021,Biochimica et Biophysica Acta - Reviews on Cancer,10.1016/j.bbcan.2020.188484,3,"pancreatic, pancreatic cancer, pdac, cancer, ductal, adenocarcinoma, tumor, gemcitabine, pancreatic ductal, resistance"
Safety and Efficacy of Fecal Microbiota Transplantation for Grade IV Steroid Refractory GI-GvHD Patients: Interim Results From FMT2017002 Trial,2021,Frontiers in Immunology,10.3389/fimmu.2021.678476,-1,"cancer, cell, treatment, patients, microbiota, immune, gut, therapy, disease, resistance"
Pathogenesis and virulence of Candida albicans,2022,Virulence,10.1080/21505594.2021.2019950,4,"infection, infections, drug, resistant, aeruginosa, bacterial, phage, tb, mdr, animal"
Natural Polyphenols as Targeted Modulators in Colon Cancer: Molecular Mechanisms and Applications,2021,Frontiers in Immunology,10.3389/fimmu.2021.635484,-1,"cancer, cell, treatment, patients, microbiota, immune, gut, therapy, disease, resistance"
Advanced Melanoma: Resistance Mechanisms to Current Therapies,2021,Hematology/Oncology Clinics of North America,10.1016/j.hoc.2020.09.005,-1,"cancer, cell, treatment, patients, microbiota, immune, gut, therapy, disease, resistance"
"The gut microbiome and its interaction with health, disease, treatment response and toxicity in patients advanced cancer: Focus on lung cancer and immunotherapy",2020,Translational Lung Cancer Research,10.21037/tlcr-20-407,-1,"cancer, cell, treatment, patients, microbiota, immune, gut, therapy, disease, resistance"
Graft-versus-host disease after an outpatient peripheral blood hematopoietic cell transplant using reduced-intensity conditioning: a single-center LATAM experience,2024,Expert Review of Hematology,10.1080/17474086.2024.2305372,10,"transplantation, gvhd, graft, graft versus, versus, versus host, acute, cell transplantation, host disease, agvhd"
Serum Levels of IFABP2 and Differences in Lactobacillus and Porphyromonas gingivalis Abundance on Gut Microbiota Are Associated with Poor Therapeutic Response in Rheumatoid Arthritis: A Pilot Study,2023,International Journal of Molecular Sciences,10.3390/ijms24031958,-1,"cancer, cell, treatment, patients, microbiota, immune, gut, therapy, disease, resistance"
Crosstalk between hypoxia-inducible factor-1α and short-chain fatty acids in inflammatory bowel disease: key clues toward unraveling the mystery,2024,Frontiers in Immunology,10.3389/fimmu.2024.1385907,-1,"cancer, cell, treatment, patients, microbiota, immune, gut, therapy, disease, resistance"
Rifaximin use favoured micafungin-resistant Candida spp. infections in recipients of allogeneic hematopoietic cell transplantation,2021,Annals of Hematology,10.1007/s00277-021-04569-x,10,"transplantation, gvhd, graft, graft versus, versus, versus host, acute, cell transplantation, host disease, agvhd"
Treatments of inflammatory bowel disease toward personalized medicine,2021,Archives of Pharmacal Research,10.1007/s12272-021-01318-6,7,"ibd, disease, inflammatory, bowel, inflammatory bowel, bowel disease, colitis, crohn, crohn disease, intestinal"
Application of fecal microbial transplantation in hepatic encephalopathy after transjugular intrahepatic portosystemic shunt,2022,Medicine (United States),10.1097/MD.0000000000028584,5,"fmt, difficile, transplantation, fecal, cdi, microbiota transplantation, fecal microbiota, microbiota, treatment, infection"
Determination of the synergistic anti-influenza effect of Huangqin Su tablet and Oseltamivir and investigation of mechanism of the tablet based on gut microbiota and network pharmacology,2023,BMC Complementary Medicine and Therapies,10.1186/s12906-023-03858-4,4,"infection, infections, drug, resistant, aeruginosa, bacterial, phage, tb, mdr, animal"
Direct DNA Sequencing-Based Analysis of Microbiota Associated with Hematological Malignancies in the Eastern Province of Saudi Arabia,2021,BioMed Research International,10.1155/2021/4202019,0,"microbiota, gut, cancer, microbiome, immune, immunotherapy, gut microbiota, tumor, patients, treatment"
The double-edged sword of probiotic supplementation on gut microbiota structure in Helicobacter pylori management,2022,Gut Microbes,10.1080/19490976.2022.2108655,4,"infection, infections, drug, resistant, aeruginosa, bacterial, phage, tb, mdr, animal"
Mechanisms of Immunotherapy Resistance in Cutaneous Melanoma: Recognizing a Shapeshifter,2022,Frontiers in Oncology,10.3389/fonc.2022.880876,-1,"cancer, cell, treatment, patients, microbiota, immune, gut, therapy, disease, resistance"
Advancements in the management of pediatric inflammatory bowel disease,2024,Expert Review of Gastroenterology and Hepatology,10.1080/17474124.2024.2444555,-1,"cancer, cell, treatment, patients, microbiota, immune, gut, therapy, disease, resistance"
Inflammation and tumor progression: signaling pathways and targeted intervention,2021,Signal Transduction and Targeted Therapy,10.1038/s41392-021-00658-5,2,"cancer, tumor, immune, cell, resistance, pd, immunotherapy, checkpoint, drug, immune checkpoint"
Microbiome and pancreatic cancer: time to think about chemotherapy,2024,Gut Microbes,10.1080/19490976.2024.2374596,3,"pancreatic, pancreatic cancer, pdac, cancer, ductal, adenocarcinoma, tumor, gemcitabine, pancreatic ductal, resistance"
The Challenge of ICIs Resistance in Solid Tumours: Could Microbiota and Its Diversity Be Our Secret Weapon?,2021,Frontiers in Immunology,10.3389/fimmu.2021.704942,0,"microbiota, gut, cancer, microbiome, immune, immunotherapy, gut microbiota, tumor, patients, treatment"
Hematopoietic stem cell transplantation and Crohn’s disease: position paper from the Transplantation Committee of the Brazilian Group for the Study of Inflammatory Bowel Diseases (GEDIIB); [Transplante de células tronco hematopoiéticas e doença de Crohn: posição do Comitê de Transplantes do Grupo Brasileiro para estudo das doenças inflamatórias do intestino (GEDIIB)],2022,Arquivos de Gastroenterologia,10.1590/S0004-2803.202204000-83,5,"fmt, difficile, transplantation, fecal, cdi, microbiota transplantation, fecal microbiota, microbiota, treatment, infection"
Current hotspots and trends in cancer metabolic reprogramming: a scientometric analysis,2024,Frontiers in Immunology,10.3389/fimmu.2024.1497461,1,"crc, colorectal, cancer, colorectal cancer, nucleatum, tumor, cells, microbiota, cell, resistance"
Enterococci—Involvement in Pathogenesis and Therapeutic Potential in Cancer Treatment: A Mini-Review,2022,Pathogens,10.3390/pathogens11060687,0,"microbiota, gut, cancer, microbiome, immune, immunotherapy, gut microbiota, tumor, patients, treatment"
Alarming correlation between multidrug-resistant bacteriobilia and morbidity after pancreatic surgery,2023,Digestive and Liver Disease,10.1016/j.dld.2023.05.012,3,"pancreatic, pancreatic cancer, pdac, cancer, ductal, adenocarcinoma, tumor, gemcitabine, pancreatic ductal, resistance"
Clinical Interventions and Budding Applications of Probiotics in the Treatment and Prevention of Viral Infections,2022,Archives of Medical Research,10.1016/j.arcmed.2021.09.008,4,"infection, infections, drug, resistant, aeruginosa, bacterial, phage, tb, mdr, animal"
Antidiabetic Effects of Genistein: Mechanism of Action,2023,"Endocrine, Metabolic and Immune Disorders - Drug Targets",10.2174/1871530323666230516103420,-1,"cancer, cell, treatment, patients, microbiota, immune, gut, therapy, disease, resistance"
Vitamin D Improves Klebsiella-Induced Severe Pneumonia in Rats by Regulating Intestinal Microbiota,2024,Infection and Drug Resistance,10.2147/IDR.S442330,4,"infection, infections, drug, resistant, aeruginosa, bacterial, phage, tb, mdr, animal"
Current Status of Phage Therapy against Infectious Diseases and Potential Application beyond Infectious Diseases,2022,International Journal of Clinical Practice,10.1155/2022/4913146,4,"infection, infections, drug, resistant, aeruginosa, bacterial, phage, tb, mdr, animal"
Causative Role of Anoxic Environment in Bacterial Regulation of Human Intestinal Function,2022,Cellular and Molecular Bioengineering,10.1007/s12195-022-00735-x,0,"microbiota, gut, cancer, microbiome, immune, immunotherapy, gut microbiota, tumor, patients, treatment"
Conducting bioinformatics analysis to predict sulforaphane-triggered adverse outcome pathways in healthy human cells,2023,Biomedicine and Pharmacotherapy,10.1016/j.biopha.2023.114316,-1,"cancer, cell, treatment, patients, microbiota, immune, gut, therapy, disease, resistance"
Cancer stem cell-immune cell collusion in immunotherapy,2023,International Journal of Cancer,10.1002/ijc.34421,2,"cancer, tumor, immune, cell, resistance, pd, immunotherapy, checkpoint, drug, immune checkpoint"
Bacterial metabolite butyrate in modulating sorafenib-targeted microRNAs to curtail its resistance in hepatocellular carcinoma,2023,Journal of Cancer Research and Clinical Oncology,10.1007/s00432-022-04544-7,1,"crc, colorectal, cancer, colorectal cancer, nucleatum, tumor, cells, microbiota, cell, resistance"
Fecal microbiota transplantation and its repercussions in patients with melanoma refractory to anti-PD-1 therapy: scope review; [Transplante de microbiota fecal e suas repercussões em pacientes com melanoma refratário à terapia anti-PD-1: revisão de escopo],2023,Revista do Colegio Brasileiro de Cirurgioes,10.1590/0100-6991e-20233490-en,0,"microbiota, gut, cancer, microbiome, immune, immunotherapy, gut microbiota, tumor, patients, treatment"
Effects of microbiota on anticancer drugs: Current knowledge and potential applications,2022,eBioMedicine,10.1016/j.ebiom.2022.104197,0,"microbiota, gut, cancer, microbiome, immune, immunotherapy, gut microbiota, tumor, patients, treatment"
Bacterial Lipopolysaccharide as a Negative Predictor of Adjuvant Gemcitabine Efficacy in Pancreatic Cancer,2022,JNCI Cancer Spectrum,10.1093/jncics/pkac039,3,"pancreatic, pancreatic cancer, pdac, cancer, ductal, adenocarcinoma, tumor, gemcitabine, pancreatic ductal, resistance"
TIGIT+ NK cells in combination with specific gut microbiota features predict response to checkpoint inhibitor therapy in melanoma patients,2023,BMC Cancer,10.1186/s12885-023-11551-5,0,"microbiota, gut, cancer, microbiome, immune, immunotherapy, gut microbiota, tumor, patients, treatment"
STRESS RESPONDERS,2023,Science,10.1126/science.adk4276,2,"cancer, tumor, immune, cell, resistance, pd, immunotherapy, checkpoint, drug, immune checkpoint"
Cefiderocol Treatment for Patients with Multidrug- and Carbapenem-Resistant Pseudomonas aeruginosa Infections in the Compassionate Use Program,2023,Antimicrobial Agents and Chemotherapy,10.1128/AAC.00194-23,4,"infection, infections, drug, resistant, aeruginosa, bacterial, phage, tb, mdr, animal"
Comparative analysis of the microbiome across the gut–skin axis in atopic dermatitis,2021,International Journal of Molecular Sciences,10.3390/ijms22084228,-1,"cancer, cell, treatment, patients, microbiota, immune, gut, therapy, disease, resistance"
Predicting response to neoadjuvant chemoradiotherapy in rectal cancer: from biomarkers to tumor models,2022,Therapeutic Advances in Medical Oncology,10.1177/17588359221077972,1,"crc, colorectal, cancer, colorectal cancer, nucleatum, tumor, cells, microbiota, cell, resistance"
Monogenic Immune Diseases Provide Insights Into the Mechanisms and Treatment of Chronic Graft-Versus-Host Disease,2021,Frontiers in Immunology,10.3389/fimmu.2020.574569,10,"transplantation, gvhd, graft, graft versus, versus, versus host, acute, cell transplantation, host disease, agvhd"
Renal and non-renal response of ABC and SLC transporters in chronic kidney disease,2021,Expert Opinion on Drug Metabolism and Toxicology,10.1080/17425255.2021.1899159,6,"liver, bile, acid, protein, transporter, drug, bile acid, metabolism, transporters, ba"
Adult-onset botulism in a Japanese woman with prolonged spore excretion,2023,Journal of Infection and Chemotherapy,10.1016/j.jiac.2023.08.009,-1,"cancer, cell, treatment, patients, microbiota, immune, gut, therapy, disease, resistance"
Research progress of risk factors and early diagnostic biomarkers of gout-induced renal injury,2022,Frontiers in Immunology,10.3389/fimmu.2022.908517,-1,"cancer, cell, treatment, patients, microbiota, immune, gut, therapy, disease, resistance"
"Effect of antibiotic-administration period on hepatic bile acid profile and expression of pharmacokinetic-related proteins in mouse liver, kidney, and brain capillaries",2023,Drug Metabolism and Pharmacokinetics,10.1016/j.dmpk.2023.100494,6,"liver, bile, acid, protein, transporter, drug, bile acid, metabolism, transporters, ba"
Pharmacogenomics of anticancer drugs: Personalising the choice and dose to manage drug response,2021,British Journal of Clinical Pharmacology,10.1111/bcp.14407,2,"cancer, tumor, immune, cell, resistance, pd, immunotherapy, checkpoint, drug, immune checkpoint"
Identification of intestinal flora-related key genes and therapeutic drugs in colorectal cancer,2020,BMC Medical Genomics,10.1186/s12920-020-00810-0,1,"crc, colorectal, cancer, colorectal cancer, nucleatum, tumor, cells, microbiota, cell, resistance"
Drug transporters in drug disposition–the year 2022 in review,2023,Drug Metabolism Reviews,10.1080/03602532.2023.2252618,6,"liver, bile, acid, protein, transporter, drug, bile acid, metabolism, transporters, ba"
Antifungal Effect of Probiotic Lactobacillus casei on Drug-Resistant Oral Candida albicans Isolated from Patients with Hematological Malignancy: An in vitro Study,2023,Journal of Dentistry (Iran),10.30476/dentjods.2022.94792.1812,4,"infection, infections, drug, resistant, aeruginosa, bacterial, phage, tb, mdr, animal"
Emerging PD-1/PD-L1 antagonists for the treatment of malignant melanoma,2021,Expert Opinion on Emerging Drugs,10.1080/14728214.2021.1901884,-1,"cancer, cell, treatment, patients, microbiota, immune, gut, therapy, disease, resistance"
Improving ICI outcomes with a little help from my microbial friends,2021,Cell Host and Microbe,10.1016/j.chom.2021.01.012,0,"microbiota, gut, cancer, microbiome, immune, immunotherapy, gut microbiota, tumor, patients, treatment"
"Recent trends and advances in the epidemiology, synergism, and delivery system of lycopene as an anti-cancer agent",2021,Seminars in Cancer Biology,10.1016/j.semcancer.2021.03.028,-1,"cancer, cell, treatment, patients, microbiota, immune, gut, therapy, disease, resistance"
FMT for immunotherapy-refractory melanoma,2021,Nature Reviews Gastroenterology and Hepatology,10.1038/s41575-021-00413-9,0,"microbiota, gut, cancer, microbiome, immune, immunotherapy, gut microbiota, tumor, patients, treatment"
The clinical role of the gut microbiome and fecal microbiota transplantation in allogenei stem cell transplantation,2021,Haematologica,10.3324/haematol.2020.247395,10,"transplantation, gvhd, graft, graft versus, versus, versus host, acute, cell transplantation, host disease, agvhd"
An Abnormal Host/Microbiomes Signature of Plasma-Derived Extracellular Vesicles Is Associated to Polycythemia Vera,2021,Frontiers in Oncology,10.3389/fonc.2021.715217,0,"microbiota, gut, cancer, microbiome, immune, immunotherapy, gut microbiota, tumor, patients, treatment"
IFABP2 as a new prognostic biomarker for secondary non-response in rheumatoid arthritis,2023,International Immunopharmacology,10.1016/j.intimp.2023.110090,-1,"cancer, cell, treatment, patients, microbiota, immune, gut, therapy, disease, resistance"
A novel network based linear model for prioritization of synergistic drug combinations,2022,PLoS ONE,10.1371/journal.pone.0266382,2,"cancer, tumor, immune, cell, resistance, pd, immunotherapy, checkpoint, drug, immune checkpoint"
Attributes of intestinal microbiota composition and their correlation with clinical primary non-response to anti-TNF-α agents in inflammatory bowel disease patients,2022,Bosnian Journal of Basic Medical Sciences,10.17305/bjbms.2021.6436,7,"ibd, disease, inflammatory, bowel, inflammatory bowel, bowel disease, colitis, crohn, crohn disease, intestinal"
Durable reduction of Clostridioides difficile infection recurrence and microbiome restoration after treatment with RBX2660: results from an open-label phase 2 clinical trial,2022,BMC Infectious Diseases,10.1186/s12879-022-07256-y,5,"fmt, difficile, transplantation, fecal, cdi, microbiota transplantation, fecal microbiota, microbiota, treatment, infection"
"Unbalanced relationships: insights into the interaction between gut microbiota, geohelminths, and schistosomiasis",2022,PeerJ,10.7717/peerj.13401,0,"microbiota, gut, cancer, microbiome, immune, immunotherapy, gut microbiota, tumor, patients, treatment"
Curcumin sensitizes response to cytarabine in acute myeloid leukemia by regulating intestinal microbiota,2022,Cancer Chemotherapy and Pharmacology,10.1007/s00280-021-04385-0,1,"crc, colorectal, cancer, colorectal cancer, nucleatum, tumor, cells, microbiota, cell, resistance"
Genetics in Familial Intrahepatic Cholestasis: Clinical Patterns and Development of Liver and Biliary Cancers: A Review of the Literature,2022,Cancers,10.3390/cancers14143421,6,"liver, bile, acid, protein, transporter, drug, bile acid, metabolism, transporters, ba"
"Head and neck dermatitis is exacerbated by Malassezia furfur colonization, skin barrier disruption, and immune dysregulation",2023,Frontiers in Immunology,10.3389/fimmu.2023.1114321,-1,"cancer, cell, treatment, patients, microbiota, immune, gut, therapy, disease, resistance"
Fecal Microbiota Transplant for Clostridioides Difficile Infection Is Safe and Efficacious in an Immunocompromised Cohort,2022,Digestive Diseases and Sciences,10.1007/s10620-021-07347-x,5,"fmt, difficile, transplantation, fecal, cdi, microbiota transplantation, fecal microbiota, microbiota, treatment, infection"
Evaluating gut microbiome as a biomarker of pathological complete response in patients with early locally advanced triple negative breast cancer (LA TNBC): A pilot study,2024,Journal of Clinical Oncology,10.1200/JCO.2024.42.16_suppl.593,-1,"cancer, cell, treatment, patients, microbiota, immune, gut, therapy, disease, resistance"
A comparison of the microbiology profile for periprosthetic joint infection of knee arthroplasty and lower-limb endoprostheses in tumour surgery,2022,Journal of Bone and Joint Infection,10.5194/jbji-7-177-2022,-1,"cancer, cell, treatment, patients, microbiota, immune, gut, therapy, disease, resistance"
Questions to consider when caring for patients with ulcerative colitis,2022,Zeitschrift fur Gastroenterologie,10.1055/a-1890-6015,8,"colitis, ulcerative, ulcerative colitis, uc, disease, treatment, inflammatory, patients, pouch, therapy"
Key Signaling in Alcohol‐Associated Liver Disease: The Role of Bile Acids,2022,Cells,10.3390/cells11081374,-1,"cancer, cell, treatment, patients, microbiota, immune, gut, therapy, disease, resistance"
Recent Insight into Herbal Bioactives-based Novel Approaches for Chronic Intestinal Inflammatory Disorders Therapy,2024,Current Pharmaceutical Biotechnology,10.2174/0113892010282432231222060355,7,"ibd, disease, inflammatory, bowel, inflammatory bowel, bowel disease, colitis, crohn, crohn disease, intestinal"
Targeting the tumor microenvironment for improving therapeutic effectiveness in cancer immunotherapy: Focusing on immune checkpoint inhibitors and combination therapies,2021,Cancers,10.3390/cancers13061188,2,"cancer, tumor, immune, cell, resistance, pd, immunotherapy, checkpoint, drug, immune checkpoint"
"The microbiome and ovarian cancer: insights, implications, and therapeutic opportunities",2023,Journal of Cancer Metastasis and Treatment,10.20517/2394-4722.2023.107,-1,"cancer, cell, treatment, patients, microbiota, immune, gut, therapy, disease, resistance"
A multi-cohort phase 1b trial of rituximab in combination with immunotherapy doublets in relapsed/refractory follicular lymphoma,2024,Annals of Hematology,10.1007/s00277-023-05475-0,2,"cancer, tumor, immune, cell, resistance, pd, immunotherapy, checkpoint, drug, immune checkpoint"
The biological underpinnings of therapeutic resistance in pancreatic cancer,2021,Genes and Development,10.1101/GAD.348523.121,3,"pancreatic, pancreatic cancer, pdac, cancer, ductal, adenocarcinoma, tumor, gemcitabine, pancreatic ductal, resistance"
"Obesity and cancer stem cells: Roles in cancer initiation, progression and therapy resistance",2023,World Journal of Stem Cells,10.4252/wjsc.v15.i4.120,3,"pancreatic, pancreatic cancer, pdac, cancer, ductal, adenocarcinoma, tumor, gemcitabine, pancreatic ductal, resistance"
ECP versus ruxolitinib in steroid-refractory acute GVHD – a retrospective study by the EBMT transplant complications working party,2023,Frontiers in Immunology,10.3389/fimmu.2023.1283034,10,"transplantation, gvhd, graft, graft versus, versus, versus host, acute, cell transplantation, host disease, agvhd"
Multi-strain Probiotic Formulation Reverses Maternal Separation and Chronic Unpredictable Mild Stress-Generated Anxiety- and Depression-like Phenotypes by Modulating Gut Microbiome-Brain Activity in Rats,2022,ACS Chemical Neuroscience,10.1021/acschemneuro.2c00143,4,"infection, infections, drug, resistant, aeruginosa, bacterial, phage, tb, mdr, animal"
Common themes in antimicrobial and anticancer drug resistance,2022,Frontiers in Microbiology,10.3389/fmicb.2022.960693,4,"infection, infections, drug, resistant, aeruginosa, bacterial, phage, tb, mdr, animal"
"Results of a phase II, open-label pilot study evaluating the safety and activity of liposomal irinotecan (Nal-IRI) in combination with 5-FU and oxaliplatin (NALIRIFOX) in preoperative treatment of pancreatic adenocarcinoma (NEO-Nal-IRI study)",2024,Journal of Clinical Oncology,10.1200/JCO.2024.42.3_suppl.655,3,"pancreatic, pancreatic cancer, pdac, cancer, ductal, adenocarcinoma, tumor, gemcitabine, pancreatic ductal, resistance"
Autologous stem cell transplant for refractory and relapsed peripheral T-cell lymphoma: a retrospective study in China,2024,Journal of Cancer,10.7150/jca.89404,10,"transplantation, gvhd, graft, graft versus, versus, versus host, acute, cell transplantation, host disease, agvhd"
Tumor-resident Lactobacillus iners confer chemoradiation resistance through lactate-induced metabolic rewiring,2023,Cancer Cell,10.1016/j.ccell.2023.09.012,-1,"cancer, cell, treatment, patients, microbiota, immune, gut, therapy, disease, resistance"
Regulation of CYP450 and drug transporter mediated by gut microbiota under high-altitude hypoxia,2022,Frontiers in Pharmacology,10.3389/fphar.2022.977370,0,"microbiota, gut, cancer, microbiome, immune, immunotherapy, gut microbiota, tumor, patients, treatment"
Tandem fecal microbiota transplantation cycles in an allogeneic hematopoietic stem cell transplant recipient targeting carbapenem-resistant Enterobacteriaceae colonization: a case report and literature review,2021,European Journal of Medical Research,10.1186/s40001-021-00508-8,10,"transplantation, gvhd, graft, graft versus, versus, versus host, acute, cell transplantation, host disease, agvhd"
"OAT, OATP, and MRP Drug Transporters and the Remote Sensing and Signaling Theory",2023,Annual Review of Pharmacology and Toxicology,10.1146/annurev-pharmtox-030322-084058,6,"liver, bile, acid, protein, transporter, drug, bile acid, metabolism, transporters, ba"
Future prospects of bacteria-mediated cancer therapies: Affliction or opportunity?,2022,Microbial Pathogenesis,10.1016/j.micpath.2022.105795,0,"microbiota, gut, cancer, microbiome, immune, immunotherapy, gut microbiota, tumor, patients, treatment"
Baicalin ameliorates multidrug-resistant Pseudomonas aeruginosa induced pulmonary inflammation in rat via arginine biosynthesis,2023,Biomedicine and Pharmacotherapy,10.1016/j.biopha.2023.114660,4,"infection, infections, drug, resistant, aeruginosa, bacterial, phage, tb, mdr, animal"
Challenges and Therapeutic Opportunities in the dMMR/MSI-H Colorectal Cancer Landscape,2023,Cancers,10.3390/cancers15041022,1,"crc, colorectal, cancer, colorectal cancer, nucleatum, tumor, cells, microbiota, cell, resistance"
Steroid-resistant intestinal aGVHD and refractory CMV and EBV infections complicated by haplo-HSCT were successfully rescued by FMT and CTL infusion,2021,Journal of International Medical Research,10.1177/03000605211063292,10,"transplantation, gvhd, graft, graft versus, versus, versus host, acute, cell transplantation, host disease, agvhd"
The pleiotropic effects of prebiotic galacto-oligosaccharides on the aging gut,2021,Microbiome,10.1186/s40168-020-00980-0,0,"microbiota, gut, cancer, microbiome, immune, immunotherapy, gut microbiota, tumor, patients, treatment"
Acute GVHD: think before you treat,2021,Hematology (United States),10.1182/hematology.2021000300,10,"transplantation, gvhd, graft, graft versus, versus, versus host, acute, cell transplantation, host disease, agvhd"
Fecal microbiota transplantation for treatment of inflammatory bowel lesions in lymphoma patients: effects on intestinal and blood microbiota,2023,Cellular Therapy and Transplantation,10.18620/ctt-1866-8836-2023-12-3-36-43,5,"fmt, difficile, transplantation, fecal, cdi, microbiota transplantation, fecal microbiota, microbiota, treatment, infection"
Cytochrome P450 inhibition to decrease dosage and costs of venetoclax and ibrutinib: A proof-of-concept case study,2023,British Journal of Clinical Pharmacology,10.1111/bcp.15590,6,"liver, bile, acid, protein, transporter, drug, bile acid, metabolism, transporters, ba"
"The 21st International Conference on Progress in Vaccination against Cancer (PIVAC-22), September 26-28, 2022, Turin, Italy",2022,Frontiers in bioscience (Landmark edition),10.31083/j.fbl2712338,2,"cancer, tumor, immune, cell, resistance, pd, immunotherapy, checkpoint, drug, immune checkpoint"
Postnatal growth retardation is associated with deteriorated intestinal mucosal barrier function using a porcine model,2021,Journal of Cellular Physiology,10.1002/jcp.30028,-1,"cancer, cell, treatment, patients, microbiota, immune, gut, therapy, disease, resistance"
Fecal microbiota transfer for refractory intestinal graft-versus-host disease — Experience from two German tertiary centers,2021,European Journal of Haematology,10.1111/ejh.13642,5,"fmt, difficile, transplantation, fecal, cdi, microbiota transplantation, fecal microbiota, microbiota, treatment, infection"
Mechanisms by Which Traditional Chinese Medicines Influence the Intestinal Flora and Intestinal Barrier,2022,Frontiers in Cellular and Infection Microbiology,10.3389/fcimb.2022.863779,-1,"cancer, cell, treatment, patients, microbiota, immune, gut, therapy, disease, resistance"
Microbiome modulation in the prevention and management of colorectal cancer: a systematic review of clinical interventions,2023,Medicine and Pharmacy Reports,10.15386/mpr-2526,-1,"cancer, cell, treatment, patients, microbiota, immune, gut, therapy, disease, resistance"
Exploring the complex and multifaceted interplay of the gut microbiome and cancer prevention and therapy,2023,Acta Microbiologica et Immunologica Hungarica,10.1556/030.2023.02054,0,"microbiota, gut, cancer, microbiome, immune, immunotherapy, gut microbiota, tumor, patients, treatment"
Risk factors for immune-related adverse events: what have we learned and what lies ahead?,2021,Biomarker Research,10.1186/s40364-021-00314-8,2,"cancer, tumor, immune, cell, resistance, pd, immunotherapy, checkpoint, drug, immune checkpoint"
Lytic Bacteriophage PZL-Ah152 as Biocontrol Measures Against Lethal Aeromonas hydrophila Without Distorting Gut Microbiota,2022,Frontiers in Microbiology,10.3389/fmicb.2022.898961,4,"infection, infections, drug, resistant, aeruginosa, bacterial, phage, tb, mdr, animal"
Indole microbial intestinal metabolites expand the repertoire of ligands and agonists of the human pregnane X receptor,2020,Toxicology Letters,10.1016/j.toxlet.2020.09.015,6,"liver, bile, acid, protein, transporter, drug, bile acid, metabolism, transporters, ba"
Molecular and pharmacological aspects of piperine as a potential molecule for disease prevention and management: evidence from clinical trials,2022,Beni-Suef University Journal of Basic and Applied Sciences,10.1186/s43088-022-00196-1,-1,"cancer, cell, treatment, patients, microbiota, immune, gut, therapy, disease, resistance"
Gut microbiome modulates tacrolimus pharmacokinetics through the transcriptional regulation of ABCB1,2023,Microbiome,10.1186/s40168-023-01578-y,0,"microbiota, gut, cancer, microbiome, immune, immunotherapy, gut microbiota, tumor, patients, treatment"
The Role of the Lymphatic System in the Pathogenesis and Treatment of Inflammatory Bowel Disease,2022,International Journal of Molecular Sciences,10.3390/ijms23031854,7,"ibd, disease, inflammatory, bowel, inflammatory bowel, bowel disease, colitis, crohn, crohn disease, intestinal"
"Role of oral microbiome in oral oncogenesis, tumor progression, and metastasis",2023,Molecular Oral Microbiology,10.1111/omi.12403,1,"crc, colorectal, cancer, colorectal cancer, nucleatum, tumor, cells, microbiota, cell, resistance"
Immune Mechanisms in Epileptogenesis: Update on Diagnosis and Treatment of Autoimmune Epilepsy Syndromes,2023,Drugs,10.1007/s40265-022-01826-9,-1,"cancer, cell, treatment, patients, microbiota, immune, gut, therapy, disease, resistance"
MRD-negative remission induced in EP300-ZNF384 positive B-ALL patients by tandem CD19/CD22 CAR T-cell therapy bridging to allogeneic stem cell transplantation,2021,OncoTargets and Therapy,10.2147/OTT.S324765,-1,"cancer, cell, treatment, patients, microbiota, immune, gut, therapy, disease, resistance"
New insights on the surgical management of ulcerative colitis in the 21st century,2022,The Lancet Gastroenterology and Hepatology,10.1016/S2468-1253(22)00001-2,8,"colitis, ulcerative, ulcerative colitis, uc, disease, treatment, inflammatory, patients, pouch, therapy"
Involvement of smad7 in inflammatory diseases of the gut and colon cancer,2021,International Journal of Molecular Sciences,10.3390/ijms22083922,-1,"cancer, cell, treatment, patients, microbiota, immune, gut, therapy, disease, resistance"
Differential diagnosis and management of immune checkpoint inhibitor-induced colitis: A comprehensive review,2021,World Journal of Experimental Medicine,10.5493/wjem.v11.i6.79,-1,"cancer, cell, treatment, patients, microbiota, immune, gut, therapy, disease, resistance"
Gut Microbiota Modulation for Therapeutic Management of Various Dis-eases: A New Perspective Using Stem Cell Therapy,2023,Current Molecular Pharmacology,10.2174/1874467215666220222105004,0,"microbiota, gut, cancer, microbiome, immune, immunotherapy, gut microbiota, tumor, patients, treatment"
The kidney drug transporter OAT1 regulates gut microbiome–dependent host metabolism,2023,JCI Insight,10.1172/jci.insight.160437,6,"liver, bile, acid, protein, transporter, drug, bile acid, metabolism, transporters, ba"
Fecal Microbiota Transplantation as Therapy for Treatment of Active Ulcerative Colitis: A Systematic Review and Meta-Analysis,2021,Gastroenterology Research and Practice,10.1155/2021/6612970,5,"fmt, difficile, transplantation, fecal, cdi, microbiota transplantation, fecal microbiota, microbiota, treatment, infection"
Decoding signaling mechanisms: unraveling the targets of guanylate cyclase agonists in cardiovascular and digestive diseases,2023,Frontiers in Pharmacology,10.3389/fphar.2023.1272073,6,"liver, bile, acid, protein, transporter, drug, bile acid, metabolism, transporters, ba"
Autophagy and digestive disorders: Advances in understanding and therapeutic approaches,2021,Biomolecules and Therapeutics,10.4062/BIOMOLTHER.2021.086,-1,"cancer, cell, treatment, patients, microbiota, immune, gut, therapy, disease, resistance"
Gastrointestinal Conditions: Inflammatory Bowel Disease,2022,FP essentials,,7,"ibd, disease, inflammatory, bowel, inflammatory bowel, bowel disease, colitis, crohn, crohn disease, intestinal"
Foods may modify responsiveness to cancer immune checkpoint blockers by altering both the gut microbiota and activation of estrogen receptors in immune cells,2022,Frontiers in Microbiomes,10.3389/frmbi.2022.1049688,-1,"cancer, cell, treatment, patients, microbiota, immune, gut, therapy, disease, resistance"
Classification and Management of Disorders of the J Pouch,2023,American Journal of Gastroenterology,10.14309/ajg.0000000000002348,8,"colitis, ulcerative, ulcerative colitis, uc, disease, treatment, inflammatory, patients, pouch, therapy"
HUMAN MICROBIOTA AND BREAST CANCER; [МІКРОБІОТА ОРГАНІЗМУ ЛЮДИНИ ТА РАК ГРУДНОЇ ЗАЛОЗИ],2022,Experimental Oncology,10.32471/exp-oncology.2312-8852.vol-44-no-2.17855,0,"microbiota, gut, cancer, microbiome, immune, immunotherapy, gut microbiota, tumor, patients, treatment"
CD4þ TIL to the Rescue of Anti–PD-1 Failure by Targeting MHC-II,2023,Clinical Cancer Research,10.1158/1078-0432.CCR-23-1333,2,"cancer, tumor, immune, cell, resistance, pd, immunotherapy, checkpoint, drug, immune checkpoint"
Metformin may be a viable adjunctive therapeutic option to potentially enhance immune reconstitution in HIV-positive immunological non-responders,2023,Chinese Medical Journal,10.1097/CM9.0000000000002493,-1,"cancer, cell, treatment, patients, microbiota, immune, gut, therapy, disease, resistance"
Farnesoid X Receptor Agonist GW4064 Protects Lipopolysaccharide-Induced Intestinal Epithelial Barrier Function and Colorectal Tumorigenesis Signaling through the αKlotho/βKlotho/FGFs Pathways in Mice,2023,International Journal of Molecular Sciences,10.3390/ijms242316932,-1,"cancer, cell, treatment, patients, microbiota, immune, gut, therapy, disease, resistance"
"Feasibility and tolerability of sintilimab plus anlotinib as the second-line therapy for patients with advanced biliary tract cancers: An open-label, single-arm, phase II clinical trial",2023,International Journal of Cancer,10.1002/ijc.34372,-1,"cancer, cell, treatment, patients, microbiota, immune, gut, therapy, disease, resistance"
Next generation organoid engineering to replace animals in cancer drug testing,2023,Biochemical Pharmacology,10.1016/j.bcp.2023.115586,2,"cancer, tumor, immune, cell, resistance, pd, immunotherapy, checkpoint, drug, immune checkpoint"
An Insight into the Arising Role of MicroRNAs in Hepatocellular Carcinoma: Future Diagnostic and Therapeutic Approaches,2023,International Journal of Molecular Sciences,10.3390/ijms24087168,9,"hcc, liver, hepatocellular, carcinoma, hepatocellular carcinoma, tumor, immune, sorafenib, resistance, immunotherapy"
The preventative effects of Lactococcus Lactis metabolites against LPS-induced sepsis,2024,Frontiers in Microbiology,10.3389/fmicb.2024.1404652,-1,"cancer, cell, treatment, patients, microbiota, immune, gut, therapy, disease, resistance"
Mitochondrial dysfunction-associated microbiota establishes a transmissible refractory response to anti-TNF therapy during ulcerative colitis,2023,Gut Microbes,10.1080/19490976.2023.2266626,8,"colitis, ulcerative, ulcerative colitis, uc, disease, treatment, inflammatory, patients, pouch, therapy"
Mechanism and strategies of immunotherapy resistance in colorectal cancer,2022,Frontiers in Immunology,10.3389/fimmu.2022.1016646,1,"crc, colorectal, cancer, colorectal cancer, nucleatum, tumor, cells, microbiota, cell, resistance"
Characteristics of Gut Microbiota in Children With Biliary Atresia After Liver Transplantation,2021,Frontiers in Physiology,10.3389/fphys.2021.704313,6,"liver, bile, acid, protein, transporter, drug, bile acid, metabolism, transporters, ba"
The Emerging Role of Metformin in the Prevention and Treatment of Col-orectal Cancer: A Game Changer for the Management of Colorectal Cancer,2022,Current Diabetes Reviews,10.2174/1573399818666211105125129,1,"crc, colorectal, cancer, colorectal cancer, nucleatum, tumor, cells, microbiota, cell, resistance"
"Resistance to immunotherapy in human malignancies: Mechanisms, research progresses, challenges, and opportunities",2022,Journal of Cellular Physiology,10.1002/jcp.30575,2,"cancer, tumor, immune, cell, resistance, pd, immunotherapy, checkpoint, drug, immune checkpoint"
Trials and tribulations of pancreatic cancer immunotherapy,2021,Cancer Letters,10.1016/j.canlet.2021.01.031,3,"pancreatic, pancreatic cancer, pdac, cancer, ductal, adenocarcinoma, tumor, gemcitabine, pancreatic ductal, resistance"
Molecular mechanisms of polysaccharides from Ziziphus jujuba Mill var. spinosa seeds regulating the bioavailability of spinosin and preventing colitis,2020,International Journal of Biological Macromolecules,10.1016/j.ijbiomac.2020.07.229,-1,"cancer, cell, treatment, patients, microbiota, immune, gut, therapy, disease, resistance"
Comparison of Laboratory Methods for the Clinical Follow Up of Checkpoint Blockade Therapies in Leukemia: Current Status and Challenges Ahead,2022,Frontiers in Oncology,10.3389/fonc.2022.789728,2,"cancer, tumor, immune, cell, resistance, pd, immunotherapy, checkpoint, drug, immune checkpoint"
Molecular vulnerabilities and therapeutic resistance in hormone receptor positive and HER2 dependent breast cancer tumours,2022,Cancer Drug Resistance,10.20517/cdr.2022.10,2,"cancer, tumor, immune, cell, resistance, pd, immunotherapy, checkpoint, drug, immune checkpoint"
Uptake and Advanced Therapy of Butyrate in Inflammatory Bowel Disease,2022,Immuno,10.3390/immuno2040042,7,"ibd, disease, inflammatory, bowel, inflammatory bowel, bowel disease, colitis, crohn, crohn disease, intestinal"
Jianpi Huayu Decoction enhances the effect of sorafenib and alleviates adverse events in hepatocellular carcinoma by remodeling the gut microbiota,2022,Pharmacological Research - Modern Chinese Medicine,10.1016/j.prmcm.2022.100057,9,"hcc, liver, hepatocellular, carcinoma, hepatocellular carcinoma, tumor, immune, sorafenib, resistance, immunotherapy"
Host Immune Responses to Clostridioides difficile: Toxins and Beyond,2021,Frontiers in Microbiology,10.3389/fmicb.2021.804949,5,"fmt, difficile, transplantation, fecal, cdi, microbiota transplantation, fecal microbiota, microbiota, treatment, infection"
Targeting epigenetic and posttranslational modifications regulating ferroptosis for the treatment of diseases,2023,Signal Transduction and Targeted Therapy,10.1038/s41392-023-01720-0,2,"cancer, tumor, immune, cell, resistance, pd, immunotherapy, checkpoint, drug, immune checkpoint"
Fecal Microbiota Transplantation for Clostridioides difficile Infection in Immunocompromised Pediatric Patients,2023,Journal of Pediatric Gastroenterology and Nutrition,10.1097/MPG.0000000000003714,5,"fmt, difficile, transplantation, fecal, cdi, microbiota transplantation, fecal microbiota, microbiota, treatment, infection"
Efficacy of Infliximab Dose Escalation in Patients with Refractory Immunotherapy-Related Colitis: A Case Series,2022,Oncologist,10.1093/oncolo/oyac019,-1,"cancer, cell, treatment, patients, microbiota, immune, gut, therapy, disease, resistance"
Effect of gut microbiota on immune checkpoint inhibitor (ICI) based cancer immunotherapy,2021,Ceylon Journal of Science,10.4038/cjs.v50i4.7941,0,"microbiota, gut, cancer, microbiome, immune, immunotherapy, gut microbiota, tumor, patients, treatment"
Role of neutrophil interleukin-23 in spondyloarthropathy spectrum disorders,2023,The Lancet Rheumatology,10.1016/S2665-9913(22)00334-4,8,"colitis, ulcerative, ulcerative colitis, uc, disease, treatment, inflammatory, patients, pouch, therapy"
Ginkgo biloba leaf extract suppresses intestinal human breast cancer resistance protein expression in mice: Correlation with gut microbiota,2021,Biomedicine and Pharmacotherapy,10.1016/j.biopha.2021.111712,-1,"cancer, cell, treatment, patients, microbiota, immune, gut, therapy, disease, resistance"
Cancer Biology and Therapeutics: Navigating Recent Advances and Charting Future Directions,2023,Tropical Journal of Natural Product Research,10.26538/tjnpr/v7i12.4,2,"cancer, tumor, immune, cell, resistance, pd, immunotherapy, checkpoint, drug, immune checkpoint"
Reviewing cancer’s biology: an eclectic approach,2021,Journal of the Egyptian National Cancer Institute,10.1186/s43046-021-00088-y,2,"cancer, tumor, immune, cell, resistance, pd, immunotherapy, checkpoint, drug, immune checkpoint"
Fatal BK polyomavirus-associated pneumonia: report of two cases with literature review,2023,BMC Infectious Diseases,10.1186/s12879-023-08577-2,-1,"cancer, cell, treatment, patients, microbiota, immune, gut, therapy, disease, resistance"
The Role of Oxidative Stress in the Development and Therapeutic Intervention of Hepatocellular Carcinoma,2023,Current Cancer Drug Targets,10.2174/1568009623666230418121130,-1,"cancer, cell, treatment, patients, microbiota, immune, gut, therapy, disease, resistance"
Phages and their potential to modulate the microbiome and immunity,2021,Cellular and Molecular Immunology,10.1038/s41423-020-00532-4,4,"infection, infections, drug, resistant, aeruginosa, bacterial, phage, tb, mdr, animal"
Unlocking the Potential of the Human Microbiome for Identifying Disease Diagnostic Biomarkers,2022,Diagnostics,10.3390/diagnostics12071742,0,"microbiota, gut, cancer, microbiome, immune, immunotherapy, gut microbiota, tumor, patients, treatment"
Faecal microbiota transplantation enhances efficacy of immune checkpoint inhibitors therapy against cancer,2021,World Journal of Gastroenterology,10.3748/wjg.v27.i32.5362,0,"microbiota, gut, cancer, microbiome, immune, immunotherapy, gut microbiota, tumor, patients, treatment"
Pharmacomicrobiomics and type 2 diabetes mellitus: A novel perspective towards possible treatment,2023,Frontiers in Endocrinology,10.3389/fendo.2023.1149256,3,"pancreatic, pancreatic cancer, pdac, cancer, ductal, adenocarcinoma, tumor, gemcitabine, pancreatic ductal, resistance"
Paraprobiotics and postbiotics: Contemporary and promising natural antibiotics alternatives and their applications in the poultry field,2020,Open Veterinary Journal,10.4314/ovj.v10i3.11,4,"infection, infections, drug, resistant, aeruginosa, bacterial, phage, tb, mdr, animal"
Combination therapy of Lactobacillus plantarum supernatant and 5-fluouracil increases chemosensitivity in colorectal cancer cells,2016,Journal of Microbiology and Biotechnology,10.4014/jmb.1605.05024,1,"crc, colorectal, cancer, colorectal cancer, nucleatum, tumor, cells, microbiota, cell, resistance"
"Opioids in Cancer Development, Progression and Metastasis: Focus on Colorectal Cancer",2020,Current Treatment Options in Oncology,10.1007/s11864-019-0699-1,-1,"cancer, cell, treatment, patients, microbiota, immune, gut, therapy, disease, resistance"
Genomics of response to immune checkpoint therapies for cancer: implications for precision medicine,2018,Genome Medicine,10.1186/s13073-018-0605-7,2,"cancer, tumor, immune, cell, resistance, pd, immunotherapy, checkpoint, drug, immune checkpoint"
Breast and gut microbiota action mechanisms in breast cancer pathogenesis and treatment,2020,Cancers,10.3390/cancers12092465,0,"microbiota, gut, cancer, microbiome, immune, immunotherapy, gut microbiota, tumor, patients, treatment"
Future prospects of immune checkpoint blockade in cancer: from response prediction to overcoming resistance,2018,Experimental and Molecular Medicine,10.1038/s12276-018-0130-1,2,"cancer, tumor, immune, cell, resistance, pd, immunotherapy, checkpoint, drug, immune checkpoint"
Fecal microbiota transplantation for refractory Crohn's disease,2017,Intestinal Research,10.5217/ir.2017.15.2.244,5,"fmt, difficile, transplantation, fecal, cdi, microbiota transplantation, fecal microbiota, microbiota, treatment, infection"
Connecting the dots between inflammatory bowel disease and metabolic syndrome: A focus on gut-derived metabolites,2020,Nutrients,10.3390/nu12051434,7,"ibd, disease, inflammatory, bowel, inflammatory bowel, bowel disease, colitis, crohn, crohn disease, intestinal"
Role of the microbiota in hematologic malignancies,2019,Netherlands Journal of Medicine,,0,"microbiota, gut, cancer, microbiome, immune, immunotherapy, gut microbiota, tumor, patients, treatment"
Compositional and Temporal Changes in the Gut Microbiome of Pediatric Ulcerative Colitis Patients Are Linked to Disease Course,2018,Cell Host and Microbe,10.1016/j.chom.2018.09.009,8,"colitis, ulcerative, ulcerative colitis, uc, disease, treatment, inflammatory, patients, pouch, therapy"
Identification and Characterization of Trimethylamine-N-oxide Uptake and Efflux Transporters,2017,Molecular Pharmaceutics,10.1021/acs.molpharmaceut.6b00937,6,"liver, bile, acid, protein, transporter, drug, bile acid, metabolism, transporters, ba"
Yeast Extract Induces Apoptosis and Cell Cycle Arrest via Activating p38 Signal Pathway in Colorectal Cancer Cells,2020,Annals of Clinical and Laboratory Science,,1,"crc, colorectal, cancer, colorectal cancer, nucleatum, tumor, cells, microbiota, cell, resistance"
Current new challenges in the management of ulcerative colitis,2019,Intestinal Research,10.5217/ir.2018.00126,8,"colitis, ulcerative, ulcerative colitis, uc, disease, treatment, inflammatory, patients, pouch, therapy"
Current and future pharmacological therapies for managing cirrhosis and its complications,2019,World Journal of Gastroenterology,10.3748/wjg.v25.i8.888,-1,"cancer, cell, treatment, patients, microbiota, immune, gut, therapy, disease, resistance"
Effect of Baicalin on Bacterial Secondary Infection and Inflammation Caused by H9N2 AIV Infection in Chickens,2020,BioMed Research International,10.1155/2020/2524314,4,"infection, infections, drug, resistant, aeruginosa, bacterial, phage, tb, mdr, animal"
Bezlotoxumab: anti-toxin B monoclonal antibody to prevent recurrence of Clostridium difficile infection,2017,Expert Review of Gastroenterology and Hepatology,10.1080/17474124.2017.1344551,5,"fmt, difficile, transplantation, fecal, cdi, microbiota transplantation, fecal microbiota, microbiota, treatment, infection"
Recent Advances in Pathology: the 2019 Annual Review Issue of The Journal of Pathology,2019,Journal of Pathology,10.1002/path.5255,-1,"cancer, cell, treatment, patients, microbiota, immune, gut, therapy, disease, resistance"
Colonization with multidrug-resistant bacteria increases the risk of complications and a fatal outcome after allogeneic hematopoietic cell transplantation,2018,Annals of Hematology,10.1007/s00277-017-3205-5,10,"transplantation, gvhd, graft, graft versus, versus, versus host, acute, cell transplantation, host disease, agvhd"
Emerging roles for the intestinal microbiome in epilepsy,2020,Neurobiology of Disease,10.1016/j.nbd.2019.104576,0,"microbiota, gut, cancer, microbiome, immune, immunotherapy, gut microbiota, tumor, patients, treatment"
The importance of the microbiome in critically ill patients: Role of nutrition,2019,Nutrients,10.3390/nu11123002,0,"microbiota, gut, cancer, microbiome, immune, immunotherapy, gut microbiota, tumor, patients, treatment"
Mechanisms of molecular resistance and predictors of response to biological therapy in inflammatory bowel disease,2018,The Lancet Gastroenterology and Hepatology,10.1016/S2468-1253(18)30265-6,-1,"cancer, cell, treatment, patients, microbiota, immune, gut, therapy, disease, resistance"
"Microbiota of chronic diabetic wounds: Ecology, impact, and potential for innovative treatment strategies",2017,Frontiers in Microbiology,10.3389/fmicb.2017.01791,-1,"cancer, cell, treatment, patients, microbiota, immune, gut, therapy, disease, resistance"
Gut microbiota influences experimental outcomes in mouse models of colorectal cancer,2019,Genes,10.3390/genes10110900,1,"crc, colorectal, cancer, colorectal cancer, nucleatum, tumor, cells, microbiota, cell, resistance"
Microbial network disturbances in relapsing refractory Crohn’s disease,2019,Nature Medicine,10.1038/s41591-018-0308-z,7,"ibd, disease, inflammatory, bowel, inflammatory bowel, bowel disease, colitis, crohn, crohn disease, intestinal"
Treatment of inflammatory bowel disease from the immunological perspective,2020,Immunological Medicine,10.1080/25785826.2020.1751934,7,"ibd, disease, inflammatory, bowel, inflammatory bowel, bowel disease, colitis, crohn, crohn disease, intestinal"
The treatment of refractory ulcerative colitis,2018,Best Practice and Research: Clinical Gastroenterology,10.1016/j.bpg.2018.05.009,8,"colitis, ulcerative, ulcerative colitis, uc, disease, treatment, inflammatory, patients, pouch, therapy"
Gut microbiota: What impact on colorectal carcinogenesis and treatment?; [Le microbiote intestinal : quels impacts sur la carcinogenèse et le traitement du cancer colorectal ?],2018,Bulletin du Cancer,10.1016/j.bulcan.2017.10.025,1,"crc, colorectal, cancer, colorectal cancer, nucleatum, tumor, cells, microbiota, cell, resistance"
Nutraceuticals in colorectal cancer: A mechanistic approach,2018,European Journal of Pharmacology,10.1016/j.ejphar.2018.06.027,1,"crc, colorectal, cancer, colorectal cancer, nucleatum, tumor, cells, microbiota, cell, resistance"
Biomarkers for Response to Immune Checkpoint Blockade,2020,Annual Review of Cancer Biology,10.1146/annurev-cancerbio-030419-033604,2,"cancer, tumor, immune, cell, resistance, pd, immunotherapy, checkpoint, drug, immune checkpoint"
Differential activation of human pregnane X receptor PXR by isomeric mono-methylated indoles in intestinal and hepatic in vitro models,2020,Toxicology Letters,10.1016/j.toxlet.2020.02.010,6,"liver, bile, acid, protein, transporter, drug, bile acid, metabolism, transporters, ba"
Collective motion conceals fitness differences in crowded cellular populations,2019,Nature Ecology and Evolution,10.1038/s41559-018-0734-9,0,"microbiota, gut, cancer, microbiome, immune, immunotherapy, gut microbiota, tumor, patients, treatment"
Efficacy and safety of single fecal microbiota transplantation for Japanese patients with mild to moderately active ulcerative colitis,2017,Journal of Gastroenterology,10.1007/s00535-016-1271-4,5,"fmt, difficile, transplantation, fecal, cdi, microbiota transplantation, fecal microbiota, microbiota, treatment, infection"
Vancomycin-loaded nanoparticles enhance sporicidal and antibacterial efficacy for clostridium difficile infection,2019,Frontiers in Microbiology,10.3389/fmicb.2019.01141,-1,"cancer, cell, treatment, patients, microbiota, immune, gut, therapy, disease, resistance"
Clostridium difficile infection in ulcerative colitis: Can alteration of the gut-associated microbiome contribute to pouch failure?,2016,Inflammatory Bowel Diseases,10.1097/MIB.0000000000000710,8,"colitis, ulcerative, ulcerative colitis, uc, disease, treatment, inflammatory, patients, pouch, therapy"
Evaluation of cytokine levels as putative biomarkers to predict the pharmacological response to biologic therapy in inflammatory bowel diseases,2019,Minerva Gastroenterologica e Dietologica,10.23736/S1121-421X.19.02621-7,-1,"cancer, cell, treatment, patients, microbiota, immune, gut, therapy, disease, resistance"
Serendipity in refractory celiac disease: Full recovery of duodenal villi and clinical symptoms after fecal microbiota transfer,2016,Journal of Gastrointestinal and Liver Diseases,,5,"fmt, difficile, transplantation, fecal, cdi, microbiota transplantation, fecal microbiota, microbiota, treatment, infection"
Patients with enthesitis related arthritis show similar monocyte function pattern as seen in adult axial spondyloarthropathy,2020,Pediatric Rheumatology,10.1186/s12969-020-0403-9,7,"ibd, disease, inflammatory, bowel, inflammatory bowel, bowel disease, colitis, crohn, crohn disease, intestinal"
Improvement of Good’s syndrome by fecal microbiota transplantation: the first case report,2019,Journal of International Medical Research,10.1177/0300060519854913,5,"fmt, difficile, transplantation, fecal, cdi, microbiota transplantation, fecal microbiota, microbiota, treatment, infection"
Progress in characterizing the linkage between Fusobacterium nucleatum and gastrointestinal cancer,2019,Journal of Gastroenterology,10.1007/s00535-018-1512-9,1,"crc, colorectal, cancer, colorectal cancer, nucleatum, tumor, cells, microbiota, cell, resistance"
Coexisting cytomegalovirus infection in immunocompetent patients with Clostridium difficile colitis,2016,"Journal of Microbiology, Immunology and Infection",10.1016/j.jmii.2015.12.007,5,"fmt, difficile, transplantation, fecal, cdi, microbiota transplantation, fecal microbiota, microbiota, treatment, infection"
Resistance mechanism of PD-1/PD-L1 blockade in the cancer-immunity cycle,2020,OncoTargets and Therapy,10.2147/OTT.S239398,2,"cancer, tumor, immune, cell, resistance, pd, immunotherapy, checkpoint, drug, immune checkpoint"
Skin mycobiome of psoriasis patients is retained during treatment with TNF and IL-17 inhibitors,2020,International Journal of Molecular Sciences,10.3390/ijms21113892,0,"microbiota, gut, cancer, microbiome, immune, immunotherapy, gut microbiota, tumor, patients, treatment"
Multidonor intensive faecal microbiota transplantation for active ulcerative colitis: a randomised placebo-controlled trial,2017,The Lancet,10.1016/S0140-6736(17)30182-4,5,"fmt, difficile, transplantation, fecal, cdi, microbiota transplantation, fecal microbiota, microbiota, treatment, infection"
Clinical Management of Primary Biliary Cholangitis—Strategies and Evolving Trends,2020,Clinical Reviews in Allergy and Immunology,10.1007/s12016-019-08772-7,6,"liver, bile, acid, protein, transporter, drug, bile acid, metabolism, transporters, ba"
Miniaturized Cultivation of Microbiota for Antimalarial Drug Discovery,2016,Medicinal Research Reviews,10.1002/med.21335,4,"infection, infections, drug, resistant, aeruginosa, bacterial, phage, tb, mdr, animal"
Application of PD-1 Blockade in Cancer Immunotherapy,2019,Computational and Structural Biotechnology Journal,10.1016/j.csbj.2019.03.006,2,"cancer, tumor, immune, cell, resistance, pd, immunotherapy, checkpoint, drug, immune checkpoint"
Translating the gut microbiome: ready for the clinic?,2019,Nature Reviews Gastroenterology and Hepatology,10.1038/s41575-019-0204-0,0,"microbiota, gut, cancer, microbiome, immune, immunotherapy, gut microbiota, tumor, patients, treatment"
Plant-derived alkaloids: The promising disease-modifying agents for inflammatory bowel disease,2019,Frontiers in Pharmacology,10.3389/fphar.2019.00351,7,"ibd, disease, inflammatory, bowel, inflammatory bowel, bowel disease, colitis, crohn, crohn disease, intestinal"
Bacteroides ovatus ATCC 8483 monotherapy is superior to traditional fecal transplant and multi-strain bacteriotherapy in a murine colitis model,2019,Gut Microbes,10.1080/19490976.2018.1560753,5,"fmt, difficile, transplantation, fecal, cdi, microbiota transplantation, fecal microbiota, microbiota, treatment, infection"
Uraemic syndrome of chronic kidney disease: altered remote sensing and signalling,2019,Nature Reviews Nephrology,10.1038/s41581-019-0111-1,-1,"cancer, cell, treatment, patients, microbiota, immune, gut, therapy, disease, resistance"
Probiotic Lactobacillus rhamnosus GG Prevents Liver Fibrosis Through Inhibiting Hepatic Bile Acid Synthesis and Enhancing Bile Acid Excretion in Mice,2020,Hepatology,10.1002/hep.30975,6,"liver, bile, acid, protein, transporter, drug, bile acid, metabolism, transporters, ba"
"Approaches to treat immune hot, altered and cold tumours with combination immunotherapies",2019,Nature Reviews Drug Discovery,10.1038/s41573-018-0007-y,2,"cancer, tumor, immune, cell, resistance, pd, immunotherapy, checkpoint, drug, immune checkpoint"
Gastrointestinal and liver diseases and atrial fibrillation: a review of the literature,2019,Therapeutic Advances in Gastroenterology,10.1177/1756284819832237,-1,"cancer, cell, treatment, patients, microbiota, immune, gut, therapy, disease, resistance"
Propionate-producing bacteria in the intestine may associate with skewed responses of IL10-producing regulatory T cells in patients with relapsing polychondritis,2018,PLoS ONE,10.1371/journal.pone.0203657,-1,"cancer, cell, treatment, patients, microbiota, immune, gut, therapy, disease, resistance"
ADAM17 is required for EGF-R-induced intestinal tumors via IL-6 trans-signaling,2018,Journal of Experimental Medicine,10.1084/jem.20171696,-1,"cancer, cell, treatment, patients, microbiota, immune, gut, therapy, disease, resistance"
Rifaximin improves survival in cirrhotic patients with refractory ascites: A real-world study,2020,World Journal of Gastroenterology,10.3748/wjg.v26.i2.119,6,"liver, bile, acid, protein, transporter, drug, bile acid, metabolism, transporters, ba"
Proteins of the ABC Family and Inflammation,2019,Biochemistry (Moscow) Supplement Series A: Membrane and Cell Biology,10.1134/S1990747819020065,7,"ibd, disease, inflammatory, bowel, inflammatory bowel, bowel disease, colitis, crohn, crohn disease, intestinal"
Precision Oncology: The Road Ahead,2017,Trends in Molecular Medicine,10.1016/j.molmed.2017.08.003,2,"cancer, tumor, immune, cell, resistance, pd, immunotherapy, checkpoint, drug, immune checkpoint"
Treatment and unmet needs in steroid-refractory acute graft-versus-host disease,2020,Leukemia,10.1038/s41375-020-0804-2,10,"transplantation, gvhd, graft, graft versus, versus, versus host, acute, cell transplantation, host disease, agvhd"
"Susceptibility of lactic acid bacteria, bifidobacteria and other bacteria of intestinal origin to chemotherapeutic agents",2016,International Journal of Antimicrobial Agents,10.1016/j.ijantimicag.2016.07.011,-1,"cancer, cell, treatment, patients, microbiota, immune, gut, therapy, disease, resistance"
Intratumoral bacteria may elicit chemoresistance by metabolizing anticancer agents,2018,Molecular and Cellular Oncology,10.1080/23723556.2017.1405139,3,"pancreatic, pancreatic cancer, pdac, cancer, ductal, adenocarcinoma, tumor, gemcitabine, pancreatic ductal, resistance"
Ulcerative Colitis: Shifting Sands,2019,Drugs in R and D,10.1007/s40268-019-0263-2,8,"colitis, ulcerative, ulcerative colitis, uc, disease, treatment, inflammatory, patients, pouch, therapy"
Candida tropicalis isolates from Mexican Republic exhibit high susceptibility to bleomycin and variable susceptibility to hydrogen peroxide,2018,Microbial Drug Resistance,10.1089/mdr.2017.0253,4,"infection, infections, drug, resistant, aeruginosa, bacterial, phage, tb, mdr, animal"
Biological factors behind melanoma response to immune checkpoint inhibitors,2020,International Journal of Molecular Sciences,10.3390/ijms21114071,-1,"cancer, cell, treatment, patients, microbiota, immune, gut, therapy, disease, resistance"
Gut microbe-derived metabolite trimethylamine N-oxide activates the cardiac autonomic nervous system and facilitates ischemia-induced ventricular arrhythmia via two different pathways,2019,EBioMedicine,10.1016/j.ebiom.2019.03.066,-1,"cancer, cell, treatment, patients, microbiota, immune, gut, therapy, disease, resistance"
Arsenic and the gastrointestinal tract microbiome,2020,Environmental Microbiology Reports,10.1111/1758-2229.12814,-1,"cancer, cell, treatment, patients, microbiota, immune, gut, therapy, disease, resistance"
Resistance Mechanisms to Immune-Checkpoint Blockade in Cancer: Tumor-Intrinsic and -Extrinsic Factors,2016,Immunity,10.1016/j.immuni.2016.06.001,2,"cancer, tumor, immune, cell, resistance, pd, immunotherapy, checkpoint, drug, immune checkpoint"
Targeting gut microbiota for precision medicine: Focusing on the efficacy and toxicity of drugs,2020,Theranostics,10.7150/thno.47289,0,"microbiota, gut, cancer, microbiome, immune, immunotherapy, gut microbiota, tumor, patients, treatment"
An integral view of cancer (II). Fields of investigation and emerging biomarkers; [Una visión integral del cáncer (II). Campos de estudio y biomarcadores emergentes],2019,Revista Espanola de Patologia,10.1016/j.patol.2019.04.005,2,"cancer, tumor, immune, cell, resistance, pd, immunotherapy, checkpoint, drug, immune checkpoint"
Toll-like receptors in the pathogenesis of chemotherapy-induced gastrointestinal toxicity,2016,Current Opinion in Supportive and Palliative Care,10.1097/SPC.0000000000000202,-1,"cancer, cell, treatment, patients, microbiota, immune, gut, therapy, disease, resistance"
The Protective Effect of Polyphenols for Colorectal Cancer,2020,Frontiers in Immunology,10.3389/fimmu.2020.01407,1,"crc, colorectal, cancer, colorectal cancer, nucleatum, tumor, cells, microbiota, cell, resistance"
Pharmacomicrobiomics: exploiting the drug-microbiota interactions in anticancer therapies,2018,Microbiome,10.1186/s40168-018-0483-7,-1,"cancer, cell, treatment, patients, microbiota, immune, gut, therapy, disease, resistance"
The Regulation of Host Intestinal Microbiota by Polyphenols in the Development and Prevention of Chronic Kidney Disease,2020,Frontiers in Immunology,10.3389/fimmu.2019.02981,-1,"cancer, cell, treatment, patients, microbiota, immune, gut, therapy, disease, resistance"
Immunotherapy in Colorectal Cancer: Potential of Fecal Transplant and Microbiota-Augmented Clinical Trials,2020,Current Colorectal Cancer Reports,10.1007/s11888-020-00456-1,1,"crc, colorectal, cancer, colorectal cancer, nucleatum, tumor, cells, microbiota, cell, resistance"
Review article: bacteriophages in gastroenterology—from biology to clinical applications,2020,Alimentary Pharmacology and Therapeutics,10.1111/apt.15557,0,"microbiota, gut, cancer, microbiome, immune, immunotherapy, gut microbiota, tumor, patients, treatment"
Microbiota-derived SSL6 enhances the sensitivity of hepatocellular carcinoma to sorafenib by down-regulating glycolysis,2020,Cancer Letters,10.1016/j.canlet.2020.03.027,9,"hcc, liver, hepatocellular, carcinoma, hepatocellular carcinoma, tumor, immune, sorafenib, resistance, immunotherapy"
The dirty aspects of fecal microbiota transplantation: a review of its adverse effects and complications,2019,Current Opinion in Pharmacology,10.1016/j.coph.2019.04.008,5,"fmt, difficile, transplantation, fecal, cdi, microbiota transplantation, fecal microbiota, microbiota, treatment, infection"
Strategies for increasing pancreatic tumor immunogenicity,2017,Clinical Cancer Research,10.1158/1078-0432.CCR-16-2318,3,"pancreatic, pancreatic cancer, pdac, cancer, ductal, adenocarcinoma, tumor, gemcitabine, pancreatic ductal, resistance"
Emerging therapeutic targets and strategies in Crohn’s disease,2016,Expert Review of Gastroenterology and Hepatology,10.1586/17474124.2016.1142372,7,"ibd, disease, inflammatory, bowel, inflammatory bowel, bowel disease, colitis, crohn, crohn disease, intestinal"
The Gut Microbiota and the Hepatologist: Will Our Bugs Prove to be the Missing Link?,2017,Digestive Diseases,10.1159/000456590,0,"microbiota, gut, cancer, microbiome, immune, immunotherapy, gut microbiota, tumor, patients, treatment"
Recent developments and highlights in food allergy,2019,Allergy: European Journal of Allergy and Clinical Immunology,10.1111/all.14082,-1,"cancer, cell, treatment, patients, microbiota, immune, gut, therapy, disease, resistance"
"Pancreatic cancer: ""A riddle wrapped in a mystery inside an enigma""",2017,Clinical Cancer Research,10.1158/1078-0432.CCR-16-2070,3,"pancreatic, pancreatic cancer, pdac, cancer, ductal, adenocarcinoma, tumor, gemcitabine, pancreatic ductal, resistance"
Current and novel therapeutic strategies in celiac disease,2016,Expert Review of Clinical Pharmacology,10.1080/17512433.2016.1200463,-1,"cancer, cell, treatment, patients, microbiota, immune, gut, therapy, disease, resistance"
Cutaneous melanoma and the immunotherapy revolution (Review),2020,International Journal of Oncology,10.3892/ijo.2020.5088,-1,"cancer, cell, treatment, patients, microbiota, immune, gut, therapy, disease, resistance"
Predictors of steroid non-response and new approaches in severe alcoholic hepatitis,2020,Clinical and Molecular Hepatology,10.3350/cmh.2020.0196,9,"hcc, liver, hepatocellular, carcinoma, hepatocellular carcinoma, tumor, immune, sorafenib, resistance, immunotherapy"
Emerging treatments for primary sclerosing cholangitis,2017,Expert Review of Gastroenterology and Hepatology,10.1080/17474124.2017.1293524,6,"liver, bile, acid, protein, transporter, drug, bile acid, metabolism, transporters, ba"
Biofilm Formation and Virulence Determinants of Klebsiella oxytoca Clinical Isolates from Patients with Colorectal Cancer,2020,Journal of Gastrointestinal Cancer,10.1007/s12029-019-00317-7,4,"infection, infections, drug, resistant, aeruginosa, bacterial, phage, tb, mdr, animal"
Butyric acid increases the therapeutic effect of EHLJ7 on ulcerative colitis by inhibiting JAK2/STAT3/SOCS1 signaling pathway,2020,Frontiers in Pharmacology,10.3389/fphar.2019.01553,8,"colitis, ulcerative, ulcerative colitis, uc, disease, treatment, inflammatory, patients, pouch, therapy"
DNA Mismatch Repair Deficiency and Immune Checkpoint Inhibitors in Gastrointestinal Cancers,2019,Gastroenterology,10.1053/j.gastro.2018.11.071,-1,"cancer, cell, treatment, patients, microbiota, immune, gut, therapy, disease, resistance"
"Epidemiology, Diagnosis, and Management of Clostridium difficile Infection in Patients with Inflammatory Bowel Disease",2016,Inflammatory Bowel Diseases,10.1097/MIB.0000000000000793,5,"fmt, difficile, transplantation, fecal, cdi, microbiota transplantation, fecal microbiota, microbiota, treatment, infection"
"Mycobacterium tuberculosis, antimicrobials, immunity, and lung–gut microbiota crosstalk: current updates and emerging advances",2020,Annals of the New York Academy of Sciences,10.1111/nyas.14300,-1,"cancer, cell, treatment, patients, microbiota, immune, gut, therapy, disease, resistance"
Metabolic dysfunction and asthma: Current perspectives,2020,Journal of Asthma and Allergy,10.2147/JAA.S208823,-1,"cancer, cell, treatment, patients, microbiota, immune, gut, therapy, disease, resistance"
Understanding genomics and the immune environment of penile cancer to improve therapy,2020,Nature Reviews Urology,10.1038/s41585-020-0359-z,3,"pancreatic, pancreatic cancer, pdac, cancer, ductal, adenocarcinoma, tumor, gemcitabine, pancreatic ductal, resistance"
Autoimmune complications of immunotherapy: pathophysiology and management,2020,The BMJ,10.1136/bmj.m736,2,"cancer, tumor, immune, cell, resistance, pd, immunotherapy, checkpoint, drug, immune checkpoint"
Finding the hot spot: Identifying immune sensitive gastrointestinal tumors,2020,Translational Gastroenterology and Hepatology,10.21037/tgh.2019.12.11,2,"cancer, tumor, immune, cell, resistance, pd, immunotherapy, checkpoint, drug, immune checkpoint"
Metabolic plasticity of acute myeloid leukemia,2019,Cells,10.3390/cells8080805,-1,"cancer, cell, treatment, patients, microbiota, immune, gut, therapy, disease, resistance"
Chronic lung disease in common variable immune deficiency (CVID): A pathophysiological role for microbial and non-B cell immune factors,2017,Critical Reviews in Microbiology,10.1080/1040841X.2016.1268568,-1,"cancer, cell, treatment, patients, microbiota, immune, gut, therapy, disease, resistance"
Bezlotoxumab use as adjunctive therapy with the third fecal microbiota transplant in refractory recurrent Clostridium difficile colitis; a case report and concise literature review,2019,Anaerobe,10.1016/j.anaerobe.2018.11.010,5,"fmt, difficile, transplantation, fecal, cdi, microbiota transplantation, fecal microbiota, microbiota, treatment, infection"
MUC1-C in chronic inflammation and carcinogenesis; Emergence as a target for cancer treatment,2020,Carcinogenesis,10.1093/carcin/bgaa082,2,"cancer, tumor, immune, cell, resistance, pd, immunotherapy, checkpoint, drug, immune checkpoint"
Glucuronidation: driving factors and their impact on glucuronide disposition,2017,Drug Metabolism Reviews,10.1080/03602532.2017.1293682,6,"liver, bile, acid, protein, transporter, drug, bile acid, metabolism, transporters, ba"
Efficacy of food supplement Acidif plus® in the treatment of uncomplicated UTIs in women: A pilot observational study,2020,Minerva Ginecologica,10.23736/S0026-4784.20.04495-0,4,"infection, infections, drug, resistant, aeruginosa, bacterial, phage, tb, mdr, animal"
Ileostomy for steroid-resistant acute graft-versus-host disease of the gastrointestinal tract,2019,Annals of Hematology,10.1007/s00277-019-03754-3,10,"transplantation, gvhd, graft, graft versus, versus, versus host, acute, cell transplantation, host disease, agvhd"
Faecal microbiota transplantation in the treatment of Clostridioides difficile infection,2020,Human Microbiome Journal,10.1016/j.humic.2020.100070,5,"fmt, difficile, transplantation, fecal, cdi, microbiota transplantation, fecal microbiota, microbiota, treatment, infection"
The early life microbiota protects neonatal mice from pathological small intestinal epithelial cell shedding,2020,FASEB Journal,10.1096/fj.202000042R,0,"microbiota, gut, cancer, microbiome, immune, immunotherapy, gut microbiota, tumor, patients, treatment"
Immune Checkpoint Inhibitors in Hepatocellular Cancer: Current Understanding on Mechanisms of Resistance and Biomarkers of Response to Treatment,2020,Gene Expression The Journal of Liver Research,10.3727/105221620X15880179864121,9,"hcc, liver, hepatocellular, carcinoma, hepatocellular carcinoma, tumor, immune, sorafenib, resistance, immunotherapy"
Intestinal epithelial cell-specific deletion of α-mannosidase II ameliorates experimental colitis,2018,Cell Structure and Function,10.1247/csf.17022,7,"ibd, disease, inflammatory, bowel, inflammatory bowel, bowel disease, colitis, crohn, crohn disease, intestinal"
Gut microbiota: a new player in regulating immune- And chemo-therapy efficacy,2020,Cancer Drug Resistance,10.20517/cdr.2020.04,0,"microbiota, gut, cancer, microbiome, immune, immunotherapy, gut microbiota, tumor, patients, treatment"
Intestinal and systemic immune responses upon multi-drug resistant Pseudomonas aeruginosa colonization of mice harboring a human gut microbiota,2017,Frontiers in Microbiology,10.3389/fmicb.2017.02590,4,"infection, infections, drug, resistant, aeruginosa, bacterial, phage, tb, mdr, animal"
A review of mechanisms of resistance to immune checkpoint inhibitors and potential strategies for therapy,2020,Cancer Drug Resistance,10.20517/cdr.2020.11,2,"cancer, tumor, immune, cell, resistance, pd, immunotherapy, checkpoint, drug, immune checkpoint"
Comparison of Different Strategies for Providing Fecal Microbiota Transplantation to Treat Patients with Recurrent Clostridium difficile Infection in Two English Hospitals: A Review,2018,Infectious Diseases and Therapy,10.1007/s40121-018-0189-y,5,"fmt, difficile, transplantation, fecal, cdi, microbiota transplantation, fecal microbiota, microbiota, treatment, infection"
Rational Cancer Treatment Combinations: An Urgent Clinical Need,2020,Molecular Cell,10.1016/j.molcel.2020.05.031,2,"cancer, tumor, immune, cell, resistance, pd, immunotherapy, checkpoint, drug, immune checkpoint"
Emerging therapies in primary sclerosing cholangitis: pathophysiological basis and clinical opportunities,2020,Journal of Gastroenterology,10.1007/s00535-020-01681-z,6,"liver, bile, acid, protein, transporter, drug, bile acid, metabolism, transporters, ba"
Recent advances and emerging therapies in the non-surgical management of ulcerative colitis,2018,F1000Research,10.12688/f1000research.15159.1,8,"colitis, ulcerative, ulcerative colitis, uc, disease, treatment, inflammatory, patients, pouch, therapy"
Fecal microbiota transplantation with frozen capsules for a patient with refractory acute gut graft-versus-host disease,2018,Blood Advances,10.1182/bloodadvances.2018024968,5,"fmt, difficile, transplantation, fecal, cdi, microbiota transplantation, fecal microbiota, microbiota, treatment, infection"
The systems biology of uric acid transporters: The role of remote sensing and signaling,2018,Current Opinion in Nephrology and Hypertension,10.1097/MNH.0000000000000427,6,"liver, bile, acid, protein, transporter, drug, bile acid, metabolism, transporters, ba"
One year in review 2016: Behçet's syndrome,2016,Clinical and Experimental Rheumatology,,-1,"cancer, cell, treatment, patients, microbiota, immune, gut, therapy, disease, resistance"
Induction of CD8 T cell cytotoxicity by fecal bacteria from healthy individuals and colorectal cancer patients,2019,Biochemical and Biophysical Research Communications,10.1016/j.bbrc.2019.06.078,-1,"cancer, cell, treatment, patients, microbiota, immune, gut, therapy, disease, resistance"
The effect of cyclophosphamide on the immune system: implications for clinical cancer therapy,2016,Cancer Chemotherapy and Pharmacology,10.1007/s00280-016-3152-1,2,"cancer, tumor, immune, cell, resistance, pd, immunotherapy, checkpoint, drug, immune checkpoint"
"Microbiome patterns in matched bile, duodenal, pancreatic tumor tissue, drainage, and stool samples: Association with preoperative stenting and postoperative pancreatic fistula development",2020,Journal of Clinical Medicine,10.3390/jcm9092785,3,"pancreatic, pancreatic cancer, pdac, cancer, ductal, adenocarcinoma, tumor, gemcitabine, pancreatic ductal, resistance"
Gut microbiota-derived indole 3-propionic acid protects against radiation toxicity via retaining acyl-CoA-binding protein,2020,Microbiome,10.1186/s40168-020-00845-6,5,"fmt, difficile, transplantation, fecal, cdi, microbiota transplantation, fecal microbiota, microbiota, treatment, infection"
The tumor organismal environment: Role in tumor development and cancer immunotherapy,2020,Seminars in Cancer Biology,10.1016/j.semcancer.2019.12.021,2,"cancer, tumor, immune, cell, resistance, pd, immunotherapy, checkpoint, drug, immune checkpoint"
Ocular manifestations of inflammatory bowel disease,2016,Current Opinion in Ophthalmology,10.1097/ICU.0000000000000310,7,"ibd, disease, inflammatory, bowel, inflammatory bowel, bowel disease, colitis, crohn, crohn disease, intestinal"
New treatment options for alcoholic hepatitis,2016,World Journal of Gastroenterology,10.3748/wjg.v22.i15.3892,9,"hcc, liver, hepatocellular, carcinoma, hepatocellular carcinoma, tumor, immune, sorafenib, resistance, immunotherapy"
Microbiota-derived uremic retention solutes: perpetrators of altered nonrenal drug clearance in kidney disease,2018,Expert Review of Clinical Pharmacology,10.1080/17512433.2018.1378095,0,"microbiota, gut, cancer, microbiome, immune, immunotherapy, gut microbiota, tumor, patients, treatment"
Gut Microbiota Metabolite Fights Against Dietary Polysorbate 80-Aggravated Radiation Enteritis,2020,Frontiers in Microbiology,10.3389/fmicb.2020.01450,-1,"cancer, cell, treatment, patients, microbiota, immune, gut, therapy, disease, resistance"
Severe asthma phenotypes and endotypes,2019,Seminars in Immunology,10.1016/j.smim.2019.101301,-1,"cancer, cell, treatment, patients, microbiota, immune, gut, therapy, disease, resistance"
Update on infection control practices in cancer hospitals,2018,CA Cancer Journal for Clinicians,10.3322/caac.21462,2,"cancer, tumor, immune, cell, resistance, pd, immunotherapy, checkpoint, drug, immune checkpoint"
Diagnostic and therapeutic value of micro-RNAs in inflammatory bowel disease,2020,Biomedical Research and Therapy,10.15419/bmrat.v7i2.589,7,"ibd, disease, inflammatory, bowel, inflammatory bowel, bowel disease, colitis, crohn, crohn disease, intestinal"
Management of difficult-to-treat Clostridioides difficile in a patient with chronic osteomyelitis,2020,BMJ Case Reports,10.1136/bcr-2019-233095,5,"fmt, difficile, transplantation, fecal, cdi, microbiota transplantation, fecal microbiota, microbiota, treatment, infection"
Impact of microbial derived secondary bile acids on colonization resistance against Clostridium difficile in the gastrointestinal tract,2016,Anaerobe,10.1016/j.anaerobe.2016.05.003,-1,"cancer, cell, treatment, patients, microbiota, immune, gut, therapy, disease, resistance"
Management of microscopic colitis: Challenges and solutions,2019,Clinical and Experimental Gastroenterology,10.2147/CEG.S165047,8,"colitis, ulcerative, ulcerative colitis, uc, disease, treatment, inflammatory, patients, pouch, therapy"
Circadian rhythms of liver physiology and disease: Experimental and clinical evidence,2016,Nature Reviews Gastroenterology and Hepatology,10.1038/nrgastro.2016.8,-1,"cancer, cell, treatment, patients, microbiota, immune, gut, therapy, disease, resistance"
Emerging Insights on the Interaction Between Anticancer and Immunosuppressant Drugs and Intestinal Microbiota in Pediatric Patients,2020,Clinical and Translational Science,10.1111/cts.12722,-1,"cancer, cell, treatment, patients, microbiota, immune, gut, therapy, disease, resistance"
Pharmacogenetics in inflammatory bowel disease: Understanding treatment response and personalizing therapeutic strategies,2017,Pharmacogenomics and Personalized Medicine,10.2147/PGPM.S109648,7,"ibd, disease, inflammatory, bowel, inflammatory bowel, bowel disease, colitis, crohn, crohn disease, intestinal"
Gut roundtable meeting paper: Selected recent advances in hepatocellular carcinoma,2018,Gut,10.1136/gutjnl-2017-315068,9,"hcc, liver, hepatocellular, carcinoma, hepatocellular carcinoma, tumor, immune, sorafenib, resistance, immunotherapy"
Intrahepatic CD206+ macrophages contribute to inflammation in advanced viral-related liver disease,2017,Journal of Hepatology,10.1016/j.jhep.2017.04.023,-1,"cancer, cell, treatment, patients, microbiota, immune, gut, therapy, disease, resistance"
Microbiota Replacement Therapies: Innovation in Gastrointestinal Care,2018,Clinical Pharmacology and Therapeutics,10.1002/cpt.923,0,"microbiota, gut, cancer, microbiome, immune, immunotherapy, gut microbiota, tumor, patients, treatment"
The evolving landscape of biomarkers for anti-pd-1 or anti-pd-l1 therapy,2019,Journal of Clinical Medicine,10.3390/jcm8101534,2,"cancer, tumor, immune, cell, resistance, pd, immunotherapy, checkpoint, drug, immune checkpoint"
Understanding and overcoming the resistance of cancer to PD-1/PD-L1 blockade,2019,Pharmacological Research,10.1016/j.phrs.2019.104258,2,"cancer, tumor, immune, cell, resistance, pd, immunotherapy, checkpoint, drug, immune checkpoint"
Microbiota modification in hematology: Still at the bench or ready for the bedside?,2019,Blood Advances,10.1182/bloodadvances.2019000365,0,"microbiota, gut, cancer, microbiome, immune, immunotherapy, gut microbiota, tumor, patients, treatment"
"The Influence of Lung Microbiota on Lung Carcinogenesis, Immunity, and Immunotherapy",2020,Trends in Cancer,10.1016/j.trecan.2019.12.007,0,"microbiota, gut, cancer, microbiome, immune, immunotherapy, gut microbiota, tumor, patients, treatment"
The Basis of Oncoimmunology,2016,Cell,10.1016/j.cell.2016.01.049,2,"cancer, tumor, immune, cell, resistance, pd, immunotherapy, checkpoint, drug, immune checkpoint"
Phage-guided modulation of the gut microbiota of mouse models of colorectal cancer augments their responses to chemotherapy,2019,Nature Biomedical Engineering,10.1038/s41551-019-0423-2,1,"crc, colorectal, cancer, colorectal cancer, nucleatum, tumor, cells, microbiota, cell, resistance"
Effects of chronic dexamethasone exposure on bile acid metabolism and cecal epithelia function in goats,2018,Domestic Animal Endocrinology,10.1016/j.domaniend.2018.05.005,6,"liver, bile, acid, protein, transporter, drug, bile acid, metabolism, transporters, ba"
The Systems Biology of Drug Metabolizing Enzymes and Transporters: Relevance to Quantitative Systems Pharmacology,2020,Clinical Pharmacology and Therapeutics,10.1002/cpt.1818,6,"liver, bile, acid, protein, transporter, drug, bile acid, metabolism, transporters, ba"
Looking beyond the cancer cell for effective drug combinations,2016,Genome Medicine,10.1186/s13073-016-0379-8,2,"cancer, tumor, immune, cell, resistance, pd, immunotherapy, checkpoint, drug, immune checkpoint"
Effect of preoperative biliary drainage on bacterial flora in bile of patients with periampullary cancer,2017,British Journal of Surgery,10.1002/bjs.10450,6,"liver, bile, acid, protein, transporter, drug, bile acid, metabolism, transporters, ba"
"Faecal microbiota transplantation: Indications, evidence and safety",2020,Australian Prescriber,10.18773/austprescr.2020.014,0,"microbiota, gut, cancer, microbiome, immune, immunotherapy, gut microbiota, tumor, patients, treatment"
ROS-modulated therapeutic approaches in cancer treatment,2017,Journal of Cancer Research and Clinical Oncology,10.1007/s00432-017-2464-9,2,"cancer, tumor, immune, cell, resistance, pd, immunotherapy, checkpoint, drug, immune checkpoint"
New treatment strategies for ulcerative colitis,2017,Expert Review of Clinical Immunology,10.1080/1744666X.2017.1343668,8,"colitis, ulcerative, ulcerative colitis, uc, disease, treatment, inflammatory, patients, pouch, therapy"
Treating steroid refractory intestinal acute graft-vs.-Host disease with fecal microbiota transplantation: A pilot study,2018,Frontiers in Immunology,10.3389/fimmu.2018.02195,-1,"cancer, cell, treatment, patients, microbiota, immune, gut, therapy, disease, resistance"
Exploring the emerging role of the microbiome in cancer immunotherapy,2019,Journal for ImmunoTherapy of Cancer,10.1186/s40425-019-0574-4,0,"microbiota, gut, cancer, microbiome, immune, immunotherapy, gut microbiota, tumor, patients, treatment"
"The long-term efficacy and safety of fecal microbiota transplant for recurrent, severe, and complicated clostridium difficile infection in 146 elderly individuals",2016,Journal of Clinical Gastroenterology,10.1097/MCG.0000000000000410,5,"fmt, difficile, transplantation, fecal, cdi, microbiota transplantation, fecal microbiota, microbiota, treatment, infection"
Fecal microbiota transplantation is a rescue treatment modality for refractory ulcerative colitis,2017,Medicine (United States),10.1097/MD.0000000000006479,5,"fmt, difficile, transplantation, fecal, cdi, microbiota transplantation, fecal microbiota, microbiota, treatment, infection"
Aiding and abetting: How the tumor microenvironment protects cancer from chemotherapy,2019,Annual Review of Cancer Biology,10.1146/annurev-cancerbio-030518-055524,2,"cancer, tumor, immune, cell, resistance, pd, immunotherapy, checkpoint, drug, immune checkpoint"
HCV eradication does not impact gut dysbiosis or systemic inflammation in cirrhotic patients,2016,Alimentary Pharmacology and Therapeutics,10.1111/apt.13732,-1,"cancer, cell, treatment, patients, microbiota, immune, gut, therapy, disease, resistance"
Recent insights into the molecular pathogenesis of Crohn’s disease: A review of emerging therapeutic targets,2016,Clinical and Experimental Gastroenterology,10.2147/CEG.S53381,7,"ibd, disease, inflammatory, bowel, inflammatory bowel, bowel disease, colitis, crohn, crohn disease, intestinal"
Diagnostic and management approach to pouchitis in inflammatory bowel disease; [Abordagem diagnóstica e de manuseio da pouchite em doença inflamatória intestinal],2020,Arquivos de Gastroenterologia,10.1590/S0004-2803.202000000-17,8,"colitis, ulcerative, ulcerative colitis, uc, disease, treatment, inflammatory, patients, pouch, therapy"
High prevalence of MDR gram-negative bacteria in feces of healthy blood donors in Mexico,2020,European Journal of Clinical Microbiology and Infectious Diseases,10.1007/s10096-020-03858-z,-1,"cancer, cell, treatment, patients, microbiota, immune, gut, therapy, disease, resistance"
